operation,library,input_id,magnitude,vector_a,vector_b,matrix,quaternion,actual_output,independent_long_double_oracle,max_abs_error,passed
vector_add,Vectoris,0,1e-09,"[1.161879471170269e-09, 8.44319530332419e-10, 1.1941939014182526e-09]","[5.989612953806611e-10, 9.426573284208318e-10, 1.2298288396871217e-09]","[2.0948838045003205e-09, -3.932605756524321e-12, -3.577418839954607e-11, -7.925124994085522e-11, 2.0639645683961173e-09, -2.1713004330476385e-11, 6.358103218516611e-11, 5.88815928189106e-12, 2.0149515845957286e-09]","[0.9274857234880097, 0.11447967604395723, 0.11281442516849256, -0.3375463552946413]","[1.76084076655093e-09, 1.7869768587532507e-09, 2.4240227411053746e-09]","[1.76084076655093e-09, 1.7869768587532507e-09, 2.424022741105374e-09]",2.0679515313825692e-25,True
vector_add,Vectoris,1,1,"[0.8504010357412088, 1.24300365713135, 1.2560054807842775]","[1.3873751055285175, 0.6082215815972852, 1.3077730342763871]","[1.945769908529422, -0.02075453362373847, 0.09276226205942213, 0.033947980856456894, 1.9767084861983004, -0.03875308931723945, -0.08752994451109584, 0.03472055394990912, 2.043444976732538]","[0.7873951838665527, -0.4159445408644089, 0.25098447561402604, -0.3794809038009763]","[2.2377761412697263, 1.8512252387286354, 2.5637785150606645]","[2.2377761412697263, 1.8512252387286352, 2.5637785150606645]",2.220446049250313e-16,True
vector_add,Vectoris,2,1000000000000,"[1251218367987.295, 1263398499445.708, 1196439335522.4617]","[889471583359.2222, 1387452740350.7996, 1198616994535.5376]","[1966250055993.725, 53201326746.19782, -94675065973.51653, -77307288145.71173, 2078159279314.4773, 49711972034.18998, -52358056331.97752, 40974424372.96557, 2059132541961.7878]","[0.8027190792870906, 0.518690988424941, 0.17682674073466093, -0.235231889922264]","[2140689951346.517, 2650851239796.508, 2395056330057.999]","[2140689951346.517, 2650851239796.508, 2395056330057.9995]",0.000244140625,True
vector_add,Eigen,0,1e-09,"[1.161879471170269e-09, 8.44319530332419e-10, 1.1941939014182526e-09]","[5.989612953806611e-10, 9.426573284208318e-10, 1.2298288396871217e-09]","[2.0948838045003205e-09, -3.932605756524321e-12, -3.577418839954607e-11, -7.925124994085522e-11, 2.0639645683961173e-09, -2.1713004330476385e-11, 6.358103218516611e-11, 5.88815928189106e-12, 2.0149515845957286e-09]","[0.9274857234880097, 0.11447967604395723, 0.11281442516849256, -0.3375463552946413]","[1.76084076655093e-09, 1.7869768587532507e-09, 2.4240227411053746e-09]","[1.76084076655093e-09, 1.7869768587532507e-09, 2.424022741105374e-09]",2.0679515313825692e-25,True
vector_add,Eigen,1,1,"[0.8504010357412088, 1.24300365713135, 1.2560054807842775]","[1.3873751055285175, 0.6082215815972852, 1.3077730342763871]","[1.945769908529422, -0.02075453362373847, 0.09276226205942213, 0.033947980856456894, 1.9767084861983004, -0.03875308931723945, -0.08752994451109584, 0.03472055394990912, 2.043444976732538]","[0.7873951838665527, -0.4159445408644089, 0.25098447561402604, -0.3794809038009763]","[2.2377761412697263, 1.8512252387286354, 2.5637785150606645]","[2.2377761412697263, 1.8512252387286352, 2.5637785150606645]",2.220446049250313e-16,True
vector_add,Eigen,2,1000000000000,"[1251218367987.295, 1263398499445.708, 1196439335522.4617]","[889471583359.2222, 1387452740350.7996, 1198616994535.5376]","[1966250055993.725, 53201326746.19782, -94675065973.51653, -77307288145.71173, 2078159279314.4773, 49711972034.18998, -52358056331.97752, 40974424372.96557, 2059132541961.7878]","[0.8027190792870906, 0.518690988424941, 0.17682674073466093, -0.235231889922264]","[2140689951346.517, 2650851239796.508, 2395056330057.999]","[2140689951346.517, 2650851239796.508, 2395056330057.9995]",0.000244140625,True
vector_add,GLM,0,1e-09,"[1.161879471170269e-09, 8.44319530332419e-10, 1.1941939014182526e-09]","[5.989612953806611e-10, 9.426573284208318e-10, 1.2298288396871217e-09]","[2.0948838045003205e-09, -3.932605756524321e-12, -3.577418839954607e-11, -7.925124994085522e-11, 2.0639645683961173e-09, -2.1713004330476385e-11, 6.358103218516611e-11, 5.88815928189106e-12, 2.0149515845957286e-09]","[0.9274857234880097, 0.11447967604395723, 0.11281442516849256, -0.3375463552946413]","[1.76084076655093e-09, 1.7869768587532507e-09, 2.4240227411053746e-09]","[1.76084076655093e-09, 1.7869768587532507e-09, 2.424022741105374e-09]",2.0679515313825692e-25,True
vector_add,GLM,1,1,"[0.8504010357412088, 1.24300365713135, 1.2560054807842775]","[1.3873751055285175, 0.6082215815972852, 1.3077730342763871]","[1.945769908529422, -0.02075453362373847, 0.09276226205942213, 0.033947980856456894, 1.9767084861983004, -0.03875308931723945, -0.08752994451109584, 0.03472055394990912, 2.043444976732538]","[0.7873951838665527, -0.4159445408644089, 0.25098447561402604, -0.3794809038009763]","[2.2377761412697263, 1.8512252387286354, 2.5637785150606645]","[2.2377761412697263, 1.8512252387286352, 2.5637785150606645]",2.220446049250313e-16,True
vector_add,GLM,2,1000000000000,"[1251218367987.295, 1263398499445.708, 1196439335522.4617]","[889471583359.2222, 1387452740350.7996, 1198616994535.5376]","[1966250055993.725, 53201326746.19782, -94675065973.51653, -77307288145.71173, 2078159279314.4773, 49711972034.18998, -52358056331.97752, 40974424372.96557, 2059132541961.7878]","[0.8027190792870906, 0.518690988424941, 0.17682674073466093, -0.235231889922264]","[2140689951346.517, 2650851239796.508, 2395056330057.999]","[2140689951346.517, 2650851239796.508, 2395056330057.9995]",0.000244140625,True
vector_add,Raw,0,1e-09,"[1.161879471170269e-09, 8.44319530332419e-10, 1.1941939014182526e-09]","[5.989612953806611e-10, 9.426573284208318e-10, 1.2298288396871217e-09]","[2.0948838045003205e-09, -3.932605756524321e-12, -3.577418839954607e-11, -7.925124994085522e-11, 2.0639645683961173e-09, -2.1713004330476385e-11, 6.358103218516611e-11, 5.88815928189106e-12, 2.0149515845957286e-09]","[0.9274857234880097, 0.11447967604395723, 0.11281442516849256, -0.3375463552946413]","[1.76084076655093e-09, 1.7869768587532507e-09, 2.4240227411053746e-09]","[1.76084076655093e-09, 1.7869768587532507e-09, 2.424022741105374e-09]",2.0679515313825692e-25,True
vector_add,Raw,1,1,"[0.8504010357412088, 1.24300365713135, 1.2560054807842775]","[1.3873751055285175, 0.6082215815972852, 1.3077730342763871]","[1.945769908529422, -0.02075453362373847, 0.09276226205942213, 0.033947980856456894, 1.9767084861983004, -0.03875308931723945, -0.08752994451109584, 0.03472055394990912, 2.043444976732538]","[0.7873951838665527, -0.4159445408644089, 0.25098447561402604, -0.3794809038009763]","[2.2377761412697263, 1.8512252387286354, 2.5637785150606645]","[2.2377761412697263, 1.8512252387286352, 2.5637785150606645]",2.220446049250313e-16,True
vector_add,Raw,2,1000000000000,"[1251218367987.295, 1263398499445.708, 1196439335522.4617]","[889471583359.2222, 1387452740350.7996, 1198616994535.5376]","[1966250055993.725, 53201326746.19782, -94675065973.51653, -77307288145.71173, 2078159279314.4773, 49711972034.18998, -52358056331.97752, 40974424372.96557, 2059132541961.7878]","[0.8027190792870906, 0.518690988424941, 0.17682674073466093, -0.235231889922264]","[2140689951346.517, 2650851239796.508, 2395056330057.999]","[2140689951346.517, 2650851239796.508, 2395056330057.9995]",0.000244140625,True
vector_subtract,Vectoris,0,1e-09,"[1.161879471170269e-09, 8.44319530332419e-10, 1.1941939014182526e-09]","[5.989612953806611e-10, 9.426573284208318e-10, 1.2298288396871217e-09]","[2.0948838045003205e-09, -3.932605756524321e-12, -3.577418839954607e-11, -7.925124994085522e-11, 2.0639645683961173e-09, -2.1713004330476385e-11, 6.358103218516611e-11, 5.88815928189106e-12, 2.0149515845957286e-09]","[0.9274857234880097, 0.11447967604395723, 0.11281442516849256, -0.3375463552946413]","[5.629181757896078e-10, -9.833779808841281e-11, -3.5634938268869066e-11]","[5.629181757896078e-10, -9.833779808841281e-11, -3.5634938268869066e-11]",0,True
vector_subtract,Vectoris,1,1,"[0.8504010357412088, 1.24300365713135, 1.2560054807842775]","[1.3873751055285175, 0.6082215815972852, 1.3077730342763871]","[1.945769908529422, -0.02075453362373847, 0.09276226205942213, 0.033947980856456894, 1.9767084861983004, -0.03875308931723945, -0.08752994451109584, 0.03472055394990912, 2.043444976732538]","[0.7873951838665527, -0.4159445408644089, 0.25098447561402604, -0.3794809038009763]","[-0.5369740697873087, 0.6347820755340648, -0.0517675534921096]","[-0.5369740697873087, 0.6347820755340648, -0.0517675534921096]",0,True
vector_subtract,Vectoris,2,1000000000000,"[1251218367987.295, 1263398499445.708, 1196439335522.4617]","[889471583359.2222, 1387452740350.7996, 1198616994535.5376]","[1966250055993.725, 53201326746.19782, -94675065973.51653, -77307288145.71173, 2078159279314.4773, 49711972034.18998, -52358056331.97752, 40974424372.96557, 2059132541961.7878]","[0.8027190792870906, 0.518690988424941, 0.17682674073466093, -0.235231889922264]","[361746784628.07275, -124054240905.09155, -2177659013.0759277]","[361746784628.07275, -124054240905.09155, -2177659013.0759277]",0,True
vector_subtract,Eigen,0,1e-09,"[1.161879471170269e-09, 8.44319530332419e-10, 1.1941939014182526e-09]","[5.989612953806611e-10, 9.426573284208318e-10, 1.2298288396871217e-09]","[2.0948838045003205e-09, -3.932605756524321e-12, -3.577418839954607e-11, -7.925124994085522e-11, 2.0639645683961173e-09, -2.1713004330476385e-11, 6.358103218516611e-11, 5.88815928189106e-12, 2.0149515845957286e-09]","[0.9274857234880097, 0.11447967604395723, 0.11281442516849256, -0.3375463552946413]","[5.629181757896078e-10, -9.833779808841281e-11, -3.5634938268869066e-11]","[5.629181757896078e-10, -9.833779808841281e-11, -3.5634938268869066e-11]",0,True
vector_subtract,Eigen,1,1,"[0.8504010357412088, 1.24300365713135, 1.2560054807842775]","[1.3873751055285175, 0.6082215815972852, 1.3077730342763871]","[1.945769908529422, -0.02075453362373847, 0.09276226205942213, 0.033947980856456894, 1.9767084861983004, -0.03875308931723945, -0.08752994451109584, 0.03472055394990912, 2.043444976732538]","[0.7873951838665527, -0.4159445408644089, 0.25098447561402604, -0.3794809038009763]","[-0.5369740697873087, 0.6347820755340648, -0.0517675534921096]","[-0.5369740697873087, 0.6347820755340648, -0.0517675534921096]",0,True
vector_subtract,Eigen,2,1000000000000,"[1251218367987.295, 1263398499445.708, 1196439335522.4617]","[889471583359.2222, 1387452740350.7996, 1198616994535.5376]","[1966250055993.725, 53201326746.19782, -94675065973.51653, -77307288145.71173, 2078159279314.4773, 49711972034.18998, -52358056331.97752, 40974424372.96557, 2059132541961.7878]","[0.8027190792870906, 0.518690988424941, 0.17682674073466093, -0.235231889922264]","[361746784628.07275, -124054240905.09155, -2177659013.0759277]","[361746784628.07275, -124054240905.09155, -2177659013.0759277]",0,True
vector_subtract,GLM,0,1e-09,"[1.161879471170269e-09, 8.44319530332419e-10, 1.1941939014182526e-09]","[5.989612953806611e-10, 9.426573284208318e-10, 1.2298288396871217e-09]","[2.0948838045003205e-09, -3.932605756524321e-12, -3.577418839954607e-11, -7.925124994085522e-11, 2.0639645683961173e-09, -2.1713004330476385e-11, 6.358103218516611e-11, 5.88815928189106e-12, 2.0149515845957286e-09]","[0.9274857234880097, 0.11447967604395723, 0.11281442516849256, -0.3375463552946413]","[5.629181757896078e-10, -9.833779808841281e-11, -3.5634938268869066e-11]","[5.629181757896078e-10, -9.833779808841281e-11, -3.5634938268869066e-11]",0,True
vector_subtract,GLM,1,1,"[0.8504010357412088, 1.24300365713135, 1.2560054807842775]","[1.3873751055285175, 0.6082215815972852, 1.3077730342763871]","[1.945769908529422, -0.02075453362373847, 0.09276226205942213, 0.033947980856456894, 1.9767084861983004, -0.03875308931723945, -0.08752994451109584, 0.03472055394990912, 2.043444976732538]","[0.7873951838665527, -0.4159445408644089, 0.25098447561402604, -0.3794809038009763]","[-0.5369740697873087, 0.6347820755340648, -0.0517675534921096]","[-0.5369740697873087, 0.6347820755340648, -0.0517675534921096]",0,True
vector_subtract,GLM,2,1000000000000,"[1251218367987.295, 1263398499445.708, 1196439335522.4617]","[889471583359.2222, 1387452740350.7996, 1198616994535.5376]","[1966250055993.725, 53201326746.19782, -94675065973.51653, -77307288145.71173, 2078159279314.4773, 49711972034.18998, -52358056331.97752, 40974424372.96557, 2059132541961.7878]","[0.8027190792870906, 0.518690988424941, 0.17682674073466093, -0.235231889922264]","[361746784628.07275, -124054240905.09155, -2177659013.0759277]","[361746784628.07275, -124054240905.09155, -2177659013.0759277]",0,True
vector_subtract,Raw,0,1e-09,"[1.161879471170269e-09, 8.44319530332419e-10, 1.1941939014182526e-09]","[5.989612953806611e-10, 9.426573284208318e-10, 1.2298288396871217e-09]","[2.0948838045003205e-09, -3.932605756524321e-12, -3.577418839954607e-11, -7.925124994085522e-11, 2.0639645683961173e-09, -2.1713004330476385e-11, 6.358103218516611e-11, 5.88815928189106e-12, 2.0149515845957286e-09]","[0.9274857234880097, 0.11447967604395723, 0.11281442516849256, -0.3375463552946413]","[5.629181757896078e-10, -9.833779808841281e-11, -3.5634938268869066e-11]","[5.629181757896078e-10, -9.833779808841281e-11, -3.5634938268869066e-11]",0,True
vector_subtract,Raw,1,1,"[0.8504010357412088, 1.24300365713135, 1.2560054807842775]","[1.3873751055285175, 0.6082215815972852, 1.3077730342763871]","[1.945769908529422, -0.02075453362373847, 0.09276226205942213, 0.033947980856456894, 1.9767084861983004, -0.03875308931723945, -0.08752994451109584, 0.03472055394990912, 2.043444976732538]","[0.7873951838665527, -0.4159445408644089, 0.25098447561402604, -0.3794809038009763]","[-0.5369740697873087, 0.6347820755340648, -0.0517675534921096]","[-0.5369740697873087, 0.6347820755340648, -0.0517675534921096]",0,True
vector_subtract,Raw,2,1000000000000,"[1251218367987.295, 1263398499445.708, 1196439335522.4617]","[889471583359.2222, 1387452740350.7996, 1198616994535.5376]","[1966250055993.725, 53201326746.19782, -94675065973.51653, -77307288145.71173, 2078159279314.4773, 49711972034.18998, -52358056331.97752, 40974424372.96557, 2059132541961.7878]","[0.8027190792870906, 0.518690988424941, 0.17682674073466093, -0.235231889922264]","[361746784628.07275, -124054240905.09155, -2177659013.0759277]","[361746784628.07275, -124054240905.09155, -2177659013.0759277]",0,True
vector_scalar,Vectoris,0,1e-09,"[1.161879471170269e-09, 8.44319530332419e-10, 1.1941939014182526e-09]","[5.989612953806611e-10, 9.426573284208318e-10, 1.2298288396871217e-09]","[2.0948838045003205e-09, -3.932605756524321e-12, -3.577418839954607e-11, -7.925124994085522e-11, 2.0639645683961173e-09, -2.1713004330476385e-11, 6.358103218516611e-11, 5.88815928189106e-12, 2.0149515845957286e-09]","[0.9274857234880097, 0.11447967604395723, 0.11281442516849256, -0.3375463552946413]","[1.452349338962836e-09, 1.0553994129155238e-09, 1.4927423767728159e-09]","[1.452349338962836e-09, 1.0553994129155238e-09, 1.4927423767728159e-09]",5.169878828456423e-26,True
vector_scalar,Vectoris,1,1,"[0.8504010357412088, 1.24300365713135, 1.2560054807842775]","[1.3873751055285175, 0.6082215815972852, 1.3077730342763871]","[1.945769908529422, -0.02075453362373847, 0.09276226205942213, 0.033947980856456894, 1.9767084861983004, -0.03875308931723945, -0.08752994451109584, 0.03472055394990912, 2.043444976732538]","[0.7873951838665527, -0.4159445408644089, 0.25098447561402604, -0.3794809038009763]","[1.063001294676511, 1.5537545714141876, 1.5700068509803469]","[1.063001294676511, 1.5537545714141876, 1.5700068509803469]",5.551115123125783e-17,True
vector_scalar,Vectoris,2,1000000000000,"[1251218367987.295, 1263398499445.708, 1196439335522.4617]","[889471583359.2222, 1387452740350.7996, 1198616994535.5376]","[1966250055993.725, 53201326746.19782, -94675065973.51653, -77307288145.71173, 2078159279314.4773, 49711972034.18998, -52358056331.97752, 40974424372.96557, 2059132541961.7878]","[0.8027190792870906, 0.518690988424941, 0.17682674073466093, -0.235231889922264]","[1564022959984.1187, 1579248124307.135, 1495549169403.0771]","[1564022959984.1187, 1579248124307.135, 1495549169403.0771]",6.103515625e-05,True
vector_scalar,Eigen,0,1e-09,"[1.161879471170269e-09, 8.44319530332419e-10, 1.1941939014182526e-09]","[5.989612953806611e-10, 9.426573284208318e-10, 1.2298288396871217e-09]","[2.0948838045003205e-09, -3.932605756524321e-12, -3.577418839954607e-11, -7.925124994085522e-11, 2.0639645683961173e-09, -2.1713004330476385e-11, 6.358103218516611e-11, 5.88815928189106e-12, 2.0149515845957286e-09]","[0.9274857234880097, 0.11447967604395723, 0.11281442516849256, -0.3375463552946413]","[1.452349338962836e-09, 1.0553994129155238e-09, 1.4927423767728159e-09]","[1.452349338962836e-09, 1.0553994129155238e-09, 1.4927423767728159e-09]",5.169878828456423e-26,True
vector_scalar,Eigen,1,1,"[0.8504010357412088, 1.24300365713135, 1.2560054807842775]","[1.3873751055285175, 0.6082215815972852, 1.3077730342763871]","[1.945769908529422, -0.02075453362373847, 0.09276226205942213, 0.033947980856456894, 1.9767084861983004, -0.03875308931723945, -0.08752994451109584, 0.03472055394990912, 2.043444976732538]","[0.7873951838665527, -0.4159445408644089, 0.25098447561402604, -0.3794809038009763]","[1.063001294676511, 1.5537545714141876, 1.5700068509803469]","[1.063001294676511, 1.5537545714141876, 1.5700068509803469]",5.551115123125783e-17,True
vector_scalar,Eigen,2,1000000000000,"[1251218367987.295, 1263398499445.708, 1196439335522.4617]","[889471583359.2222, 1387452740350.7996, 1198616994535.5376]","[1966250055993.725, 53201326746.19782, -94675065973.51653, -77307288145.71173, 2078159279314.4773, 49711972034.18998, -52358056331.97752, 40974424372.96557, 2059132541961.7878]","[0.8027190792870906, 0.518690988424941, 0.17682674073466093, -0.235231889922264]","[1564022959984.1187, 1579248124307.135, 1495549169403.0771]","[1564022959984.1187, 1579248124307.135, 1495549169403.0771]",6.103515625e-05,True
vector_scalar,GLM,0,1e-09,"[1.161879471170269e-09, 8.44319530332419e-10, 1.1941939014182526e-09]","[5.989612953806611e-10, 9.426573284208318e-10, 1.2298288396871217e-09]","[2.0948838045003205e-09, -3.932605756524321e-12, -3.577418839954607e-11, -7.925124994085522e-11, 2.0639645683961173e-09, -2.1713004330476385e-11, 6.358103218516611e-11, 5.88815928189106e-12, 2.0149515845957286e-09]","[0.9274857234880097, 0.11447967604395723, 0.11281442516849256, -0.3375463552946413]","[1.452349338962836e-09, 1.0553994129155238e-09, 1.4927423767728159e-09]","[1.452349338962836e-09, 1.0553994129155238e-09, 1.4927423767728159e-09]",5.169878828456423e-26,True
vector_scalar,GLM,1,1,"[0.8504010357412088, 1.24300365713135, 1.2560054807842775]","[1.3873751055285175, 0.6082215815972852, 1.3077730342763871]","[1.945769908529422, -0.02075453362373847, 0.09276226205942213, 0.033947980856456894, 1.9767084861983004, -0.03875308931723945, -0.08752994451109584, 0.03472055394990912, 2.043444976732538]","[0.7873951838665527, -0.4159445408644089, 0.25098447561402604, -0.3794809038009763]","[1.063001294676511, 1.5537545714141876, 1.5700068509803469]","[1.063001294676511, 1.5537545714141876, 1.5700068509803469]",5.551115123125783e-17,True
vector_scalar,GLM,2,1000000000000,"[1251218367987.295, 1263398499445.708, 1196439335522.4617]","[889471583359.2222, 1387452740350.7996, 1198616994535.5376]","[1966250055993.725, 53201326746.19782, -94675065973.51653, -77307288145.71173, 2078159279314.4773, 49711972034.18998, -52358056331.97752, 40974424372.96557, 2059132541961.7878]","[0.8027190792870906, 0.518690988424941, 0.17682674073466093, -0.235231889922264]","[1564022959984.1187, 1579248124307.135, 1495549169403.0771]","[1564022959984.1187, 1579248124307.135, 1495549169403.0771]",6.103515625e-05,True
vector_scalar,Raw,0,1e-09,"[1.161879471170269e-09, 8.44319530332419e-10, 1.1941939014182526e-09]","[5.989612953806611e-10, 9.426573284208318e-10, 1.2298288396871217e-09]","[2.0948838045003205e-09, -3.932605756524321e-12, -3.577418839954607e-11, -7.925124994085522e-11, 2.0639645683961173e-09, -2.1713004330476385e-11, 6.358103218516611e-11, 5.88815928189106e-12, 2.0149515845957286e-09]","[0.9274857234880097, 0.11447967604395723, 0.11281442516849256, -0.3375463552946413]","[1.452349338962836e-09, 1.0553994129155238e-09, 1.4927423767728159e-09]","[1.452349338962836e-09, 1.0553994129155238e-09, 1.4927423767728159e-09]",5.169878828456423e-26,True
vector_scalar,Raw,1,1,"[0.8504010357412088, 1.24300365713135, 1.2560054807842775]","[1.3873751055285175, 0.6082215815972852, 1.3077730342763871]","[1.945769908529422, -0.02075453362373847, 0.09276226205942213, 0.033947980856456894, 1.9767084861983004, -0.03875308931723945, -0.08752994451109584, 0.03472055394990912, 2.043444976732538]","[0.7873951838665527, -0.4159445408644089, 0.25098447561402604, -0.3794809038009763]","[1.063001294676511, 1.5537545714141876, 1.5700068509803469]","[1.063001294676511, 1.5537545714141876, 1.5700068509803469]",5.551115123125783e-17,True
vector_scalar,Raw,2,1000000000000,"[1251218367987.295, 1263398499445.708, 1196439335522.4617]","[889471583359.2222, 1387452740350.7996, 1198616994535.5376]","[1966250055993.725, 53201326746.19782, -94675065973.51653, -77307288145.71173, 2078159279314.4773, 49711972034.18998, -52358056331.97752, 40974424372.96557, 2059132541961.7878]","[0.8027190792870906, 0.518690988424941, 0.17682674073466093, -0.235231889922264]","[1564022959984.1187, 1579248124307.135, 1495549169403.0771]","[1564022959984.1187, 1579248124307.135, 1495549169403.0771]",6.103515625e-05,True
vector_dot,Vectoris,0,1e-09,"[1.161879471170269e-09, 8.44319530332419e-10, 1.1941939014182526e-09]","[5.989612953806611e-10, 9.426573284208318e-10, 1.2298288396871217e-09]","[2.0948838045003205e-09, -3.932605756524321e-12, -3.577418839954607e-11, -7.925124994085522e-11, 2.0639645683961173e-09, -2.1713004330476385e-11, 6.358103218516611e-11, 5.88815928189106e-12, 2.0149515845957286e-09]","[0.9274857234880097, 0.11447967604395723, 0.11281442516849256, -0.3375463552946413]",[2.960478926067678e-18],[2.960478926067678e-18],9.554418083483553e-35,True
vector_dot,Vectoris,1,1,"[0.8504010357412088, 1.24300365713135, 1.2560054807842775]","[1.3873751055285175, 0.6082215815972852, 1.3077730342763871]","[1.945769908529422, -0.02075453362373847, 0.09276226205942213, 0.033947980856456894, 1.9767084861983004, -0.03875308931723945, -0.08752994451109584, 0.03472055394990912, 2.043444976732538]","[0.7873951838665527, -0.4159445408644089, 0.25098447561402604, -0.3794809038009763]",[3.578416975647687],[3.578416975647687],2.0339632755828063e-16,True
vector_dot,Vectoris,2,1000000000000,"[1251218367987.295, 1263398499445.708, 1196439335522.4617]","[889471583359.2222, 1387452740350.7996, 1198616994535.5376]","[1966250055993.725, 53201326746.19782, -94675065973.51653, -77307288145.71173, 2078159279314.4773, 49711972034.18998, -52358056331.97752, 40974424372.96557, 2059132541961.7878]","[0.8027190792870906, 0.518690988424941, 0.17682674073466093, -0.235231889922264]",[4.2999014136008654e+24],[4.2999014136008654e+24],94896128,True
vector_dot,Eigen,0,1e-09,"[1.161879471170269e-09, 8.44319530332419e-10, 1.1941939014182526e-09]","[5.989612953806611e-10, 9.426573284208318e-10, 1.2298288396871217e-09]","[2.0948838045003205e-09, -3.932605756524321e-12, -3.577418839954607e-11, -7.925124994085522e-11, 2.0639645683961173e-09, -2.1713004330476385e-11, 6.358103218516611e-11, 5.88815928189106e-12, 2.0149515845957286e-09]","[0.9274857234880097, 0.11447967604395723, 0.11281442516849256, -0.3375463552946413]",[2.960478926067678e-18],[2.960478926067678e-18],9.554418083483553e-35,True
vector_dot,Eigen,1,1,"[0.8504010357412088, 1.24300365713135, 1.2560054807842775]","[1.3873751055285175, 0.6082215815972852, 1.3077730342763871]","[1.945769908529422, -0.02075453362373847, 0.09276226205942213, 0.033947980856456894, 1.9767084861983004, -0.03875308931723945, -0.08752994451109584, 0.03472055394990912, 2.043444976732538]","[0.7873951838665527, -0.4159445408644089, 0.25098447561402604, -0.3794809038009763]",[3.578416975647687],[3.578416975647687],2.0339632755828063e-16,True
vector_dot,Eigen,2,1000000000000,"[1251218367987.295, 1263398499445.708, 1196439335522.4617]","[889471583359.2222, 1387452740350.7996, 1198616994535.5376]","[1966250055993.725, 53201326746.19782, -94675065973.51653, -77307288145.71173, 2078159279314.4773, 49711972034.18998, -52358056331.97752, 40974424372.96557, 2059132541961.7878]","[0.8027190792870906, 0.518690988424941, 0.17682674073466093, -0.235231889922264]",[4.2999014136008654e+24],[4.2999014136008654e+24],94896128,True
vector_dot,GLM,0,1e-09,"[1.161879471170269e-09, 8.44319530332419e-10, 1.1941939014182526e-09]","[5.989612953806611e-10, 9.426573284208318e-10, 1.2298288396871217e-09]","[2.0948838045003205e-09, -3.932605756524321e-12, -3.577418839954607e-11, -7.925124994085522e-11, 2.0639645683961173e-09, -2.1713004330476385e-11, 6.358103218516611e-11, 5.88815928189106e-12, 2.0149515845957286e-09]","[0.9274857234880097, 0.11447967604395723, 0.11281442516849256, -0.3375463552946413]",[2.960478926067678e-18],[2.960478926067678e-18],9.554418083483553e-35,True
vector_dot,GLM,1,1,"[0.8504010357412088, 1.24300365713135, 1.2560054807842775]","[1.3873751055285175, 0.6082215815972852, 1.3077730342763871]","[1.945769908529422, -0.02075453362373847, 0.09276226205942213, 0.033947980856456894, 1.9767084861983004, -0.03875308931723945, -0.08752994451109584, 0.03472055394990912, 2.043444976732538]","[0.7873951838665527, -0.4159445408644089, 0.25098447561402604, -0.3794809038009763]",[3.578416975647687],[3.578416975647687],2.0339632755828063e-16,True
vector_dot,GLM,2,1000000000000,"[1251218367987.295, 1263398499445.708, 1196439335522.4617]","[889471583359.2222, 1387452740350.7996, 1198616994535.5376]","[1966250055993.725, 53201326746.19782, -94675065973.51653, -77307288145.71173, 2078159279314.4773, 49711972034.18998, -52358056331.97752, 40974424372.96557, 2059132541961.7878]","[0.8027190792870906, 0.518690988424941, 0.17682674073466093, -0.235231889922264]",[4.2999014136008654e+24],[4.2999014136008654e+24],94896128,True
vector_dot,Raw,0,1e-09,"[1.161879471170269e-09, 8.44319530332419e-10, 1.1941939014182526e-09]","[5.989612953806611e-10, 9.426573284208318e-10, 1.2298288396871217e-09]","[2.0948838045003205e-09, -3.932605756524321e-12, -3.577418839954607e-11, -7.925124994085522e-11, 2.0639645683961173e-09, -2.1713004330476385e-11, 6.358103218516611e-11, 5.88815928189106e-12, 2.0149515845957286e-09]","[0.9274857234880097, 0.11447967604395723, 0.11281442516849256, -0.3375463552946413]",[2.960478926067678e-18],[2.960478926067678e-18],9.554418083483553e-35,True
vector_dot,Raw,1,1,"[0.8504010357412088, 1.24300365713135, 1.2560054807842775]","[1.3873751055285175, 0.6082215815972852, 1.3077730342763871]","[1.945769908529422, -0.02075453362373847, 0.09276226205942213, 0.033947980856456894, 1.9767084861983004, -0.03875308931723945, -0.08752994451109584, 0.03472055394990912, 2.043444976732538]","[0.7873951838665527, -0.4159445408644089, 0.25098447561402604, -0.3794809038009763]",[3.578416975647687],[3.578416975647687],2.0339632755828063e-16,True
vector_dot,Raw,2,1000000000000,"[1251218367987.295, 1263398499445.708, 1196439335522.4617]","[889471583359.2222, 1387452740350.7996, 1198616994535.5376]","[1966250055993.725, 53201326746.19782, -94675065973.51653, -77307288145.71173, 2078159279314.4773, 49711972034.18998, -52358056331.97752, 40974424372.96557, 2059132541961.7878]","[0.8027190792870906, 0.518690988424941, 0.17682674073466093, -0.235231889922264]",[4.2999014136008654e+24],[4.2999014136008654e+24],94896128,True
vector_cross,Eigen,0,1e-09,"[1.161879471170269e-09, 8.44319530332419e-10, 1.1941939014182526e-09]","[5.989612953806611e-10, 9.426573284208318e-10, 1.2298288396871217e-09]","[2.0948838045003205e-09, -3.932605756524321e-12, -3.577418839954607e-11, -7.925124994085522e-11, 2.0639645683961173e-09, -2.1713004330476385e-11, 6.358103218516611e-11, 5.88815928189106e-12, 2.0149515845957286e-09]","[0.9274857234880097, 0.11447967604395723, 0.11281442516849256, -0.3375463552946413]","[-8.734712441348579e-20, -7.136369557564563e-19, 5.895394786372775e-19]","[-8.734712441348581e-20, -7.136369557564562e-19, 5.895394786372775e-19]",7.306872884711339e-35,True
vector_cross,Eigen,1,1,"[0.8504010357412088, 1.24300365713135, 1.2560054807842775]","[1.3873751055285175, 0.6082215815972852, 1.3077730342763871]","[1.945769908529422, -0.02075453362373847, 0.09276226205942213, 0.033947980856456894, 1.9767084861983004, -0.03875308931723945, -0.08752994451109584, 0.03472055394990912, 2.043444976732538]","[0.7873951838665527, -0.4159445408644089, 0.25098447561402604, -0.3794809038009763]","[0.8616370242858399, 0.6304191935844206, -1.2072800670344526]","[0.8616370242858398, 0.6304191935844203, -1.2072800670344526]",1.7564075194265172e-16,True
vector_cross,Eigen,2,1000000000000,"[1251218367987.295, 1263398499445.708, 1196439335522.4617]","[889471583359.2222, 1387452740350.7996, 1198616994535.5376]","[1966250055993.725, 53201326746.19782, -94675065973.51653, -77307288145.71173, 2078159279314.4773, 49711972034.18998, -52358056331.97752, 40974424372.96557, 2059132541961.7878]","[0.8027190792870906, 0.518690988424941, 0.17682674073466093, -0.235231889922264]","[-1.4567212242780656e+23, -4.355328095841721e+23, 6.122492897255881e+23]","[-1.4567212242780658e+23, -4.355328095841721e+23, 6.122492897255882e+23]",102629376,True
vector_cross,GLM,0,1e-09,"[1.161879471170269e-09, 8.44319530332419e-10, 1.1941939014182526e-09]","[5.989612953806611e-10, 9.426573284208318e-10, 1.2298288396871217e-09]","[2.0948838045003205e-09, -3.932605756524321e-12, -3.577418839954607e-11, -7.925124994085522e-11, 2.0639645683961173e-09, -2.1713004330476385e-11, 6.358103218516611e-11, 5.88815928189106e-12, 2.0149515845957286e-09]","[0.9274857234880097, 0.11447967604395723, 0.11281442516849256, -0.3375463552946413]","[-8.734712441348579e-20, -7.136369557564563e-19, 5.895394786372775e-19]","[-8.734712441348581e-20, -7.136369557564562e-19, 5.895394786372775e-19]",7.306872884711339e-35,True
vector_cross,GLM,1,1,"[0.8504010357412088, 1.24300365713135, 1.2560054807842775]","[1.3873751055285175, 0.6082215815972852, 1.3077730342763871]","[1.945769908529422, -0.02075453362373847, 0.09276226205942213, 0.033947980856456894, 1.9767084861983004, -0.03875308931723945, -0.08752994451109584, 0.03472055394990912, 2.043444976732538]","[0.7873951838665527, -0.4159445408644089, 0.25098447561402604, -0.3794809038009763]","[0.8616370242858399, 0.6304191935844206, -1.2072800670344526]","[0.8616370242858398, 0.6304191935844203, -1.2072800670344526]",1.7564075194265172e-16,True
vector_cross,GLM,2,1000000000000,"[1251218367987.295, 1263398499445.708, 1196439335522.4617]","[889471583359.2222, 1387452740350.7996, 1198616994535.5376]","[1966250055993.725, 53201326746.19782, -94675065973.51653, -77307288145.71173, 2078159279314.4773, 49711972034.18998, -52358056331.97752, 40974424372.96557, 2059132541961.7878]","[0.8027190792870906, 0.518690988424941, 0.17682674073466093, -0.235231889922264]","[-1.4567212242780656e+23, -4.355328095841721e+23, 6.122492897255881e+23]","[-1.4567212242780658e+23, -4.355328095841721e+23, 6.122492897255882e+23]",102629376,True
vector_cross,Raw,0,1e-09,"[1.161879471170269e-09, 8.44319530332419e-10, 1.1941939014182526e-09]","[5.989612953806611e-10, 9.426573284208318e-10, 1.2298288396871217e-09]","[2.0948838045003205e-09, -3.932605756524321e-12, -3.577418839954607e-11, -7.925124994085522e-11, 2.0639645683961173e-09, -2.1713004330476385e-11, 6.358103218516611e-11, 5.88815928189106e-12, 2.0149515845957286e-09]","[0.9274857234880097, 0.11447967604395723, 0.11281442516849256, -0.3375463552946413]","[-8.734712441348579e-20, -7.136369557564563e-19, 5.895394786372775e-19]","[-8.734712441348581e-20, -7.136369557564562e-19, 5.895394786372775e-19]",7.306872884711339e-35,True
vector_cross,Raw,1,1,"[0.8504010357412088, 1.24300365713135, 1.2560054807842775]","[1.3873751055285175, 0.6082215815972852, 1.3077730342763871]","[1.945769908529422, -0.02075453362373847, 0.09276226205942213, 0.033947980856456894, 1.9767084861983004, -0.03875308931723945, -0.08752994451109584, 0.03472055394990912, 2.043444976732538]","[0.7873951838665527, -0.4159445408644089, 0.25098447561402604, -0.3794809038009763]","[0.8616370242858399, 0.6304191935844206, -1.2072800670344526]","[0.8616370242858398, 0.6304191935844203, -1.2072800670344526]",1.7564075194265172e-16,True
vector_cross,Raw,2,1000000000000,"[1251218367987.295, 1263398499445.708, 1196439335522.4617]","[889471583359.2222, 1387452740350.7996, 1198616994535.5376]","[1966250055993.725, 53201326746.19782, -94675065973.51653, -77307288145.71173, 2078159279314.4773, 49711972034.18998, -52358056331.97752, 40974424372.96557, 2059132541961.7878]","[0.8027190792870906, 0.518690988424941, 0.17682674073466093, -0.235231889922264]","[-1.4567212242780656e+23, -4.355328095841721e+23, 6.122492897255881e+23]","[-1.4567212242780658e+23, -4.355328095841721e+23, 6.122492897255882e+23]",102629376,True
vector_norm,Vectoris,0,1e-09,"[1.161879471170269e-09, 8.44319530332419e-10, 1.1941939014182526e-09]","[5.989612953806611e-10, 9.426573284208318e-10, 1.2298288396871217e-09]","[2.0948838045003205e-09, -3.932605756524321e-12, -3.577418839954607e-11, -7.925124994085522e-11, 2.0639645683961173e-09, -2.1713004330476385e-11, 6.358103218516611e-11, 5.88815928189106e-12, 2.0149515845957286e-09]","[0.9274857234880097, 0.11447967604395723, 0.11281442516849256, -0.3375463552946413]",[1.867870030010709e-09],[1.867870030010709e-09],7.815402760205608e-26,True
vector_norm,Vectoris,1,1,"[0.8504010357412088, 1.24300365713135, 1.2560054807842775]","[1.3873751055285175, 0.6082215815972852, 1.3077730342763871]","[1.945769908529422, -0.02075453362373847, 0.09276226205942213, 0.033947980856456894, 1.9767084861983004, -0.03875308931723945, -0.08752994451109584, 0.03472055394990912, 2.043444976732538]","[0.7873951838665527, -0.4159445408644089, 0.25098447561402604, -0.3794809038009763]",[1.9610685304169704],[1.9610685304169704],7.15573433840433e-18,True
vector_norm,Vectoris,2,1000000000000,"[1251218367987.295, 1263398499445.708, 1196439335522.4617]","[889471583359.2222, 1387452740350.7996, 1198616994535.5376]","[1966250055993.725, 53201326746.19782, -94675065973.51653, -77307288145.71173, 2078159279314.4773, 49711972034.18998, -52358056331.97752, 40974424372.96557, 2059132541961.7878]","[0.8027190792870906, 0.518690988424941, 0.17682674073466093, -0.235231889922264]",[2143172941312.923],[2143172941312.923],1.52587890625e-05,True
vector_norm,Eigen,0,1e-09,"[1.161879471170269e-09, 8.44319530332419e-10, 1.1941939014182526e-09]","[5.989612953806611e-10, 9.426573284208318e-10, 1.2298288396871217e-09]","[2.0948838045003205e-09, -3.932605756524321e-12, -3.577418839954607e-11, -7.925124994085522e-11, 2.0639645683961173e-09, -2.1713004330476385e-11, 6.358103218516611e-11, 5.88815928189106e-12, 2.0149515845957286e-09]","[0.9274857234880097, 0.11447967604395723, 0.11281442516849256, -0.3375463552946413]",[1.867870030010709e-09],[1.867870030010709e-09],7.815402760205608e-26,True
vector_norm,Eigen,1,1,"[0.8504010357412088, 1.24300365713135, 1.2560054807842775]","[1.3873751055285175, 0.6082215815972852, 1.3077730342763871]","[1.945769908529422, -0.02075453362373847, 0.09276226205942213, 0.033947980856456894, 1.9767084861983004, -0.03875308931723945, -0.08752994451109584, 0.03472055394990912, 2.043444976732538]","[0.7873951838665527, -0.4159445408644089, 0.25098447561402604, -0.3794809038009763]",[1.9610685304169704],[1.9610685304169704],7.15573433840433e-18,True
vector_norm,Eigen,2,1000000000000,"[1251218367987.295, 1263398499445.708, 1196439335522.4617]","[889471583359.2222, 1387452740350.7996, 1198616994535.5376]","[1966250055993.725, 53201326746.19782, -94675065973.51653, -77307288145.71173, 2078159279314.4773, 49711972034.18998, -52358056331.97752, 40974424372.96557, 2059132541961.7878]","[0.8027190792870906, 0.518690988424941, 0.17682674073466093, -0.235231889922264]",[2143172941312.923],[2143172941312.923],1.52587890625e-05,True
vector_norm,GLM,0,1e-09,"[1.161879471170269e-09, 8.44319530332419e-10, 1.1941939014182526e-09]","[5.989612953806611e-10, 9.426573284208318e-10, 1.2298288396871217e-09]","[2.0948838045003205e-09, -3.932605756524321e-12, -3.577418839954607e-11, -7.925124994085522e-11, 2.0639645683961173e-09, -2.1713004330476385e-11, 6.358103218516611e-11, 5.88815928189106e-12, 2.0149515845957286e-09]","[0.9274857234880097, 0.11447967604395723, 0.11281442516849256, -0.3375463552946413]",[1.867870030010709e-09],[1.867870030010709e-09],7.815402760205608e-26,True
vector_norm,GLM,1,1,"[0.8504010357412088, 1.24300365713135, 1.2560054807842775]","[1.3873751055285175, 0.6082215815972852, 1.3077730342763871]","[1.945769908529422, -0.02075453362373847, 0.09276226205942213, 0.033947980856456894, 1.9767084861983004, -0.03875308931723945, -0.08752994451109584, 0.03472055394990912, 2.043444976732538]","[0.7873951838665527, -0.4159445408644089, 0.25098447561402604, -0.3794809038009763]",[1.9610685304169704],[1.9610685304169704],7.15573433840433e-18,True
vector_norm,GLM,2,1000000000000,"[1251218367987.295, 1263398499445.708, 1196439335522.4617]","[889471583359.2222, 1387452740350.7996, 1198616994535.5376]","[1966250055993.725, 53201326746.19782, -94675065973.51653, -77307288145.71173, 2078159279314.4773, 49711972034.18998, -52358056331.97752, 40974424372.96557, 2059132541961.7878]","[0.8027190792870906, 0.518690988424941, 0.17682674073466093, -0.235231889922264]",[2143172941312.923],[2143172941312.923],1.52587890625e-05,True
vector_norm,Raw,0,1e-09,"[1.161879471170269e-09, 8.44319530332419e-10, 1.1941939014182526e-09]","[5.989612953806611e-10, 9.426573284208318e-10, 1.2298288396871217e-09]","[2.0948838045003205e-09, -3.932605756524321e-12, -3.577418839954607e-11, -7.925124994085522e-11, 2.0639645683961173e-09, -2.1713004330476385e-11, 6.358103218516611e-11, 5.88815928189106e-12, 2.0149515845957286e-09]","[0.9274857234880097, 0.11447967604395723, 0.11281442516849256, -0.3375463552946413]",[1.867870030010709e-09],[1.867870030010709e-09],7.815402760205608e-26,True
vector_norm,Raw,1,1,"[0.8504010357412088, 1.24300365713135, 1.2560054807842775]","[1.3873751055285175, 0.6082215815972852, 1.3077730342763871]","[1.945769908529422, -0.02075453362373847, 0.09276226205942213, 0.033947980856456894, 1.9767084861983004, -0.03875308931723945, -0.08752994451109584, 0.03472055394990912, 2.043444976732538]","[0.7873951838665527, -0.4159445408644089, 0.25098447561402604, -0.3794809038009763]",[1.9610685304169704],[1.9610685304169704],7.15573433840433e-18,True
vector_norm,Raw,2,1000000000000,"[1251218367987.295, 1263398499445.708, 1196439335522.4617]","[889471583359.2222, 1387452740350.7996, 1198616994535.5376]","[1966250055993.725, 53201326746.19782, -94675065973.51653, -77307288145.71173, 2078159279314.4773, 49711972034.18998, -52358056331.97752, 40974424372.96557, 2059132541961.7878]","[0.8027190792870906, 0.518690988424941, 0.17682674073466093, -0.235231889922264]",[2143172941312.923],[2143172941312.923],1.52587890625e-05,True
vector_normalize_minimal,Eigen,0,1e-09,"[1.161879471170269e-09, 8.44319530332419e-10, 1.1941939014182526e-09]","[5.989612953806611e-10, 9.426573284208318e-10, 1.2298288396871217e-09]","[2.0948838045003205e-09, -3.932605756524321e-12, -3.577418839954607e-11, -7.925124994085522e-11, 2.0639645683961173e-09, -2.1713004330476385e-11, 6.358103218516611e-11, 5.88815928189106e-12, 2.0149515845957286e-09]","[0.9274857234880097, 0.11447967604395723, 0.11281442516849256, -0.3375463552946413]","[0.6220344309307256, 0.4520226336773433, 0.6393345801535271]","[0.6220344309307256, 0.45202263367734324, 0.639334580153527]",6.08237418764368e-17,True
vector_normalize_minimal,Eigen,1,1,"[0.8504010357412088, 1.24300365713135, 1.2560054807842775]","[1.3873751055285175, 0.6082215815972852, 1.3077730342763871]","[1.945769908529422, -0.02075453362373847, 0.09276226205942213, 0.033947980856456894, 1.9767084861983004, -0.03875308931723945, -0.08752994451109584, 0.03472055394990912, 2.043444976732538]","[0.7873951838665527, -0.4159445408644089, 0.25098447561402604, -0.3794809038009763]","[0.43364167164540296, 0.6338399897055396, 0.6404699587511206]","[0.43364167164540296, 0.6338399897055396, 0.6404699587511206]",4.6458063091003865e-17,True
vector_normalize_minimal,Eigen,2,1000000000000,"[1251218367987.295, 1263398499445.708, 1196439335522.4617]","[889471583359.2222, 1387452740350.7996, 1198616994535.5376]","[1966250055993.725, 53201326746.19782, -94675065973.51653, -77307288145.71173, 2078159279314.4773, 49711972034.18998, -52358056331.97752, 40974424372.96557, 2059132541961.7878]","[0.8027190792870906, 0.518690988424941, 0.17682674073466093, -0.235231889922264]","[0.5838158665911438, 0.589499090386864, 0.55825608491936]","[0.5838158665911439, 0.589499090386864, 0.55825608491936]",5.746271514173174e-17,True
vector_normalize_minimal,GLM,0,1e-09,"[1.161879471170269e-09, 8.44319530332419e-10, 1.1941939014182526e-09]","[5.989612953806611e-10, 9.426573284208318e-10, 1.2298288396871217e-09]","[2.0948838045003205e-09, -3.932605756524321e-12, -3.577418839954607e-11, -7.925124994085522e-11, 2.0639645683961173e-09, -2.1713004330476385e-11, 6.358103218516611e-11, 5.88815928189106e-12, 2.0149515845957286e-09]","[0.9274857234880097, 0.11447967604395723, 0.11281442516849256, -0.3375463552946413]","[0.6220344309307257, 0.4520226336773433, 0.6393345801535271]","[0.6220344309307256, 0.45202263367734324, 0.639334580153527]",1.0646865333807654e-16,True
vector_normalize_minimal,GLM,1,1,"[0.8504010357412088, 1.24300365713135, 1.2560054807842775]","[1.3873751055285175, 0.6082215815972852, 1.3077730342763871]","[1.945769908529422, -0.02075453362373847, 0.09276226205942213, 0.033947980856456894, 1.9767084861983004, -0.03875308931723945, -0.08752994451109584, 0.03472055394990912, 2.043444976732538]","[0.7873951838665527, -0.4159445408644089, 0.25098447561402604, -0.3794809038009763]","[0.43364167164540296, 0.6338399897055395, 0.6404699587511204]","[0.43364167164540296, 0.6338399897055396, 0.6404699587511206]",1.0088501214977619e-16,True
vector_normalize_minimal,GLM,2,1000000000000,"[1251218367987.295, 1263398499445.708, 1196439335522.4617]","[889471583359.2222, 1387452740350.7996, 1198616994535.5376]","[1966250055993.725, 53201326746.19782, -94675065973.51653, -77307288145.71173, 2078159279314.4773, 49711972034.18998, -52358056331.97752, 40974424372.96557, 2059132541961.7878]","[0.8027190792870906, 0.518690988424941, 0.17682674073466093, -0.235231889922264]","[0.5838158665911438, 0.589499090386864, 0.55825608491936]","[0.5838158665911439, 0.589499090386864, 0.55825608491936]",5.746271514173174e-17,True
vector_normalize_minimal,Raw,0,1e-09,"[1.161879471170269e-09, 8.44319530332419e-10, 1.1941939014182526e-09]","[5.989612953806611e-10, 9.426573284208318e-10, 1.2298288396871217e-09]","[2.0948838045003205e-09, -3.932605756524321e-12, -3.577418839954607e-11, -7.925124994085522e-11, 2.0639645683961173e-09, -2.1713004330476385e-11, 6.358103218516611e-11, 5.88815928189106e-12, 2.0149515845957286e-09]","[0.9274857234880097, 0.11447967604395723, 0.11281442516849256, -0.3375463552946413]","[0.6220344309307256, 0.4520226336773433, 0.6393345801535271]","[0.6220344309307256, 0.45202263367734324, 0.639334580153527]",6.08237418764368e-17,True
vector_normalize_minimal,Raw,1,1,"[0.8504010357412088, 1.24300365713135, 1.2560054807842775]","[1.3873751055285175, 0.6082215815972852, 1.3077730342763871]","[1.945769908529422, -0.02075453362373847, 0.09276226205942213, 0.033947980856456894, 1.9767084861983004, -0.03875308931723945, -0.08752994451109584, 0.03472055394990912, 2.043444976732538]","[0.7873951838665527, -0.4159445408644089, 0.25098447561402604, -0.3794809038009763]","[0.43364167164540296, 0.6338399897055396, 0.6404699587511206]","[0.43364167164540296, 0.6338399897055396, 0.6404699587511206]",4.6458063091003865e-17,True
vector_normalize_minimal,Raw,2,1000000000000,"[1251218367987.295, 1263398499445.708, 1196439335522.4617]","[889471583359.2222, 1387452740350.7996, 1198616994535.5376]","[1966250055993.725, 53201326746.19782, -94675065973.51653, -77307288145.71173, 2078159279314.4773, 49711972034.18998, -52358056331.97752, 40974424372.96557, 2059132541961.7878]","[0.8027190792870906, 0.518690988424941, 0.17682674073466093, -0.235231889922264]","[0.5838158665911438, 0.589499090386864, 0.55825608491936]","[0.5838158665911439, 0.589499090386864, 0.55825608491936]",5.746271514173174e-17,True
vector_normalize_checked,Vectoris,0,1e-09,"[1.161879471170269e-09, 8.44319530332419e-10, 1.1941939014182526e-09]","[5.989612953806611e-10, 9.426573284208318e-10, 1.2298288396871217e-09]","[2.0948838045003205e-09, -3.932605756524321e-12, -3.577418839954607e-11, -7.925124994085522e-11, 2.0639645683961173e-09, -2.1713004330476385e-11, 6.358103218516611e-11, 5.88815928189106e-12, 2.0149515845957286e-09]","[0.9274857234880097, 0.11447967604395723, 0.11281442516849256, -0.3375463552946413]","[0.6220344309307257, 0.4520226336773433, 0.6393345801535271, 1]","[0.6220344309307256, 0.45202263367734324, 0.639334580153527, 1]",1.0646865333807654e-16,True
vector_normalize_checked,Vectoris,1,1,"[0.8504010357412088, 1.24300365713135, 1.2560054807842775]","[1.3873751055285175, 0.6082215815972852, 1.3077730342763871]","[1.945769908529422, -0.02075453362373847, 0.09276226205942213, 0.033947980856456894, 1.9767084861983004, -0.03875308931723945, -0.08752994451109584, 0.03472055394990912, 2.043444976732538]","[0.7873951838665527, -0.4159445408644089, 0.25098447561402604, -0.3794809038009763]","[0.43364167164540296, 0.6338399897055396, 0.6404699587511204, 1]","[0.43364167164540296, 0.6338399897055396, 0.6404699587511206, 1]",6.456423937151179e-17,True
vector_normalize_checked,Vectoris,2,1000000000000,"[1251218367987.295, 1263398499445.708, 1196439335522.4617]","[889471583359.2222, 1387452740350.7996, 1198616994535.5376]","[1966250055993.725, 53201326746.19782, -94675065973.51653, -77307288145.71173, 2078159279314.4773, 49711972034.18998, -52358056331.97752, 40974424372.96557, 2059132541961.7878]","[0.8027190792870906, 0.518690988424941, 0.17682674073466093, -0.235231889922264]","[0.5838158665911439, 0.589499090386864, 0.55825608491936, 1]","[0.5838158665911439, 0.589499090386864, 0.55825608491936, 1]",5.355958732078392e-17,True
vector_normalize_checked,Eigen,0,1e-09,"[1.161879471170269e-09, 8.44319530332419e-10, 1.1941939014182526e-09]","[5.989612953806611e-10, 9.426573284208318e-10, 1.2298288396871217e-09]","[2.0948838045003205e-09, -3.932605756524321e-12, -3.577418839954607e-11, -7.925124994085522e-11, 2.0639645683961173e-09, -2.1713004330476385e-11, 6.358103218516611e-11, 5.88815928189106e-12, 2.0149515845957286e-09]","[0.9274857234880097, 0.11447967604395723, 0.11281442516849256, -0.3375463552946413]","[0.6220344309307257, 0.4520226336773433, 0.6393345801535271, 1]","[0.6220344309307256, 0.45202263367734324, 0.639334580153527, 1]",1.0646865333807654e-16,True
vector_normalize_checked,Eigen,1,1,"[0.8504010357412088, 1.24300365713135, 1.2560054807842775]","[1.3873751055285175, 0.6082215815972852, 1.3077730342763871]","[1.945769908529422, -0.02075453362373847, 0.09276226205942213, 0.033947980856456894, 1.9767084861983004, -0.03875308931723945, -0.08752994451109584, 0.03472055394990912, 2.043444976732538]","[0.7873951838665527, -0.4159445408644089, 0.25098447561402604, -0.3794809038009763]","[0.43364167164540296, 0.6338399897055396, 0.6404699587511204, 1]","[0.43364167164540296, 0.6338399897055396, 0.6404699587511206, 1]",6.456423937151179e-17,True
vector_normalize_checked,Eigen,2,1000000000000,"[1251218367987.295, 1263398499445.708, 1196439335522.4617]","[889471583359.2222, 1387452740350.7996, 1198616994535.5376]","[1966250055993.725, 53201326746.19782, -94675065973.51653, -77307288145.71173, 2078159279314.4773, 49711972034.18998, -52358056331.97752, 40974424372.96557, 2059132541961.7878]","[0.8027190792870906, 0.518690988424941, 0.17682674073466093, -0.235231889922264]","[0.5838158665911439, 0.589499090386864, 0.55825608491936, 1]","[0.5838158665911439, 0.589499090386864, 0.55825608491936, 1]",5.355958732078392e-17,True
vector_normalize_checked,GLM,0,1e-09,"[1.161879471170269e-09, 8.44319530332419e-10, 1.1941939014182526e-09]","[5.989612953806611e-10, 9.426573284208318e-10, 1.2298288396871217e-09]","[2.0948838045003205e-09, -3.932605756524321e-12, -3.577418839954607e-11, -7.925124994085522e-11, 2.0639645683961173e-09, -2.1713004330476385e-11, 6.358103218516611e-11, 5.88815928189106e-12, 2.0149515845957286e-09]","[0.9274857234880097, 0.11447967604395723, 0.11281442516849256, -0.3375463552946413]","[0.6220344309307257, 0.4520226336773433, 0.6393345801535271, 1]","[0.6220344309307256, 0.45202263367734324, 0.639334580153527, 1]",1.0646865333807654e-16,True
vector_normalize_checked,GLM,1,1,"[0.8504010357412088, 1.24300365713135, 1.2560054807842775]","[1.3873751055285175, 0.6082215815972852, 1.3077730342763871]","[1.945769908529422, -0.02075453362373847, 0.09276226205942213, 0.033947980856456894, 1.9767084861983004, -0.03875308931723945, -0.08752994451109584, 0.03472055394990912, 2.043444976732538]","[0.7873951838665527, -0.4159445408644089, 0.25098447561402604, -0.3794809038009763]","[0.43364167164540296, 0.6338399897055396, 0.6404699587511204, 1]","[0.43364167164540296, 0.6338399897055396, 0.6404699587511206, 1]",6.456423937151179e-17,True
vector_normalize_checked,GLM,2,1000000000000,"[1251218367987.295, 1263398499445.708, 1196439335522.4617]","[889471583359.2222, 1387452740350.7996, 1198616994535.5376]","[1966250055993.725, 53201326746.19782, -94675065973.51653, -77307288145.71173, 2078159279314.4773, 49711972034.18998, -52358056331.97752, 40974424372.96557, 2059132541961.7878]","[0.8027190792870906, 0.518690988424941, 0.17682674073466093, -0.235231889922264]","[0.5838158665911439, 0.589499090386864, 0.55825608491936, 1]","[0.5838158665911439, 0.589499090386864, 0.55825608491936, 1]",5.355958732078392e-17,True
vector_normalize_checked,Raw,0,1e-09,"[1.161879471170269e-09, 8.44319530332419e-10, 1.1941939014182526e-09]","[5.989612953806611e-10, 9.426573284208318e-10, 1.2298288396871217e-09]","[2.0948838045003205e-09, -3.932605756524321e-12, -3.577418839954607e-11, -7.925124994085522e-11, 2.0639645683961173e-09, -2.1713004330476385e-11, 6.358103218516611e-11, 5.88815928189106e-12, 2.0149515845957286e-09]","[0.9274857234880097, 0.11447967604395723, 0.11281442516849256, -0.3375463552946413]","[0.6220344309307257, 0.4520226336773433, 0.6393345801535271, 1]","[0.6220344309307256, 0.45202263367734324, 0.639334580153527, 1]",1.0646865333807654e-16,True
vector_normalize_checked,Raw,1,1,"[0.8504010357412088, 1.24300365713135, 1.2560054807842775]","[1.3873751055285175, 0.6082215815972852, 1.3077730342763871]","[1.945769908529422, -0.02075453362373847, 0.09276226205942213, 0.033947980856456894, 1.9767084861983004, -0.03875308931723945, -0.08752994451109584, 0.03472055394990912, 2.043444976732538]","[0.7873951838665527, -0.4159445408644089, 0.25098447561402604, -0.3794809038009763]","[0.43364167164540296, 0.6338399897055396, 0.6404699587511204, 1]","[0.43364167164540296, 0.6338399897055396, 0.6404699587511206, 1]",6.456423937151179e-17,True
vector_normalize_checked,Raw,2,1000000000000,"[1251218367987.295, 1263398499445.708, 1196439335522.4617]","[889471583359.2222, 1387452740350.7996, 1198616994535.5376]","[1966250055993.725, 53201326746.19782, -94675065973.51653, -77307288145.71173, 2078159279314.4773, 49711972034.18998, -52358056331.97752, 40974424372.96557, 2059132541961.7878]","[0.8027190792870906, 0.518690988424941, 0.17682674073466093, -0.235231889922264]","[0.5838158665911439, 0.589499090386864, 0.55825608491936, 1]","[0.5838158665911439, 0.589499090386864, 0.55825608491936, 1]",5.355958732078392e-17,True
matrix_add,Vectoris,0,1e-09,"[1.161879471170269e-09, 8.44319530332419e-10, 1.1941939014182526e-09]","[5.989612953806611e-10, 9.426573284208318e-10, 1.2298288396871217e-09]","[2.0948838045003205e-09, -3.932605756524321e-12, -3.577418839954607e-11, -7.925124994085522e-11, 2.0639645683961173e-09, -2.1713004330476385e-11, 6.358103218516611e-11, 5.88815928189106e-12, 2.0149515845957286e-09]","[0.9274857234880097, 0.11447967604395723, 0.11281442516849256, -0.3375463552946413]","[4.585939551916493e-09, -6.142980059335745e-11, -1.349021848887502e-10, -1.6334006211534333e-10, 4.473096211618642e-09, 5.359442897294514e-11, 8.853294664478091e-11, 1.0177539583206983e-10, 4.592982954643794e-09]","[4.585939551916493e-09, -6.142980059335745e-11, -1.349021848887502e-10, -1.6334006211534336e-10, 4.473096211618642e-09, 5.359442897294514e-11, 8.853294664478091e-11, 1.0177539583206983e-10, 4.592982954643794e-09]",4.1359030627651384e-25,True
matrix_add,Vectoris,1,1,"[0.8504010357412088, 1.24300365713135, 1.2560054807842775]","[1.3873751055285175, 0.6082215815972852, 1.3077730342763871]","[1.945769908529422, -0.02075453362373847, 0.09276226205942213, 0.033947980856456894, 1.9767084861983004, -0.03875308931723945, -0.08752994451109584, 0.03472055394990912, 2.043444976732538]","[0.7873951838665527, -0.4159445408644089, 0.25098447561402604, -0.3794809038009763]","[4.487234388705588, 0.015849380002085356, 0.07937755376396456, 0.12109090912428414, 4.551928284758914, -0.005274537247115199, -0.17480112228570033, 0.06566057043789793, 4.640631591465251]","[4.487234388705588, 0.015849380002085356, 0.07937755376396456, 0.12109090912428414, 4.551928284758914, -0.005274537247115199, -0.17480112228570036, 0.06566057043789793, 4.640631591465251]",2.220446049250313e-16,True
matrix_add,Vectoris,2,1000000000000,"[1251218367987.295, 1263398499445.708, 1196439335522.4617]","[889471583359.2222, 1387452740350.7996, 1198616994535.5376]","[1966250055993.725, 53201326746.19782, -94675065973.51653, -77307288145.71173, 2078159279314.4773, 49711972034.18998, -52358056331.97752, 40974424372.96557, 2059132541961.7878]","[0.8027190792870906, 0.518690988424941, 0.17682674073466093, -0.235231889922264]","[4482727848741.262, 58511452447.71268, -80816968561.91492, -170973942093.45728, 4550437396091.989, -5261217880.933029, -16576399420.110268, 8101944140.506737, 4470640844601.061]","[4482727848741.262, 58511452447.71268, -80816968561.91493, -170973942093.45728, 4550437396091.989, -5261217880.933029, -16576399420.110268, 8101944140.506737, 4470640844601.061]",0.000244140625,True
matrix_add,Eigen,0,1e-09,"[1.161879471170269e-09, 8.44319530332419e-10, 1.1941939014182526e-09]","[5.989612953806611e-10, 9.426573284208318e-10, 1.2298288396871217e-09]","[2.0948838045003205e-09, -3.932605756524321e-12, -3.577418839954607e-11, -7.925124994085522e-11, 2.0639645683961173e-09, -2.1713004330476385e-11, 6.358103218516611e-11, 5.88815928189106e-12, 2.0149515845957286e-09]","[0.9274857234880097, 0.11447967604395723, 0.11281442516849256, -0.3375463552946413]","[4.585939551916493e-09, -6.142980059335745e-11, -1.349021848887502e-10, -1.6334006211534333e-10, 4.473096211618642e-09, 5.359442897294514e-11, 8.853294664478091e-11, 1.0177539583206983e-10, 4.592982954643794e-09]","[4.585939551916493e-09, -6.142980059335745e-11, -1.349021848887502e-10, -1.6334006211534336e-10, 4.473096211618642e-09, 5.359442897294514e-11, 8.853294664478091e-11, 1.0177539583206983e-10, 4.592982954643794e-09]",4.1359030627651384e-25,True
matrix_add,Eigen,1,1,"[0.8504010357412088, 1.24300365713135, 1.2560054807842775]","[1.3873751055285175, 0.6082215815972852, 1.3077730342763871]","[1.945769908529422, -0.02075453362373847, 0.09276226205942213, 0.033947980856456894, 1.9767084861983004, -0.03875308931723945, -0.08752994451109584, 0.03472055394990912, 2.043444976732538]","[0.7873951838665527, -0.4159445408644089, 0.25098447561402604, -0.3794809038009763]","[4.487234388705588, 0.015849380002085356, 0.07937755376396456, 0.12109090912428414, 4.551928284758914, -0.005274537247115199, -0.17480112228570033, 0.06566057043789793, 4.640631591465251]","[4.487234388705588, 0.015849380002085356, 0.07937755376396456, 0.12109090912428414, 4.551928284758914, -0.005274537247115199, -0.17480112228570036, 0.06566057043789793, 4.640631591465251]",2.220446049250313e-16,True
matrix_add,Eigen,2,1000000000000,"[1251218367987.295, 1263398499445.708, 1196439335522.4617]","[889471583359.2222, 1387452740350.7996, 1198616994535.5376]","[1966250055993.725, 53201326746.19782, -94675065973.51653, -77307288145.71173, 2078159279314.4773, 49711972034.18998, -52358056331.97752, 40974424372.96557, 2059132541961.7878]","[0.8027190792870906, 0.518690988424941, 0.17682674073466093, -0.235231889922264]","[4482727848741.262, 58511452447.71268, -80816968561.91492, -170973942093.45728, 4550437396091.989, -5261217880.933029, -16576399420.110268, 8101944140.506737, 4470640844601.061]","[4482727848741.262, 58511452447.71268, -80816968561.91493, -170973942093.45728, 4550437396091.989, -5261217880.933029, -16576399420.110268, 8101944140.506737, 4470640844601.061]",0.000244140625,True
matrix_add,GLM,0,1e-09,"[1.161879471170269e-09, 8.44319530332419e-10, 1.1941939014182526e-09]","[5.989612953806611e-10, 9.426573284208318e-10, 1.2298288396871217e-09]","[2.0948838045003205e-09, -3.932605756524321e-12, -3.577418839954607e-11, -7.925124994085522e-11, 2.0639645683961173e-09, -2.1713004330476385e-11, 6.358103218516611e-11, 5.88815928189106e-12, 2.0149515845957286e-09]","[0.9274857234880097, 0.11447967604395723, 0.11281442516849256, -0.3375463552946413]","[4.585939551916493e-09, -6.142980059335745e-11, -1.349021848887502e-10, -1.6334006211534333e-10, 4.473096211618642e-09, 5.359442897294514e-11, 8.853294664478091e-11, 1.0177539583206983e-10, 4.592982954643794e-09]","[4.585939551916493e-09, -6.142980059335745e-11, -1.349021848887502e-10, -1.6334006211534336e-10, 4.473096211618642e-09, 5.359442897294514e-11, 8.853294664478091e-11, 1.0177539583206983e-10, 4.592982954643794e-09]",4.1359030627651384e-25,True
matrix_add,GLM,1,1,"[0.8504010357412088, 1.24300365713135, 1.2560054807842775]","[1.3873751055285175, 0.6082215815972852, 1.3077730342763871]","[1.945769908529422, -0.02075453362373847, 0.09276226205942213, 0.033947980856456894, 1.9767084861983004, -0.03875308931723945, -0.08752994451109584, 0.03472055394990912, 2.043444976732538]","[0.7873951838665527, -0.4159445408644089, 0.25098447561402604, -0.3794809038009763]","[4.487234388705588, 0.015849380002085356, 0.07937755376396456, 0.12109090912428414, 4.551928284758914, -0.005274537247115199, -0.17480112228570033, 0.06566057043789793, 4.640631591465251]","[4.487234388705588, 0.015849380002085356, 0.07937755376396456, 0.12109090912428414, 4.551928284758914, -0.005274537247115199, -0.17480112228570036, 0.06566057043789793, 4.640631591465251]",2.220446049250313e-16,True
matrix_add,GLM,2,1000000000000,"[1251218367987.295, 1263398499445.708, 1196439335522.4617]","[889471583359.2222, 1387452740350.7996, 1198616994535.5376]","[1966250055993.725, 53201326746.19782, -94675065973.51653, -77307288145.71173, 2078159279314.4773, 49711972034.18998, -52358056331.97752, 40974424372.96557, 2059132541961.7878]","[0.8027190792870906, 0.518690988424941, 0.17682674073466093, -0.235231889922264]","[4482727848741.262, 58511452447.71268, -80816968561.91492, -170973942093.45728, 4550437396091.989, -5261217880.933029, -16576399420.110268, 8101944140.506737, 4470640844601.061]","[4482727848741.262, 58511452447.71268, -80816968561.91493, -170973942093.45728, 4550437396091.989, -5261217880.933029, -16576399420.110268, 8101944140.506737, 4470640844601.061]",0.000244140625,True
matrix_add,Raw,0,1e-09,"[1.161879471170269e-09, 8.44319530332419e-10, 1.1941939014182526e-09]","[5.989612953806611e-10, 9.426573284208318e-10, 1.2298288396871217e-09]","[2.0948838045003205e-09, -3.932605756524321e-12, -3.577418839954607e-11, -7.925124994085522e-11, 2.0639645683961173e-09, -2.1713004330476385e-11, 6.358103218516611e-11, 5.88815928189106e-12, 2.0149515845957286e-09]","[0.9274857234880097, 0.11447967604395723, 0.11281442516849256, -0.3375463552946413]","[4.585939551916493e-09, -6.142980059335745e-11, -1.349021848887502e-10, -1.6334006211534333e-10, 4.473096211618642e-09, 5.359442897294514e-11, 8.853294664478091e-11, 1.0177539583206983e-10, 4.592982954643794e-09]","[4.585939551916493e-09, -6.142980059335745e-11, -1.349021848887502e-10, -1.6334006211534336e-10, 4.473096211618642e-09, 5.359442897294514e-11, 8.853294664478091e-11, 1.0177539583206983e-10, 4.592982954643794e-09]",4.1359030627651384e-25,True
matrix_add,Raw,1,1,"[0.8504010357412088, 1.24300365713135, 1.2560054807842775]","[1.3873751055285175, 0.6082215815972852, 1.3077730342763871]","[1.945769908529422, -0.02075453362373847, 0.09276226205942213, 0.033947980856456894, 1.9767084861983004, -0.03875308931723945, -0.08752994451109584, 0.03472055394990912, 2.043444976732538]","[0.7873951838665527, -0.4159445408644089, 0.25098447561402604, -0.3794809038009763]","[4.487234388705588, 0.015849380002085356, 0.07937755376396456, 0.12109090912428414, 4.551928284758914, -0.005274537247115199, -0.17480112228570033, 0.06566057043789793, 4.640631591465251]","[4.487234388705588, 0.015849380002085356, 0.07937755376396456, 0.12109090912428414, 4.551928284758914, -0.005274537247115199, -0.17480112228570036, 0.06566057043789793, 4.640631591465251]",2.220446049250313e-16,True
matrix_add,Raw,2,1000000000000,"[1251218367987.295, 1263398499445.708, 1196439335522.4617]","[889471583359.2222, 1387452740350.7996, 1198616994535.5376]","[1966250055993.725, 53201326746.19782, -94675065973.51653, -77307288145.71173, 2078159279314.4773, 49711972034.18998, -52358056331.97752, 40974424372.96557, 2059132541961.7878]","[0.8027190792870906, 0.518690988424941, 0.17682674073466093, -0.235231889922264]","[4482727848741.262, 58511452447.71268, -80816968561.91492, -170973942093.45728, 4550437396091.989, -5261217880.933029, -16576399420.110268, 8101944140.506737, 4470640844601.061]","[4482727848741.262, 58511452447.71268, -80816968561.91493, -170973942093.45728, 4550437396091.989, -5261217880.933029, -16576399420.110268, 8101944140.506737, 4470640844601.061]",0.000244140625,True
matrix_vector,Vectoris,0,1e-09,"[1.161879471170269e-09, 8.44319530332419e-10, 1.1941939014182526e-09]","[5.989612953806611e-10, 9.426573284208318e-10, 1.2298288396871217e-09]","[2.0948838045003205e-09, -3.932605756524321e-12, -3.577418839954607e-11, -7.925124994085522e-11, 2.0639645683961173e-09, -2.1713004330476385e-11, 6.358103218516611e-11, 5.88815928189106e-12, 2.0149515845957286e-09]","[0.9274857234880097, 0.11447967604395723, 0.11281442516849256, -0.3375463552946413]","[2.3879607934757367e-18, 1.6246356572871768e-18, 2.485087877908433e-18]","[2.3879607934757367e-18, 1.624635657287177e-18, 2.485087877908433e-18]",1.675784746532253e-34,True
matrix_vector,Vectoris,1,1,"[0.8504010357412088, 1.24300365713135, 1.2560054807842775]","[1.3873751055285175, 0.6082215815972852, 1.3077730342763871]","[1.945769908529422, -0.02075453362373847, 0.09276226205942213, 0.033947980856456894, 1.9767084861983004, -0.03875308931723945, -0.08752994451109584, 0.03472055394990912, 2.043444976732538]","[0.7873951838665527, -0.4159445408644089, 0.25098447561402604, -0.3794809038009763]","[1.7453966938877166, 2.4372511829289403, 2.535300310523925]","[1.7453966938877168, 2.4372511829289407, 2.535300310523925]",2.8492833092919057e-16,True
matrix_vector,Vectoris,2,1000000000000,"[1251218367987.295, 1263398499445.708, 1196439335522.4617]","[889471583359.2222, 1387452740350.7996, 1198616994535.5376]","[1966250055993.725, 53201326746.19782, -94675065973.51653, -77307288145.71173, 2078159279314.4773, 49711972034.18998, -52358056331.97752, 40974424372.96557, 2059132541961.7878]","[0.8027190792870906, 0.518690988424941, 0.17682674073466093, -0.235231889922264]","[2.414149689471164e+24, 2.588292374975981e+24, 2.449882834731212e+24]","[2.4141496894711638e+24, 2.588292374975981e+24, 2.449882834731211e+24]",334757888,True
matrix_vector,Eigen,0,1e-09,"[1.161879471170269e-09, 8.44319530332419e-10, 1.1941939014182526e-09]","[5.989612953806611e-10, 9.426573284208318e-10, 1.2298288396871217e-09]","[2.0948838045003205e-09, -3.932605756524321e-12, -3.577418839954607e-11, -7.925124994085522e-11, 2.0639645683961173e-09, -2.1713004330476385e-11, 6.358103218516611e-11, 5.88815928189106e-12, 2.0149515845957286e-09]","[0.9274857234880097, 0.11447967604395723, 0.11281442516849256, -0.3375463552946413]","[2.3879607934757367e-18, 1.6246356572871768e-18, 2.485087877908433e-18]","[2.3879607934757367e-18, 1.624635657287177e-18, 2.485087877908433e-18]",1.675784746532253e-34,True
matrix_vector,Eigen,1,1,"[0.8504010357412088, 1.24300365713135, 1.2560054807842775]","[1.3873751055285175, 0.6082215815972852, 1.3077730342763871]","[1.945769908529422, -0.02075453362373847, 0.09276226205942213, 0.033947980856456894, 1.9767084861983004, -0.03875308931723945, -0.08752994451109584, 0.03472055394990912, 2.043444976732538]","[0.7873951838665527, -0.4159445408644089, 0.25098447561402604, -0.3794809038009763]","[1.7453966938877166, 2.4372511829289403, 2.535300310523925]","[1.7453966938877168, 2.4372511829289407, 2.535300310523925]",2.8492833092919057e-16,True
matrix_vector,Eigen,2,1000000000000,"[1251218367987.295, 1263398499445.708, 1196439335522.4617]","[889471583359.2222, 1387452740350.7996, 1198616994535.5376]","[1966250055993.725, 53201326746.19782, -94675065973.51653, -77307288145.71173, 2078159279314.4773, 49711972034.18998, -52358056331.97752, 40974424372.96557, 2059132541961.7878]","[0.8027190792870906, 0.518690988424941, 0.17682674073466093, -0.235231889922264]","[2.414149689471164e+24, 2.588292374975981e+24, 2.449882834731212e+24]","[2.4141496894711638e+24, 2.588292374975981e+24, 2.449882834731211e+24]",334757888,True
matrix_vector,GLM,0,1e-09,"[1.161879471170269e-09, 8.44319530332419e-10, 1.1941939014182526e-09]","[5.989612953806611e-10, 9.426573284208318e-10, 1.2298288396871217e-09]","[2.0948838045003205e-09, -3.932605756524321e-12, -3.577418839954607e-11, -7.925124994085522e-11, 2.0639645683961173e-09, -2.1713004330476385e-11, 6.358103218516611e-11, 5.88815928189106e-12, 2.0149515845957286e-09]","[0.9274857234880097, 0.11447967604395723, 0.11281442516849256, -0.3375463552946413]","[2.3879607934757367e-18, 1.6246356572871768e-18, 2.485087877908433e-18]","[2.3879607934757367e-18, 1.624635657287177e-18, 2.485087877908433e-18]",1.675784746532253e-34,True
matrix_vector,GLM,1,1,"[0.8504010357412088, 1.24300365713135, 1.2560054807842775]","[1.3873751055285175, 0.6082215815972852, 1.3077730342763871]","[1.945769908529422, -0.02075453362373847, 0.09276226205942213, 0.033947980856456894, 1.9767084861983004, -0.03875308931723945, -0.08752994451109584, 0.03472055394990912, 2.043444976732538]","[0.7873951838665527, -0.4159445408644089, 0.25098447561402604, -0.3794809038009763]","[1.7453966938877166, 2.4372511829289403, 2.535300310523925]","[1.7453966938877168, 2.4372511829289407, 2.535300310523925]",2.8492833092919057e-16,True
matrix_vector,GLM,2,1000000000000,"[1251218367987.295, 1263398499445.708, 1196439335522.4617]","[889471583359.2222, 1387452740350.7996, 1198616994535.5376]","[1966250055993.725, 53201326746.19782, -94675065973.51653, -77307288145.71173, 2078159279314.4773, 49711972034.18998, -52358056331.97752, 40974424372.96557, 2059132541961.7878]","[0.8027190792870906, 0.518690988424941, 0.17682674073466093, -0.235231889922264]","[2.414149689471164e+24, 2.588292374975981e+24, 2.449882834731212e+24]","[2.4141496894711638e+24, 2.588292374975981e+24, 2.449882834731211e+24]",334757888,True
matrix_vector,Raw,0,1e-09,"[1.161879471170269e-09, 8.44319530332419e-10, 1.1941939014182526e-09]","[5.989612953806611e-10, 9.426573284208318e-10, 1.2298288396871217e-09]","[2.0948838045003205e-09, -3.932605756524321e-12, -3.577418839954607e-11, -7.925124994085522e-11, 2.0639645683961173e-09, -2.1713004330476385e-11, 6.358103218516611e-11, 5.88815928189106e-12, 2.0149515845957286e-09]","[0.9274857234880097, 0.11447967604395723, 0.11281442516849256, -0.3375463552946413]","[2.3879607934757367e-18, 1.6246356572871768e-18, 2.485087877908433e-18]","[2.3879607934757367e-18, 1.624635657287177e-18, 2.485087877908433e-18]",1.675784746532253e-34,True
matrix_vector,Raw,1,1,"[0.8504010357412088, 1.24300365713135, 1.2560054807842775]","[1.3873751055285175, 0.6082215815972852, 1.3077730342763871]","[1.945769908529422, -0.02075453362373847, 0.09276226205942213, 0.033947980856456894, 1.9767084861983004, -0.03875308931723945, -0.08752994451109584, 0.03472055394990912, 2.043444976732538]","[0.7873951838665527, -0.4159445408644089, 0.25098447561402604, -0.3794809038009763]","[1.7453966938877166, 2.4372511829289403, 2.535300310523925]","[1.7453966938877168, 2.4372511829289407, 2.535300310523925]",2.8492833092919057e-16,True
matrix_vector,Raw,2,1000000000000,"[1251218367987.295, 1263398499445.708, 1196439335522.4617]","[889471583359.2222, 1387452740350.7996, 1198616994535.5376]","[1966250055993.725, 53201326746.19782, -94675065973.51653, -77307288145.71173, 2078159279314.4773, 49711972034.18998, -52358056331.97752, 40974424372.96557, 2059132541961.7878]","[0.8027190792870906, 0.518690988424941, 0.17682674073466093, -0.235231889922264]","[2.414149689471164e+24, 2.588292374975981e+24, 2.449882834731212e+24]","[2.4141496894711638e+24, 2.588292374975981e+24, 2.449882834731211e+24]",334757888,True
matrix_matrix,Vectoris,0,1e-09,"[1.161879471170269e-09, 8.44319530332419e-10, 1.1941939014182526e-09]","[5.989612953806611e-10, 9.426573284208318e-10, 1.2298288396871217e-09]","[2.0948838045003205e-09, -3.932605756524321e-12, -3.577418839954607e-11, -7.925124994085522e-11, 2.0639645683961173e-09, -2.1713004330476385e-11, 6.358103218516611e-11, 5.88815928189106e-12, 2.0149515845957286e-09]","[0.9274857234880097, 0.11447967604395723, 0.11281442516849256, -0.3375463552946413]","[5.2179103950275906e-18, -1.3335439530170092e-19, -3.0018476879555576e-19, -3.7151739160845784e-19, 4.974837076789669e-18, 1.0731108539906033e-19, 2.0816566691070025e-19, 2.037377590801489e-19, 5.188749156043017e-18]","[5.2179103950275906e-18, -1.3335439530170092e-19, -3.0018476879555576e-19, -3.715173916084579e-19, 4.974837076789669e-18, 1.0731108539906032e-19, 2.0816566691070023e-19, 2.037377590801489e-19, 5.188749156043016e-18]",5.055566104016494e-34,True
matrix_matrix,Vectoris,1,1,"[0.8504010357412088, 1.24300365713135, 1.2560054807842775]","[1.3873751055285175, 0.6082215815972852, 1.3077730342763871]","[1.945769908529422, -0.02075453362373847, 0.09276226205942213, 0.033947980856456894, 1.9767084861983004, -0.03875308931723945, -0.08752994451109584, 0.03472055394990912, 2.043444976732538]","[0.7873951838665527, -0.4159445408644089, 0.25098447561402604, -0.3794809038009763]","[4.935201026425386, 0.020645373687376484, 0.21418251100270042, 0.26191578108668945, 5.090502437377248, -0.034926050692612745, -0.39776244402151256, 0.14943334069264322, 5.309541898160262]","[4.935201026425386, 0.02064537368737648, 0.2141825110027004, 0.26191578108668945, 5.090502437377248, -0.03492605069261276, -0.39776244402151256, 0.14943334069264322, 5.309541898160262]",2.1163626406917047e-16,True
matrix_matrix,Vectoris,2,1000000000000,"[1251218367987.295, 1263398499445.708, 1196439335522.4617]","[889471583359.2222, 1387452740350.7996, 1198616994535.5376]","[1966250055993.725, 53201326746.19782, -94675065973.51653, -77307288145.71173, 2078159279314.4773, 49711972034.18998, -52358056331.97752, 40974424372.96557, 2059132541961.7878]","[0.8027190792870906, 0.518690988424941, 0.17682674073466093, -0.235231889922264]","[4.939653779906139e+24, 1.4508171509081352e+23, -2.0398586947548307e+23, -3.874175231723241e+23, 5.1357430421916e+24, 4.5664566356405104e+21, -6.191664910675881e+22, 3.3333351082576537e+22, 4.962637143317913e+24]","[4.939653779906139e+24, 1.450817150908135e+23, -2.0398586947548307e+23, -3.874175231723241e+23, 5.1357430421916e+24, 4.5664566356405083e+21, -6.191664910675882e+22, 3.333335108257654e+22, 4.962637143317913e+24]",509607936,True
matrix_matrix,Eigen,0,1e-09,"[1.161879471170269e-09, 8.44319530332419e-10, 1.1941939014182526e-09]","[5.989612953806611e-10, 9.426573284208318e-10, 1.2298288396871217e-09]","[2.0948838045003205e-09, -3.932605756524321e-12, -3.577418839954607e-11, -7.925124994085522e-11, 2.0639645683961173e-09, -2.1713004330476385e-11, 6.358103218516611e-11, 5.88815928189106e-12, 2.0149515845957286e-09]","[0.9274857234880097, 0.11447967604395723, 0.11281442516849256, -0.3375463552946413]","[5.2179103950275906e-18, -1.3335439530170092e-19, -3.0018476879555576e-19, -3.7151739160845784e-19, 4.974837076789669e-18, 1.0731108539906033e-19, 2.0816566691070025e-19, 2.0373775908014886e-19, 5.188749156043017e-18]","[5.2179103950275906e-18, -1.3335439530170092e-19, -3.0018476879555576e-19, -3.715173916084579e-19, 4.974837076789669e-18, 1.0731108539906032e-19, 2.0816566691070023e-19, 2.037377590801489e-19, 5.188749156043016e-18]",5.055566104016494e-34,True
matrix_matrix,Eigen,1,1,"[0.8504010357412088, 1.24300365713135, 1.2560054807842775]","[1.3873751055285175, 0.6082215815972852, 1.3077730342763871]","[1.945769908529422, -0.02075453362373847, 0.09276226205942213, 0.033947980856456894, 1.9767084861983004, -0.03875308931723945, -0.08752994451109584, 0.03472055394990912, 2.043444976732538]","[0.7873951838665527, -0.4159445408644089, 0.25098447561402604, -0.3794809038009763]","[4.935201026425386, 0.020645373687376484, 0.21418251100270042, 0.26191578108668945, 5.090502437377248, -0.034926050692612745, -0.39776244402151256, 0.14943334069264322, 5.309541898160262]","[4.935201026425386, 0.02064537368737648, 0.2141825110027004, 0.26191578108668945, 5.090502437377248, -0.03492605069261276, -0.39776244402151256, 0.14943334069264322, 5.309541898160262]",2.1163626406917047e-16,True
matrix_matrix,Eigen,2,1000000000000,"[1251218367987.295, 1263398499445.708, 1196439335522.4617]","[889471583359.2222, 1387452740350.7996, 1198616994535.5376]","[1966250055993.725, 53201326746.19782, -94675065973.51653, -77307288145.71173, 2078159279314.4773, 49711972034.18998, -52358056331.97752, 40974424372.96557, 2059132541961.7878]","[0.8027190792870906, 0.518690988424941, 0.17682674073466093, -0.235231889922264]","[4.939653779906139e+24, 1.4508171509081352e+23, -2.0398586947548307e+23, -3.874175231723241e+23, 5.1357430421916e+24, 4.5664566356405104e+21, -6.191664910675882e+22, 3.333335108257654e+22, 4.962637143317914e+24]","[4.939653779906139e+24, 1.450817150908135e+23, -2.0398586947548307e+23, -3.874175231723241e+23, 5.1357430421916e+24, 4.5664566356405083e+21, -6.191664910675882e+22, 3.333335108257654e+22, 4.962637143317913e+24]",957349888,True
matrix_matrix,GLM,0,1e-09,"[1.161879471170269e-09, 8.44319530332419e-10, 1.1941939014182526e-09]","[5.989612953806611e-10, 9.426573284208318e-10, 1.2298288396871217e-09]","[2.0948838045003205e-09, -3.932605756524321e-12, -3.577418839954607e-11, -7.925124994085522e-11, 2.0639645683961173e-09, -2.1713004330476385e-11, 6.358103218516611e-11, 5.88815928189106e-12, 2.0149515845957286e-09]","[0.9274857234880097, 0.11447967604395723, 0.11281442516849256, -0.3375463552946413]","[5.2179103950275906e-18, -1.3335439530170092e-19, -3.0018476879555576e-19, -3.7151739160845784e-19, 4.974837076789669e-18, 1.0731108539906033e-19, 2.0816566691070025e-19, 2.037377590801489e-19, 5.188749156043017e-18]","[5.2179103950275906e-18, -1.3335439530170092e-19, -3.0018476879555576e-19, -3.715173916084579e-19, 4.974837076789669e-18, 1.0731108539906032e-19, 2.0816566691070023e-19, 2.037377590801489e-19, 5.188749156043016e-18]",5.055566104016494e-34,True
matrix_matrix,GLM,1,1,"[0.8504010357412088, 1.24300365713135, 1.2560054807842775]","[1.3873751055285175, 0.6082215815972852, 1.3077730342763871]","[1.945769908529422, -0.02075453362373847, 0.09276226205942213, 0.033947980856456894, 1.9767084861983004, -0.03875308931723945, -0.08752994451109584, 0.03472055394990912, 2.043444976732538]","[0.7873951838665527, -0.4159445408644089, 0.25098447561402604, -0.3794809038009763]","[4.935201026425386, 0.020645373687376484, 0.21418251100270042, 0.26191578108668945, 5.090502437377248, -0.034926050692612745, -0.39776244402151256, 0.14943334069264322, 5.309541898160262]","[4.935201026425386, 0.02064537368737648, 0.2141825110027004, 0.26191578108668945, 5.090502437377248, -0.03492605069261276, -0.39776244402151256, 0.14943334069264322, 5.309541898160262]",2.1163626406917047e-16,True
matrix_matrix,GLM,2,1000000000000,"[1251218367987.295, 1263398499445.708, 1196439335522.4617]","[889471583359.2222, 1387452740350.7996, 1198616994535.5376]","[1966250055993.725, 53201326746.19782, -94675065973.51653, -77307288145.71173, 2078159279314.4773, 49711972034.18998, -52358056331.97752, 40974424372.96557, 2059132541961.7878]","[0.8027190792870906, 0.518690988424941, 0.17682674073466093, -0.235231889922264]","[4.939653779906139e+24, 1.4508171509081352e+23, -2.0398586947548307e+23, -3.874175231723241e+23, 5.1357430421916e+24, 4.5664566356405104e+21, -6.191664910675881e+22, 3.3333351082576537e+22, 4.962637143317913e+24]","[4.939653779906139e+24, 1.450817150908135e+23, -2.0398586947548307e+23, -3.874175231723241e+23, 5.1357430421916e+24, 4.5664566356405083e+21, -6.191664910675882e+22, 3.333335108257654e+22, 4.962637143317913e+24]",509607936,True
matrix_matrix,Raw,0,1e-09,"[1.161879471170269e-09, 8.44319530332419e-10, 1.1941939014182526e-09]","[5.989612953806611e-10, 9.426573284208318e-10, 1.2298288396871217e-09]","[2.0948838045003205e-09, -3.932605756524321e-12, -3.577418839954607e-11, -7.925124994085522e-11, 2.0639645683961173e-09, -2.1713004330476385e-11, 6.358103218516611e-11, 5.88815928189106e-12, 2.0149515845957286e-09]","[0.9274857234880097, 0.11447967604395723, 0.11281442516849256, -0.3375463552946413]","[5.2179103950275906e-18, -1.3335439530170092e-19, -3.0018476879555576e-19, -3.7151739160845784e-19, 4.974837076789669e-18, 1.0731108539906033e-19, 2.0816566691070025e-19, 2.037377590801489e-19, 5.188749156043017e-18]","[5.2179103950275906e-18, -1.3335439530170092e-19, -3.0018476879555576e-19, -3.715173916084579e-19, 4.974837076789669e-18, 1.0731108539906032e-19, 2.0816566691070023e-19, 2.037377590801489e-19, 5.188749156043016e-18]",5.055566104016494e-34,True
matrix_matrix,Raw,1,1,"[0.8504010357412088, 1.24300365713135, 1.2560054807842775]","[1.3873751055285175, 0.6082215815972852, 1.3077730342763871]","[1.945769908529422, -0.02075453362373847, 0.09276226205942213, 0.033947980856456894, 1.9767084861983004, -0.03875308931723945, -0.08752994451109584, 0.03472055394990912, 2.043444976732538]","[0.7873951838665527, -0.4159445408644089, 0.25098447561402604, -0.3794809038009763]","[4.935201026425386, 0.020645373687376484, 0.21418251100270042, 0.26191578108668945, 5.090502437377248, -0.034926050692612745, -0.39776244402151256, 0.14943334069264322, 5.309541898160262]","[4.935201026425386, 0.02064537368737648, 0.2141825110027004, 0.26191578108668945, 5.090502437377248, -0.03492605069261276, -0.39776244402151256, 0.14943334069264322, 5.309541898160262]",2.1163626406917047e-16,True
matrix_matrix,Raw,2,1000000000000,"[1251218367987.295, 1263398499445.708, 1196439335522.4617]","[889471583359.2222, 1387452740350.7996, 1198616994535.5376]","[1966250055993.725, 53201326746.19782, -94675065973.51653, -77307288145.71173, 2078159279314.4773, 49711972034.18998, -52358056331.97752, 40974424372.96557, 2059132541961.7878]","[0.8027190792870906, 0.518690988424941, 0.17682674073466093, -0.235231889922264]","[4.939653779906139e+24, 1.4508171509081352e+23, -2.0398586947548307e+23, -3.874175231723241e+23, 5.1357430421916e+24, 4.5664566356405104e+21, -6.191664910675881e+22, 3.3333351082576537e+22, 4.962637143317913e+24]","[4.939653779906139e+24, 1.450817150908135e+23, -2.0398586947548307e+23, -3.874175231723241e+23, 5.1357430421916e+24, 4.5664566356405083e+21, -6.191664910675882e+22, 3.333335108257654e+22, 4.962637143317913e+24]",509607936,True
matrix_transpose,Vectoris,0,1e-09,"[1.161879471170269e-09, 8.44319530332419e-10, 1.1941939014182526e-09]","[5.989612953806611e-10, 9.426573284208318e-10, 1.2298288396871217e-09]","[2.0948838045003205e-09, -3.932605756524321e-12, -3.577418839954607e-11, -7.925124994085522e-11, 2.0639645683961173e-09, -2.1713004330476385e-11, 6.358103218516611e-11, 5.88815928189106e-12, 2.0149515845957286e-09]","[0.9274857234880097, 0.11447967604395723, 0.11281442516849256, -0.3375463552946413]","[2.0948838045003205e-09, -7.925124994085522e-11, 6.358103218516611e-11, -3.932605756524321e-12, 2.0639645683961173e-09, 5.88815928189106e-12, -3.577418839954607e-11, -2.1713004330476385e-11, 2.0149515845957286e-09]","[2.0948838045003205e-09, -7.925124994085522e-11, 6.358103218516611e-11, -3.932605756524321e-12, 2.0639645683961173e-09, 5.88815928189106e-12, -3.577418839954607e-11, -2.1713004330476385e-11, 2.0149515845957286e-09]",0,True
matrix_transpose,Vectoris,1,1,"[0.8504010357412088, 1.24300365713135, 1.2560054807842775]","[1.3873751055285175, 0.6082215815972852, 1.3077730342763871]","[1.945769908529422, -0.02075453362373847, 0.09276226205942213, 0.033947980856456894, 1.9767084861983004, -0.03875308931723945, -0.08752994451109584, 0.03472055394990912, 2.043444976732538]","[0.7873951838665527, -0.4159445408644089, 0.25098447561402604, -0.3794809038009763]","[1.945769908529422, 0.033947980856456894, -0.08752994451109584, -0.02075453362373847, 1.9767084861983004, 0.03472055394990912, 0.09276226205942213, -0.03875308931723945, 2.043444976732538]","[1.945769908529422, 0.033947980856456894, -0.08752994451109584, -0.02075453362373847, 1.9767084861983004, 0.03472055394990912, 0.09276226205942213, -0.03875308931723945, 2.043444976732538]",0,True
matrix_transpose,Vectoris,2,1000000000000,"[1251218367987.295, 1263398499445.708, 1196439335522.4617]","[889471583359.2222, 1387452740350.7996, 1198616994535.5376]","[1966250055993.725, 53201326746.19782, -94675065973.51653, -77307288145.71173, 2078159279314.4773, 49711972034.18998, -52358056331.97752, 40974424372.96557, 2059132541961.7878]","[0.8027190792870906, 0.518690988424941, 0.17682674073466093, -0.235231889922264]","[1966250055993.725, -77307288145.71173, -52358056331.97752, 53201326746.19782, 2078159279314.4773, 40974424372.96557, -94675065973.51653, 49711972034.18998, 2059132541961.7878]","[1966250055993.725, -77307288145.71173, -52358056331.97752, 53201326746.19782, 2078159279314.4773, 40974424372.96557, -94675065973.51653, 49711972034.18998, 2059132541961.7878]",0,True
matrix_transpose,Eigen,0,1e-09,"[1.161879471170269e-09, 8.44319530332419e-10, 1.1941939014182526e-09]","[5.989612953806611e-10, 9.426573284208318e-10, 1.2298288396871217e-09]","[2.0948838045003205e-09, -3.932605756524321e-12, -3.577418839954607e-11, -7.925124994085522e-11, 2.0639645683961173e-09, -2.1713004330476385e-11, 6.358103218516611e-11, 5.88815928189106e-12, 2.0149515845957286e-09]","[0.9274857234880097, 0.11447967604395723, 0.11281442516849256, -0.3375463552946413]","[2.0948838045003205e-09, -7.925124994085522e-11, 6.358103218516611e-11, -3.932605756524321e-12, 2.0639645683961173e-09, 5.88815928189106e-12, -3.577418839954607e-11, -2.1713004330476385e-11, 2.0149515845957286e-09]","[2.0948838045003205e-09, -7.925124994085522e-11, 6.358103218516611e-11, -3.932605756524321e-12, 2.0639645683961173e-09, 5.88815928189106e-12, -3.577418839954607e-11, -2.1713004330476385e-11, 2.0149515845957286e-09]",0,True
matrix_transpose,Eigen,1,1,"[0.8504010357412088, 1.24300365713135, 1.2560054807842775]","[1.3873751055285175, 0.6082215815972852, 1.3077730342763871]","[1.945769908529422, -0.02075453362373847, 0.09276226205942213, 0.033947980856456894, 1.9767084861983004, -0.03875308931723945, -0.08752994451109584, 0.03472055394990912, 2.043444976732538]","[0.7873951838665527, -0.4159445408644089, 0.25098447561402604, -0.3794809038009763]","[1.945769908529422, 0.033947980856456894, -0.08752994451109584, -0.02075453362373847, 1.9767084861983004, 0.03472055394990912, 0.09276226205942213, -0.03875308931723945, 2.043444976732538]","[1.945769908529422, 0.033947980856456894, -0.08752994451109584, -0.02075453362373847, 1.9767084861983004, 0.03472055394990912, 0.09276226205942213, -0.03875308931723945, 2.043444976732538]",0,True
matrix_transpose,Eigen,2,1000000000000,"[1251218367987.295, 1263398499445.708, 1196439335522.4617]","[889471583359.2222, 1387452740350.7996, 1198616994535.5376]","[1966250055993.725, 53201326746.19782, -94675065973.51653, -77307288145.71173, 2078159279314.4773, 49711972034.18998, -52358056331.97752, 40974424372.96557, 2059132541961.7878]","[0.8027190792870906, 0.518690988424941, 0.17682674073466093, -0.235231889922264]","[1966250055993.725, -77307288145.71173, -52358056331.97752, 53201326746.19782, 2078159279314.4773, 40974424372.96557, -94675065973.51653, 49711972034.18998, 2059132541961.7878]","[1966250055993.725, -77307288145.71173, -52358056331.97752, 53201326746.19782, 2078159279314.4773, 40974424372.96557, -94675065973.51653, 49711972034.18998, 2059132541961.7878]",0,True
matrix_transpose,GLM,0,1e-09,"[1.161879471170269e-09, 8.44319530332419e-10, 1.1941939014182526e-09]","[5.989612953806611e-10, 9.426573284208318e-10, 1.2298288396871217e-09]","[2.0948838045003205e-09, -3.932605756524321e-12, -3.577418839954607e-11, -7.925124994085522e-11, 2.0639645683961173e-09, -2.1713004330476385e-11, 6.358103218516611e-11, 5.88815928189106e-12, 2.0149515845957286e-09]","[0.9274857234880097, 0.11447967604395723, 0.11281442516849256, -0.3375463552946413]","[2.0948838045003205e-09, -7.925124994085522e-11, 6.358103218516611e-11, -3.932605756524321e-12, 2.0639645683961173e-09, 5.88815928189106e-12, -3.577418839954607e-11, -2.1713004330476385e-11, 2.0149515845957286e-09]","[2.0948838045003205e-09, -7.925124994085522e-11, 6.358103218516611e-11, -3.932605756524321e-12, 2.0639645683961173e-09, 5.88815928189106e-12, -3.577418839954607e-11, -2.1713004330476385e-11, 2.0149515845957286e-09]",0,True
matrix_transpose,GLM,1,1,"[0.8504010357412088, 1.24300365713135, 1.2560054807842775]","[1.3873751055285175, 0.6082215815972852, 1.3077730342763871]","[1.945769908529422, -0.02075453362373847, 0.09276226205942213, 0.033947980856456894, 1.9767084861983004, -0.03875308931723945, -0.08752994451109584, 0.03472055394990912, 2.043444976732538]","[0.7873951838665527, -0.4159445408644089, 0.25098447561402604, -0.3794809038009763]","[1.945769908529422, 0.033947980856456894, -0.08752994451109584, -0.02075453362373847, 1.9767084861983004, 0.03472055394990912, 0.09276226205942213, -0.03875308931723945, 2.043444976732538]","[1.945769908529422, 0.033947980856456894, -0.08752994451109584, -0.02075453362373847, 1.9767084861983004, 0.03472055394990912, 0.09276226205942213, -0.03875308931723945, 2.043444976732538]",0,True
matrix_transpose,GLM,2,1000000000000,"[1251218367987.295, 1263398499445.708, 1196439335522.4617]","[889471583359.2222, 1387452740350.7996, 1198616994535.5376]","[1966250055993.725, 53201326746.19782, -94675065973.51653, -77307288145.71173, 2078159279314.4773, 49711972034.18998, -52358056331.97752, 40974424372.96557, 2059132541961.7878]","[0.8027190792870906, 0.518690988424941, 0.17682674073466093, -0.235231889922264]","[1966250055993.725, -77307288145.71173, -52358056331.97752, 53201326746.19782, 2078159279314.4773, 40974424372.96557, -94675065973.51653, 49711972034.18998, 2059132541961.7878]","[1966250055993.725, -77307288145.71173, -52358056331.97752, 53201326746.19782, 2078159279314.4773, 40974424372.96557, -94675065973.51653, 49711972034.18998, 2059132541961.7878]",0,True
matrix_transpose,Raw,0,1e-09,"[1.161879471170269e-09, 8.44319530332419e-10, 1.1941939014182526e-09]","[5.989612953806611e-10, 9.426573284208318e-10, 1.2298288396871217e-09]","[2.0948838045003205e-09, -3.932605756524321e-12, -3.577418839954607e-11, -7.925124994085522e-11, 2.0639645683961173e-09, -2.1713004330476385e-11, 6.358103218516611e-11, 5.88815928189106e-12, 2.0149515845957286e-09]","[0.9274857234880097, 0.11447967604395723, 0.11281442516849256, -0.3375463552946413]","[2.0948838045003205e-09, -7.925124994085522e-11, 6.358103218516611e-11, -3.932605756524321e-12, 2.0639645683961173e-09, 5.88815928189106e-12, -3.577418839954607e-11, -2.1713004330476385e-11, 2.0149515845957286e-09]","[2.0948838045003205e-09, -7.925124994085522e-11, 6.358103218516611e-11, -3.932605756524321e-12, 2.0639645683961173e-09, 5.88815928189106e-12, -3.577418839954607e-11, -2.1713004330476385e-11, 2.0149515845957286e-09]",0,True
matrix_transpose,Raw,1,1,"[0.8504010357412088, 1.24300365713135, 1.2560054807842775]","[1.3873751055285175, 0.6082215815972852, 1.3077730342763871]","[1.945769908529422, -0.02075453362373847, 0.09276226205942213, 0.033947980856456894, 1.9767084861983004, -0.03875308931723945, -0.08752994451109584, 0.03472055394990912, 2.043444976732538]","[0.7873951838665527, -0.4159445408644089, 0.25098447561402604, -0.3794809038009763]","[1.945769908529422, 0.033947980856456894, -0.08752994451109584, -0.02075453362373847, 1.9767084861983004, 0.03472055394990912, 0.09276226205942213, -0.03875308931723945, 2.043444976732538]","[1.945769908529422, 0.033947980856456894, -0.08752994451109584, -0.02075453362373847, 1.9767084861983004, 0.03472055394990912, 0.09276226205942213, -0.03875308931723945, 2.043444976732538]",0,True
matrix_transpose,Raw,2,1000000000000,"[1251218367987.295, 1263398499445.708, 1196439335522.4617]","[889471583359.2222, 1387452740350.7996, 1198616994535.5376]","[1966250055993.725, 53201326746.19782, -94675065973.51653, -77307288145.71173, 2078159279314.4773, 49711972034.18998, -52358056331.97752, 40974424372.96557, 2059132541961.7878]","[0.8027190792870906, 0.518690988424941, 0.17682674073466093, -0.235231889922264]","[1966250055993.725, -77307288145.71173, -52358056331.97752, 53201326746.19782, 2078159279314.4773, 40974424372.96557, -94675065973.51653, 49711972034.18998, 2059132541961.7878]","[1966250055993.725, -77307288145.71173, -52358056331.97752, 53201326746.19782, 2078159279314.4773, 40974424372.96557, -94675065973.51653, 49711972034.18998, 2059132541961.7878]",0,True
matrix_determinant,Vectoris,0,1e-09,"[1.161879471170269e-09, 8.44319530332419e-10, 1.1941939014182526e-09]","[5.989612953806611e-10, 9.426573284208318e-10, 1.2298288396871217e-09]","[2.0948838045003205e-09, -3.932605756524321e-12, -3.577418839954607e-11, -7.925124994085522e-11, 2.0639645683961173e-09, -2.1713004330476385e-11, 6.358103218516611e-11, 5.88815928189106e-12, 2.0149515845957286e-09]","[0.9274857234880097, 0.11447967604395723, 0.11281442516849256, -0.3375463552946413]",[8.71653562332382e-27],[8.716535623323823e-27],2.7976923840244973e-42,True
matrix_determinant,Vectoris,1,1,"[0.8504010357412088, 1.24300365713135, 1.2560054807842775]","[1.3873751055285175, 0.6082215815972852, 1.3077730342763871]","[1.945769908529422, -0.02075453362373847, 0.09276226205942213, 0.033947980856456894, 1.9767084861983004, -0.03875308931723945, -0.08752994451109584, 0.03472055394990912, 2.043444976732538]","[0.7873951838665527, -0.4159445408644089, 0.25098447561402604, -0.3794809038009763]",[7.8796853370470705],[7.8796853370470705],7.155734338404329e-17,True
matrix_determinant,Vectoris,2,1000000000000,"[1251218367987.295, 1263398499445.708, 1196439335522.4617]","[889471583359.2222, 1387452740350.7996, 1198616994535.5376]","[1966250055993.725, 53201326746.19782, -94675065973.51653, -77307288145.71173, 2078159279314.4773, 49711972034.18998, -52358056331.97752, 40974424372.96557, 2059132541961.7878]","[0.8027190792870906, 0.518690988424941, 0.17682674073466093, -0.235231889922264]",[8.408311647714487e+36],[8.408311647714488e+36],1.058958401981389e+21,True
matrix_determinant,Eigen,0,1e-09,"[1.161879471170269e-09, 8.44319530332419e-10, 1.1941939014182526e-09]","[5.989612953806611e-10, 9.426573284208318e-10, 1.2298288396871217e-09]","[2.0948838045003205e-09, -3.932605756524321e-12, -3.577418839954607e-11, -7.925124994085522e-11, 2.0639645683961173e-09, -2.1713004330476385e-11, 6.358103218516611e-11, 5.88815928189106e-12, 2.0149515845957286e-09]","[0.9274857234880097, 0.11447967604395723, 0.11281442516849256, -0.3375463552946413]",[8.71653562332382e-27],[8.716535623323823e-27],2.7976923840244973e-42,True
matrix_determinant,Eigen,1,1,"[0.8504010357412088, 1.24300365713135, 1.2560054807842775]","[1.3873751055285175, 0.6082215815972852, 1.3077730342763871]","[1.945769908529422, -0.02075453362373847, 0.09276226205942213, 0.033947980856456894, 1.9767084861983004, -0.03875308931723945, -0.08752994451109584, 0.03472055394990912, 2.043444976732538]","[0.7873951838665527, -0.4159445408644089, 0.25098447561402604, -0.3794809038009763]",[7.8796853370470705],[7.8796853370470705],7.155734338404329e-17,True
matrix_determinant,Eigen,2,1000000000000,"[1251218367987.295, 1263398499445.708, 1196439335522.4617]","[889471583359.2222, 1387452740350.7996, 1198616994535.5376]","[1966250055993.725, 53201326746.19782, -94675065973.51653, -77307288145.71173, 2078159279314.4773, 49711972034.18998, -52358056331.97752, 40974424372.96557, 2059132541961.7878]","[0.8027190792870906, 0.518690988424941, 0.17682674073466093, -0.235231889922264]",[8.408311647714487e+36],[8.408311647714488e+36],1.058958401981389e+21,True
matrix_determinant,GLM,0,1e-09,"[1.161879471170269e-09, 8.44319530332419e-10, 1.1941939014182526e-09]","[5.989612953806611e-10, 9.426573284208318e-10, 1.2298288396871217e-09]","[2.0948838045003205e-09, -3.932605756524321e-12, -3.577418839954607e-11, -7.925124994085522e-11, 2.0639645683961173e-09, -2.1713004330476385e-11, 6.358103218516611e-11, 5.88815928189106e-12, 2.0149515845957286e-09]","[0.9274857234880097, 0.11447967604395723, 0.11281442516849256, -0.3375463552946413]",[8.71653562332382e-27],[8.716535623323823e-27],2.7976923840244973e-42,True
matrix_determinant,GLM,1,1,"[0.8504010357412088, 1.24300365713135, 1.2560054807842775]","[1.3873751055285175, 0.6082215815972852, 1.3077730342763871]","[1.945769908529422, -0.02075453362373847, 0.09276226205942213, 0.033947980856456894, 1.9767084861983004, -0.03875308931723945, -0.08752994451109584, 0.03472055394990912, 2.043444976732538]","[0.7873951838665527, -0.4159445408644089, 0.25098447561402604, -0.3794809038009763]",[7.8796853370470705],[7.8796853370470705],7.155734338404329e-17,True
matrix_determinant,GLM,2,1000000000000,"[1251218367987.295, 1263398499445.708, 1196439335522.4617]","[889471583359.2222, 1387452740350.7996, 1198616994535.5376]","[1966250055993.725, 53201326746.19782, -94675065973.51653, -77307288145.71173, 2078159279314.4773, 49711972034.18998, -52358056331.97752, 40974424372.96557, 2059132541961.7878]","[0.8027190792870906, 0.518690988424941, 0.17682674073466093, -0.235231889922264]",[8.408311647714487e+36],[8.408311647714488e+36],1.058958401981389e+21,True
matrix_determinant,Raw,0,1e-09,"[1.161879471170269e-09, 8.44319530332419e-10, 1.1941939014182526e-09]","[5.989612953806611e-10, 9.426573284208318e-10, 1.2298288396871217e-09]","[2.0948838045003205e-09, -3.932605756524321e-12, -3.577418839954607e-11, -7.925124994085522e-11, 2.0639645683961173e-09, -2.1713004330476385e-11, 6.358103218516611e-11, 5.88815928189106e-12, 2.0149515845957286e-09]","[0.9274857234880097, 0.11447967604395723, 0.11281442516849256, -0.3375463552946413]",[8.71653562332382e-27],[8.716535623323823e-27],2.7976923840244973e-42,True
matrix_determinant,Raw,1,1,"[0.8504010357412088, 1.24300365713135, 1.2560054807842775]","[1.3873751055285175, 0.6082215815972852, 1.3077730342763871]","[1.945769908529422, -0.02075453362373847, 0.09276226205942213, 0.033947980856456894, 1.9767084861983004, -0.03875308931723945, -0.08752994451109584, 0.03472055394990912, 2.043444976732538]","[0.7873951838665527, -0.4159445408644089, 0.25098447561402604, -0.3794809038009763]",[7.8796853370470705],[7.8796853370470705],7.155734338404329e-17,True
matrix_determinant,Raw,2,1000000000000,"[1251218367987.295, 1263398499445.708, 1196439335522.4617]","[889471583359.2222, 1387452740350.7996, 1198616994535.5376]","[1966250055993.725, 53201326746.19782, -94675065973.51653, -77307288145.71173, 2078159279314.4773, 49711972034.18998, -52358056331.97752, 40974424372.96557, 2059132541961.7878]","[0.8027190792870906, 0.518690988424941, 0.17682674073466093, -0.235231889922264]",[8.408311647714487e+36],[8.408311647714488e+36],1.058958401981389e+21,True
matrix_inverse_minimal,Eigen,0,1e-09,"[1.161879471170269e-09, 8.44319530332419e-10, 1.1941939014182526e-09]","[5.989612953806611e-10, 9.426573284208318e-10, 1.2298288396871217e-09]","[2.0948838045003205e-09, -3.932605756524321e-12, -3.577418839954607e-11, -7.925124994085522e-11, 2.0639645683961173e-09, -2.1713004330476385e-11, 6.358103218516611e-11, 5.88815928189106e-12, 2.0149515845957286e-09]","[0.9274857234880097, 0.11447967604395723, 0.11281442516849256, -0.3375463552946413]","[477129527.94441605, 884911.8978625558, 8480668.146162378, 18161676.06758194, 484523230.75981534, 5543643.983504755, -15108713.75122747, -1443813.1380377451, 496006036.14870054]","[477129527.94441605, 884911.8978625557, 8480668.146162376, 18161676.06758194, 484523230.7598153, 5543643.9835047545, -15108713.75122747, -1443813.1380377451, 496006036.1487004]",1.0730582289397717e-07,True
matrix_inverse_minimal,Eigen,1,1,"[0.8504010357412088, 1.24300365713135, 1.2560054807842775]","[1.3873751055285175, 0.6082215815972852, 1.3077730342763871]","[1.945769908529422, -0.02075453362373847, 0.09276226205942213, 0.033947980856456894, 1.9767084861983004, -0.03875308931723945, -0.08752994451109584, 0.03472055394990912, 2.043444976732538]","[0.7873951838665527, -0.4159445408644089, 0.25098447561402604, -0.3794809038009763]","[0.5127921208119081, 0.005791031322997628, -0.02316839321720512, -0.00837327537478716, 0.5056284674694443, 0.009969140034476376, 0.022107466143774773, -0.008343171471286546, 0.48820787891146755]","[0.512792120811908, 0.005791031322997628, -0.023168393217205117, -0.008373275374787159, 0.5056284674694443, 0.009969140034476374, 0.02210746614377477, -0.008343171471286546, 0.48820787891146755]",7.058156142880634e-17,True
matrix_inverse_minimal,Eigen,2,1000000000000,"[1251218367987.295, 1263398499445.708, 1196439335522.4617]","[889471583359.2222, 1387452740350.7996, 1198616994535.5376]","[1966250055993.725, 53201326746.19782, -94675065973.51653, -77307288145.71173, 2078159279314.4773, 49711972034.18998, -52358056331.97752, 40974424372.96557, 2059132541961.7878]","[0.8027190792870906, 0.518690988424941, 0.17682674073466093, -0.235231889922264]","[5.086833908137019e-13, -1.3489966150363472e-14, 2.3713988978294005e-14, 1.8622422322092895e-14, 4.809303749573274e-13, -1.0754489007901503e-14, 1.2563849130197086e-14, -9.912986788854792e-15, 4.864583784456038e-13]","[5.086833908137019e-13, -1.3489966150363472e-14, 2.3713988978294008e-14, 1.8622422322092895e-14, 4.809303749573274e-13, -1.0754489007901503e-14, 1.2563849130197086e-14, -9.912986788854791e-15, 4.864583784456038e-13]",3.475918363630083e-29,True
matrix_inverse_minimal,GLM,0,1e-09,"[1.161879471170269e-09, 8.44319530332419e-10, 1.1941939014182526e-09]","[5.989612953806611e-10, 9.426573284208318e-10, 1.2298288396871217e-09]","[2.0948838045003205e-09, -3.932605756524321e-12, -3.577418839954607e-11, -7.925124994085522e-11, 2.0639645683961173e-09, -2.1713004330476385e-11, 6.358103218516611e-11, 5.88815928189106e-12, 2.0149515845957286e-09]","[0.9274857234880097, 0.11447967604395723, 0.11281442516849256, -0.3375463552946413]","[477129527.9444161, 884911.8978625559, 8480668.14616238, 18161676.067581944, 484523230.7598154, 5543643.983504756, -15108713.751227474, -1443813.1380377454, 496006036.1487006]","[477129527.94441605, 884911.8978625557, 8480668.146162376, 18161676.06758194, 484523230.7598153, 5543643.9835047545, -15108713.75122747, -1443813.1380377451, 496006036.1487004]",1.669104676693678e-07,True
matrix_inverse_minimal,GLM,1,1,"[0.8504010357412088, 1.24300365713135, 1.2560054807842775]","[1.3873751055285175, 0.6082215815972852, 1.3077730342763871]","[1.945769908529422, -0.02075453362373847, 0.09276226205942213, 0.033947980856456894, 1.9767084861983004, -0.03875308931723945, -0.08752994451109584, 0.03472055394990912, 2.043444976732538]","[0.7873951838665527, -0.4159445408644089, 0.25098447561402604, -0.3794809038009763]","[0.5127921208119081, 0.005791031322997628, -0.02316839321720512, -0.00837327537478716, 0.5056284674694443, 0.009969140034476376, 0.022107466143774773, -0.008343171471286546, 0.48820787891146755]","[0.512792120811908, 0.005791031322997628, -0.023168393217205117, -0.008373275374787159, 0.5056284674694443, 0.009969140034476374, 0.02210746614377477, -0.008343171471286546, 0.48820787891146755]",7.058156142880634e-17,True
matrix_inverse_minimal,GLM,2,1000000000000,"[1251218367987.295, 1263398499445.708, 1196439335522.4617]","[889471583359.2222, 1387452740350.7996, 1198616994535.5376]","[1966250055993.725, 53201326746.19782, -94675065973.51653, -77307288145.71173, 2078159279314.4773, 49711972034.18998, -52358056331.97752, 40974424372.96557, 2059132541961.7878]","[0.8027190792870906, 0.518690988424941, 0.17682674073466093, -0.235231889922264]","[5.08683390813702e-13, -1.3489966150363475e-14, 2.3713988978294008e-14, 1.8622422322092898e-14, 4.809303749573275e-13, -1.0754489007901505e-14, 1.2563849130197089e-14, -9.912986788854794e-15, 4.864583784456039e-13]","[5.086833908137019e-13, -1.3489966150363472e-14, 2.3713988978294008e-14, 1.8622422322092895e-14, 4.809303749573274e-13, -1.0754489007901503e-14, 1.2563849130197086e-14, -9.912986788854791e-15, 4.864583784456038e-13]",1.0999679247175483e-28,True
matrix_inverse_minimal,Raw,0,1e-09,"[1.161879471170269e-09, 8.44319530332419e-10, 1.1941939014182526e-09]","[5.989612953806611e-10, 9.426573284208318e-10, 1.2298288396871217e-09]","[2.0948838045003205e-09, -3.932605756524321e-12, -3.577418839954607e-11, -7.925124994085522e-11, 2.0639645683961173e-09, -2.1713004330476385e-11, 6.358103218516611e-11, 5.88815928189106e-12, 2.0149515845957286e-09]","[0.9274857234880097, 0.11447967604395723, 0.11281442516849256, -0.3375463552946413]","[477129527.94441617, 884911.897862556, 8480668.14616238, 18161676.067581944, 484523230.7598154, 5543643.983504756, -15108713.751227474, -1443813.1380377454, 496006036.14870065]","[477129527.94441605, 884911.8978625557, 8480668.146162376, 18161676.06758194, 484523230.7598153, 5543643.9835047545, -15108713.75122747, -1443813.1380377451, 496006036.1487004]",2.2651511244475842e-07,True
matrix_inverse_minimal,Raw,1,1,"[0.8504010357412088, 1.24300365713135, 1.2560054807842775]","[1.3873751055285175, 0.6082215815972852, 1.3077730342763871]","[1.945769908529422, -0.02075453362373847, 0.09276226205942213, 0.033947980856456894, 1.9767084861983004, -0.03875308931723945, -0.08752994451109584, 0.03472055394990912, 2.043444976732538]","[0.7873951838665527, -0.4159445408644089, 0.25098447561402604, -0.3794809038009763]","[0.5127921208119081, 0.005791031322997628, -0.023168393217205117, -0.00837327537478716, 0.5056284674694443, 0.009969140034476376, 0.02210746614377477, -0.008343171471286546, 0.48820787891146755]","[0.512792120811908, 0.005791031322997628, -0.023168393217205117, -0.008373275374787159, 0.5056284674694443, 0.009969140034476374, 0.02210746614377477, -0.008343171471286546, 0.48820787891146755]",7.058156142880634e-17,True
matrix_inverse_minimal,Raw,2,1000000000000,"[1251218367987.295, 1263398499445.708, 1196439335522.4617]","[889471583359.2222, 1387452740350.7996, 1198616994535.5376]","[1966250055993.725, 53201326746.19782, -94675065973.51653, -77307288145.71173, 2078159279314.4773, 49711972034.18998, -52358056331.97752, 40974424372.96557, 2059132541961.7878]","[0.8027190792870906, 0.518690988424941, 0.17682674073466093, -0.235231889922264]","[5.086833908137019e-13, -1.3489966150363475e-14, 2.3713988978294008e-14, 1.8622422322092898e-14, 4.809303749573275e-13, -1.0754489007901505e-14, 1.2563849130197088e-14, -9.912986788854792e-15, 4.864583784456039e-13]","[5.086833908137019e-13, -1.3489966150363472e-14, 2.3713988978294008e-14, 1.8622422322092895e-14, 4.809303749573274e-13, -1.0754489007901503e-14, 1.2563849130197086e-14, -9.912986788854791e-15, 4.864583784456038e-13]",8.726773764007443e-29,True
matrix_inverse_checked,Vectoris,0,1e-09,"[1.161879471170269e-09, 8.44319530332419e-10, 1.1941939014182526e-09]","[5.989612953806611e-10, 9.426573284208318e-10, 1.2298288396871217e-09]","[2.0948838045003205e-09, -3.932605756524321e-12, -3.577418839954607e-11, -7.925124994085522e-11, 2.0639645683961173e-09, -2.1713004330476385e-11, 6.358103218516611e-11, 5.88815928189106e-12, 2.0149515845957286e-09]","[0.9274857234880097, 0.11447967604395723, 0.11281442516849256, -0.3375463552946413]","[477129527.9444161, 884911.8978625557, 8480668.146162376, 18161676.067581944, 484523230.75981534, 5543643.9835047545, -15108713.751227468, -1443813.1380377451, 496006036.1487005, 1]","[477129527.94441605, 884911.8978625557, 8480668.146162376, 18161676.06758194, 484523230.7598153, 5543643.9835047545, -15108713.75122747, -1443813.1380377451, 496006036.1487004, 1]",4.770117811858654e-08,True
matrix_inverse_checked,Vectoris,1,1,"[0.8504010357412088, 1.24300365713135, 1.2560054807842775]","[1.3873751055285175, 0.6082215815972852, 1.3077730342763871]","[1.945769908529422, -0.02075453362373847, 0.09276226205942213, 0.033947980856456894, 1.9767084861983004, -0.03875308931723945, -0.08752994451109584, 0.03472055394990912, 2.043444976732538]","[0.7873951838665527, -0.4159445408644089, 0.25098447561402604, -0.3794809038009763]","[0.512792120811908, 0.005791031322997628, -0.02316839321720512, -0.008373275374787159, 0.5056284674694445, 0.009969140034476378, 0.02210746614377477, -0.008343171471286546, 0.4882078789114676, 1]","[0.512792120811908, 0.005791031322997628, -0.023168393217205117, -0.008373275374787159, 0.5056284674694443, 0.009969140034476374, 0.02210746614377477, -0.008343171471286546, 0.48820787891146755, 1]",1.0679391398982219e-16,True
matrix_inverse_checked,Vectoris,2,1000000000000,"[1251218367987.295, 1263398499445.708, 1196439335522.4617]","[889471583359.2222, 1387452740350.7996, 1198616994535.5376]","[1966250055993.725, 53201326746.19782, -94675065973.51653, -77307288145.71173, 2078159279314.4773, 49711972034.18998, -52358056331.97752, 40974424372.96557, 2059132541961.7878]","[0.8027190792870906, 0.518690988424941, 0.17682674073466093, -0.235231889922264]","[5.08683390813702e-13, -1.3489966150363475e-14, 2.3713988978294008e-14, 1.8622422322092898e-14, 4.809303749573275e-13, -1.0754489007901503e-14, 1.2563849130197088e-14, -9.912986788854791e-15, 4.864583784456038e-13, 1]","[5.086833908137019e-13, -1.3489966150363472e-14, 2.3713988978294008e-14, 1.8622422322092895e-14, 4.809303749573274e-13, -1.0754489007901503e-14, 1.2563849130197086e-14, -9.912986788854791e-15, 4.864583784456038e-13, 1]",1.0999679247175483e-28,True
matrix_inverse_checked,Eigen,0,1e-09,"[1.161879471170269e-09, 8.44319530332419e-10, 1.1941939014182526e-09]","[5.989612953806611e-10, 9.426573284208318e-10, 1.2298288396871217e-09]","[2.0948838045003205e-09, -3.932605756524321e-12, -3.577418839954607e-11, -7.925124994085522e-11, 2.0639645683961173e-09, -2.1713004330476385e-11, 6.358103218516611e-11, 5.88815928189106e-12, 2.0149515845957286e-09]","[0.9274857234880097, 0.11447967604395723, 0.11281442516849256, -0.3375463552946413]","[477129527.9444161, 884911.8978625557, 8480668.146162376, 18161676.067581944, 484523230.75981534, 5543643.9835047545, -15108713.751227468, -1443813.1380377451, 496006036.1487005, 1]","[477129527.94441605, 884911.8978625557, 8480668.146162376, 18161676.06758194, 484523230.7598153, 5543643.9835047545, -15108713.75122747, -1443813.1380377451, 496006036.1487004, 1]",4.770117811858654e-08,True
matrix_inverse_checked,Eigen,1,1,"[0.8504010357412088, 1.24300365713135, 1.2560054807842775]","[1.3873751055285175, 0.6082215815972852, 1.3077730342763871]","[1.945769908529422, -0.02075453362373847, 0.09276226205942213, 0.033947980856456894, 1.9767084861983004, -0.03875308931723945, -0.08752994451109584, 0.03472055394990912, 2.043444976732538]","[0.7873951838665527, -0.4159445408644089, 0.25098447561402604, -0.3794809038009763]","[0.512792120811908, 0.005791031322997628, -0.02316839321720512, -0.008373275374787159, 0.5056284674694443, 0.009969140034476376, 0.022107466143774766, -0.008343171471286546, 0.4882078789114676, 1]","[0.512792120811908, 0.005791031322997628, -0.023168393217205117, -0.008373275374787159, 0.5056284674694443, 0.009969140034476374, 0.02210746614377477, -0.008343171471286546, 0.48820787891146755, 1]",5.0523821237824507e-17,True
matrix_inverse_checked,Eigen,2,1000000000000,"[1251218367987.295, 1263398499445.708, 1196439335522.4617]","[889471583359.2222, 1387452740350.7996, 1198616994535.5376]","[1966250055993.725, 53201326746.19782, -94675065973.51653, -77307288145.71173, 2078159279314.4773, 49711972034.18998, -52358056331.97752, 40974424372.96557, 2059132541961.7878]","[0.8027190792870906, 0.518690988424941, 0.17682674073466093, -0.235231889922264]","[5.086833908137019e-13, -1.3489966150363473e-14, 2.3713988978294005e-14, 1.8622422322092898e-14, 4.809303749573274e-13, -1.0754489007901503e-14, 1.2563849130197086e-14, -9.912986788854791e-15, 4.864583784456038e-13, 1]","[5.086833908137019e-13, -1.3489966150363472e-14, 2.3713988978294008e-14, 1.8622422322092895e-14, 4.809303749573274e-13, -1.0754489007901503e-14, 1.2563849130197086e-14, -9.912986788854791e-15, 4.864583784456038e-13, 1]",3.475918363630083e-29,True
matrix_inverse_checked,GLM,0,1e-09,"[1.161879471170269e-09, 8.44319530332419e-10, 1.1941939014182526e-09]","[5.989612953806611e-10, 9.426573284208318e-10, 1.2298288396871217e-09]","[2.0948838045003205e-09, -3.932605756524321e-12, -3.577418839954607e-11, -7.925124994085522e-11, 2.0639645683961173e-09, -2.1713004330476385e-11, 6.358103218516611e-11, 5.88815928189106e-12, 2.0149515845957286e-09]","[0.9274857234880097, 0.11447967604395723, 0.11281442516849256, -0.3375463552946413]","[477129527.9444161, 884911.8978625557, 8480668.146162376, 18161676.067581944, 484523230.75981534, 5543643.9835047545, -15108713.751227468, -1443813.1380377451, 496006036.1487005, 1]","[477129527.94441605, 884911.8978625557, 8480668.146162376, 18161676.06758194, 484523230.7598153, 5543643.9835047545, -15108713.75122747, -1443813.1380377451, 496006036.1487004, 1]",4.770117811858654e-08,True
matrix_inverse_checked,GLM,1,1,"[0.8504010357412088, 1.24300365713135, 1.2560054807842775]","[1.3873751055285175, 0.6082215815972852, 1.3077730342763871]","[1.945769908529422, -0.02075453362373847, 0.09276226205942213, 0.033947980856456894, 1.9767084861983004, -0.03875308931723945, -0.08752994451109584, 0.03472055394990912, 2.043444976732538]","[0.7873951838665527, -0.4159445408644089, 0.25098447561402604, -0.3794809038009763]","[0.512792120811908, 0.005791031322997628, -0.02316839321720512, -0.008373275374787159, 0.5056284674694443, 0.009969140034476376, 0.022107466143774766, -0.008343171471286546, 0.4882078789114676, 1]","[0.512792120811908, 0.005791031322997628, -0.023168393217205117, -0.008373275374787159, 0.5056284674694443, 0.009969140034476374, 0.02210746614377477, -0.008343171471286546, 0.48820787891146755, 1]",5.0523821237824507e-17,True
matrix_inverse_checked,GLM,2,1000000000000,"[1251218367987.295, 1263398499445.708, 1196439335522.4617]","[889471583359.2222, 1387452740350.7996, 1198616994535.5376]","[1966250055993.725, 53201326746.19782, -94675065973.51653, -77307288145.71173, 2078159279314.4773, 49711972034.18998, -52358056331.97752, 40974424372.96557, 2059132541961.7878]","[0.8027190792870906, 0.518690988424941, 0.17682674073466093, -0.235231889922264]","[5.08683390813702e-13, -1.3489966150363475e-14, 2.371398897829401e-14, 1.86224223220929e-14, 4.809303749573275e-13, -1.0754489007901505e-14, 1.2563849130197089e-14, -9.912986788854794e-15, 4.864583784456039e-13, 1]","[5.086833908137019e-13, -1.3489966150363472e-14, 2.3713988978294008e-14, 1.8622422322092895e-14, 4.809303749573274e-13, -1.0754489007901503e-14, 1.2563849130197086e-14, -9.912986788854791e-15, 4.864583784456038e-13, 1]",1.0999679247175483e-28,True
matrix_inverse_checked,Raw,0,1e-09,"[1.161879471170269e-09, 8.44319530332419e-10, 1.1941939014182526e-09]","[5.989612953806611e-10, 9.426573284208318e-10, 1.2298288396871217e-09]","[2.0948838045003205e-09, -3.932605756524321e-12, -3.577418839954607e-11, -7.925124994085522e-11, 2.0639645683961173e-09, -2.1713004330476385e-11, 6.358103218516611e-11, 5.88815928189106e-12, 2.0149515845957286e-09]","[0.9274857234880097, 0.11447967604395723, 0.11281442516849256, -0.3375463552946413]","[477129527.9444161, 884911.8978625557, 8480668.146162376, 18161676.067581944, 484523230.75981534, 5543643.9835047545, -15108713.751227468, -1443813.1380377451, 496006036.1487005, 1]","[477129527.94441605, 884911.8978625557, 8480668.146162376, 18161676.06758194, 484523230.7598153, 5543643.9835047545, -15108713.75122747, -1443813.1380377451, 496006036.1487004, 1]",4.770117811858654e-08,True
matrix_inverse_checked,Raw,1,1,"[0.8504010357412088, 1.24300365713135, 1.2560054807842775]","[1.3873751055285175, 0.6082215815972852, 1.3077730342763871]","[1.945769908529422, -0.02075453362373847, 0.09276226205942213, 0.033947980856456894, 1.9767084861983004, -0.03875308931723945, -0.08752994451109584, 0.03472055394990912, 2.043444976732538]","[0.7873951838665527, -0.4159445408644089, 0.25098447561402604, -0.3794809038009763]","[0.512792120811908, 0.005791031322997628, -0.02316839321720512, -0.008373275374787159, 0.5056284674694445, 0.009969140034476378, 0.02210746614377477, -0.008343171471286546, 0.4882078789114676, 1]","[0.512792120811908, 0.005791031322997628, -0.023168393217205117, -0.008373275374787159, 0.5056284674694443, 0.009969140034476374, 0.02210746614377477, -0.008343171471286546, 0.48820787891146755, 1]",1.0679391398982219e-16,True
matrix_inverse_checked,Raw,2,1000000000000,"[1251218367987.295, 1263398499445.708, 1196439335522.4617]","[889471583359.2222, 1387452740350.7996, 1198616994535.5376]","[1966250055993.725, 53201326746.19782, -94675065973.51653, -77307288145.71173, 2078159279314.4773, 49711972034.18998, -52358056331.97752, 40974424372.96557, 2059132541961.7878]","[0.8027190792870906, 0.518690988424941, 0.17682674073466093, -0.235231889922264]","[5.08683390813702e-13, -1.3489966150363475e-14, 2.3713988978294008e-14, 1.8622422322092898e-14, 4.809303749573275e-13, -1.0754489007901503e-14, 1.2563849130197088e-14, -9.912986788854791e-15, 4.864583784456038e-13, 1]","[5.086833908137019e-13, -1.3489966150363472e-14, 2.3713988978294008e-14, 1.8622422322092895e-14, 4.809303749573274e-13, -1.0754489007901503e-14, 1.2563849130197086e-14, -9.912986788854791e-15, 4.864583784456038e-13, 1]",1.0999679247175483e-28,True
quaternion_multiply,Vectoris,0,1e-09,"[1.161879471170269e-09, 8.44319530332419e-10, 1.1941939014182526e-09]","[5.989612953806611e-10, 9.426573284208318e-10, 1.2298288396871217e-09]","[2.0948838045003205e-09, -3.932605756524321e-12, -3.577418839954607e-11, -7.925124994085522e-11, 2.0639645683961173e-09, -2.1713004330476385e-11, 6.358103218516611e-11, 5.88815928189106e-12, 2.0149515845957286e-09]","[0.9274857234880097, 0.11447967604395723, 0.11281442516849256, -0.3375463552946413]","[0.9749632822870204, 0.209755344186062, -0.029715612285652563, -0.06757422706916352]","[0.9749632822870204, 0.20975534418606204, -0.029715612285652584, -0.0675742270691635]",2.0989476432961562e-17,True
quaternion_multiply,Vectoris,1,1,"[0.8504010357412088, 1.24300365713135, 1.2560054807842775]","[1.3873751055285175, 0.6082215815972852, 1.3077730342763871]","[1.945769908529422, -0.02075453362373847, 0.09276226205942213, 0.033947980856456894, 1.9767084861983004, -0.03875308931723945, -0.08752994451109584, 0.03472055394990912, 2.043444976732538]","[0.7873951838665527, -0.4159445408644089, 0.25098447561402604, -0.3794809038009763]","[0.7745887144427086, -0.07112808493126685, -0.04324813241203601, -0.62696309144548]","[0.7745887144427086, -0.07112808493126682, -0.04324813241203601, -0.6269630914454801]",7.621941272573096e-17,True
quaternion_multiply,Vectoris,2,1000000000000,"[1251218367987.295, 1263398499445.708, 1196439335522.4617]","[889471583359.2222, 1387452740350.7996, 1198616994535.5376]","[1966250055993.725, 53201326746.19782, -94675065973.51653, -77307288145.71173, 2078159279314.4773, 49711972034.18998, -52358056331.97752, 40974424372.96557, 2059132541961.7878]","[0.8027190792870906, 0.518690988424941, 0.17682674073466093, -0.235231889922264]","[0.8785898203421879, 0.34470747701772675, 0.2077495295597347, 0.2570930101089178]","[0.878589820342188, 0.34470747701772675, 0.2077495295597347, 0.2570930101089178]",6.348003719902628e-17,True
quaternion_multiply,Eigen,0,1e-09,"[1.161879471170269e-09, 8.44319530332419e-10, 1.1941939014182526e-09]","[5.989612953806611e-10, 9.426573284208318e-10, 1.2298288396871217e-09]","[2.0948838045003205e-09, -3.932605756524321e-12, -3.577418839954607e-11, -7.925124994085522e-11, 2.0639645683961173e-09, -2.1713004330476385e-11, 6.358103218516611e-11, 5.88815928189106e-12, 2.0149515845957286e-09]","[0.9274857234880097, 0.11447967604395723, 0.11281442516849256, -0.3375463552946413]","[0.9749632822870203, 0.209755344186062, -0.029715612285652573, -0.06757422706916355]","[0.9749632822870204, 0.20975534418606204, -0.029715612285652584, -0.0675742270691635]",9.23198149871407e-17,True
quaternion_multiply,Eigen,1,1,"[0.8504010357412088, 1.24300365713135, 1.2560054807842775]","[1.3873751055285175, 0.6082215815972852, 1.3077730342763871]","[1.945769908529422, -0.02075453362373847, 0.09276226205942213, 0.033947980856456894, 1.9767084861983004, -0.03875308931723945, -0.08752994451109584, 0.03472055394990912, 2.043444976732538]","[0.7873951838665527, -0.4159445408644089, 0.25098447561402604, -0.3794809038009763]","[0.7745887144427087, -0.07112808493126685, -0.04324813241203601, -0.62696309144548]","[0.7745887144427086, -0.07112808493126682, -0.04324813241203601, -0.6269630914454801]",8.966351966455122e-17,True
quaternion_multiply,Eigen,2,1000000000000,"[1251218367987.295, 1263398499445.708, 1196439335522.4617]","[889471583359.2222, 1387452740350.7996, 1198616994535.5376]","[1966250055993.725, 53201326746.19782, -94675065973.51653, -77307288145.71173, 2078159279314.4773, 49711972034.18998, -52358056331.97752, 40974424372.96557, 2059132541961.7878]","[0.8027190792870906, 0.518690988424941, 0.17682674073466093, -0.235231889922264]","[0.878589820342188, 0.34470747701772675, 0.20774952955973466, 0.2570930101089177]","[0.878589820342188, 0.34470747701772675, 0.2077495295597347, 0.2570930101089178]",4.754226526348937e-17,True
quaternion_multiply,GLM,0,1e-09,"[1.161879471170269e-09, 8.44319530332419e-10, 1.1941939014182526e-09]","[5.989612953806611e-10, 9.426573284208318e-10, 1.2298288396871217e-09]","[2.0948838045003205e-09, -3.932605756524321e-12, -3.577418839954607e-11, -7.925124994085522e-11, 2.0639645683961173e-09, -2.1713004330476385e-11, 6.358103218516611e-11, 5.88815928189106e-12, 2.0149515845957286e-09]","[0.9274857234880097, 0.11447967604395723, 0.11281442516849256, -0.3375463552946413]","[0.9749632822870204, 0.209755344186062, -0.02971561228565257, -0.06757422706916352]","[0.9749632822870204, 0.20975534418606204, -0.029715612285652584, -0.0675742270691635]",2.0911549401814167e-17,True
quaternion_multiply,GLM,1,1,"[0.8504010357412088, 1.24300365713135, 1.2560054807842775]","[1.3873751055285175, 0.6082215815972852, 1.3077730342763871]","[1.945769908529422, -0.02075453362373847, 0.09276226205942213, 0.033947980856456894, 1.9767084861983004, -0.03875308931723945, -0.08752994451109584, 0.03472055394990912, 2.043444976732538]","[0.7873951838665527, -0.4159445408644089, 0.25098447561402604, -0.3794809038009763]","[0.7745887144427086, -0.07112808493126685, -0.04324813241203602, -0.62696309144548]","[0.7745887144427086, -0.07112808493126682, -0.04324813241203601, -0.6269630914454801]",7.621941272573096e-17,True
quaternion_multiply,GLM,2,1000000000000,"[1251218367987.295, 1263398499445.708, 1196439335522.4617]","[889471583359.2222, 1387452740350.7996, 1198616994535.5376]","[1966250055993.725, 53201326746.19782, -94675065973.51653, -77307288145.71173, 2078159279314.4773, 49711972034.18998, -52358056331.97752, 40974424372.96557, 2059132541961.7878]","[0.8027190792870906, 0.518690988424941, 0.17682674073466093, -0.235231889922264]","[0.8785898203421879, 0.34470747701772675, 0.2077495295597347, 0.2570930101089177]","[0.878589820342188, 0.34470747701772675, 0.2077495295597347, 0.2570930101089178]",6.348003719902628e-17,True
quaternion_multiply,Raw,0,1e-09,"[1.161879471170269e-09, 8.44319530332419e-10, 1.1941939014182526e-09]","[5.989612953806611e-10, 9.426573284208318e-10, 1.2298288396871217e-09]","[2.0948838045003205e-09, -3.932605756524321e-12, -3.577418839954607e-11, -7.925124994085522e-11, 2.0639645683961173e-09, -2.1713004330476385e-11, 6.358103218516611e-11, 5.88815928189106e-12, 2.0149515845957286e-09]","[0.9274857234880097, 0.11447967604395723, 0.11281442516849256, -0.3375463552946413]","[0.9749632822870204, 0.209755344186062, -0.029715612285652563, -0.06757422706916352]","[0.9749632822870204, 0.20975534418606204, -0.029715612285652584, -0.0675742270691635]",2.0989476432961562e-17,True
quaternion_multiply,Raw,1,1,"[0.8504010357412088, 1.24300365713135, 1.2560054807842775]","[1.3873751055285175, 0.6082215815972852, 1.3077730342763871]","[1.945769908529422, -0.02075453362373847, 0.09276226205942213, 0.033947980856456894, 1.9767084861983004, -0.03875308931723945, -0.08752994451109584, 0.03472055394990912, 2.043444976732538]","[0.7873951838665527, -0.4159445408644089, 0.25098447561402604, -0.3794809038009763]","[0.7745887144427086, -0.07112808493126685, -0.04324813241203601, -0.62696309144548]","[0.7745887144427086, -0.07112808493126682, -0.04324813241203601, -0.6269630914454801]",7.621941272573096e-17,True
quaternion_multiply,Raw,2,1000000000000,"[1251218367987.295, 1263398499445.708, 1196439335522.4617]","[889471583359.2222, 1387452740350.7996, 1198616994535.5376]","[1966250055993.725, 53201326746.19782, -94675065973.51653, -77307288145.71173, 2078159279314.4773, 49711972034.18998, -52358056331.97752, 40974424372.96557, 2059132541961.7878]","[0.8027190792870906, 0.518690988424941, 0.17682674073466093, -0.235231889922264]","[0.8785898203421879, 0.34470747701772675, 0.2077495295597347, 0.2570930101089177]","[0.878589820342188, 0.34470747701772675, 0.2077495295597347, 0.2570930101089178]",6.348003719902628e-17,True
quaternion_conjugate,Vectoris,0,1e-09,"[1.161879471170269e-09, 8.44319530332419e-10, 1.1941939014182526e-09]","[5.989612953806611e-10, 9.426573284208318e-10, 1.2298288396871217e-09]","[2.0948838045003205e-09, -3.932605756524321e-12, -3.577418839954607e-11, -7.925124994085522e-11, 2.0639645683961173e-09, -2.1713004330476385e-11, 6.358103218516611e-11, 5.88815928189106e-12, 2.0149515845957286e-09]","[0.9274857234880097, 0.11447967604395723, 0.11281442516849256, -0.3375463552946413]","[0.9274857234880097, -0.11447967604395723, -0.11281442516849256, 0.3375463552946413]","[0.9274857234880097, -0.11447967604395723, -0.11281442516849256, 0.3375463552946413]",0,True
quaternion_conjugate,Vectoris,1,1,"[0.8504010357412088, 1.24300365713135, 1.2560054807842775]","[1.3873751055285175, 0.6082215815972852, 1.3077730342763871]","[1.945769908529422, -0.02075453362373847, 0.09276226205942213, 0.033947980856456894, 1.9767084861983004, -0.03875308931723945, -0.08752994451109584, 0.03472055394990912, 2.043444976732538]","[0.7873951838665527, -0.4159445408644089, 0.25098447561402604, -0.3794809038009763]","[0.7873951838665527, 0.4159445408644089, -0.25098447561402604, 0.3794809038009763]","[0.7873951838665527, 0.4159445408644089, -0.25098447561402604, 0.3794809038009763]",0,True
quaternion_conjugate,Vectoris,2,1000000000000,"[1251218367987.295, 1263398499445.708, 1196439335522.4617]","[889471583359.2222, 1387452740350.7996, 1198616994535.5376]","[1966250055993.725, 53201326746.19782, -94675065973.51653, -77307288145.71173, 2078159279314.4773, 49711972034.18998, -52358056331.97752, 40974424372.96557, 2059132541961.7878]","[0.8027190792870906, 0.518690988424941, 0.17682674073466093, -0.235231889922264]","[0.8027190792870906, -0.518690988424941, -0.17682674073466093, 0.23523188992226396]","[0.8027190792870906, -0.518690988424941, -0.17682674073466093, 0.235231889922264]",2.7755575615628914e-17,True
quaternion_conjugate,Eigen,0,1e-09,"[1.161879471170269e-09, 8.44319530332419e-10, 1.1941939014182526e-09]","[5.989612953806611e-10, 9.426573284208318e-10, 1.2298288396871217e-09]","[2.0948838045003205e-09, -3.932605756524321e-12, -3.577418839954607e-11, -7.925124994085522e-11, 2.0639645683961173e-09, -2.1713004330476385e-11, 6.358103218516611e-11, 5.88815928189106e-12, 2.0149515845957286e-09]","[0.9274857234880097, 0.11447967604395723, 0.11281442516849256, -0.3375463552946413]","[0.9274857234880097, -0.11447967604395723, -0.11281442516849256, 0.3375463552946413]","[0.9274857234880097, -0.11447967604395723, -0.11281442516849256, 0.3375463552946413]",0,True
quaternion_conjugate,Eigen,1,1,"[0.8504010357412088, 1.24300365713135, 1.2560054807842775]","[1.3873751055285175, 0.6082215815972852, 1.3077730342763871]","[1.945769908529422, -0.02075453362373847, 0.09276226205942213, 0.033947980856456894, 1.9767084861983004, -0.03875308931723945, -0.08752994451109584, 0.03472055394990912, 2.043444976732538]","[0.7873951838665527, -0.4159445408644089, 0.25098447561402604, -0.3794809038009763]","[0.7873951838665527, 0.4159445408644089, -0.25098447561402604, 0.3794809038009763]","[0.7873951838665527, 0.4159445408644089, -0.25098447561402604, 0.3794809038009763]",0,True
quaternion_conjugate,Eigen,2,1000000000000,"[1251218367987.295, 1263398499445.708, 1196439335522.4617]","[889471583359.2222, 1387452740350.7996, 1198616994535.5376]","[1966250055993.725, 53201326746.19782, -94675065973.51653, -77307288145.71173, 2078159279314.4773, 49711972034.18998, -52358056331.97752, 40974424372.96557, 2059132541961.7878]","[0.8027190792870906, 0.518690988424941, 0.17682674073466093, -0.235231889922264]","[0.8027190792870906, -0.518690988424941, -0.17682674073466093, 0.235231889922264]","[0.8027190792870906, -0.518690988424941, -0.17682674073466093, 0.235231889922264]",0,True
quaternion_conjugate,GLM,0,1e-09,"[1.161879471170269e-09, 8.44319530332419e-10, 1.1941939014182526e-09]","[5.989612953806611e-10, 9.426573284208318e-10, 1.2298288396871217e-09]","[2.0948838045003205e-09, -3.932605756524321e-12, -3.577418839954607e-11, -7.925124994085522e-11, 2.0639645683961173e-09, -2.1713004330476385e-11, 6.358103218516611e-11, 5.88815928189106e-12, 2.0149515845957286e-09]","[0.9274857234880097, 0.11447967604395723, 0.11281442516849256, -0.3375463552946413]","[0.9274857234880097, -0.11447967604395723, -0.11281442516849256, 0.3375463552946413]","[0.9274857234880097, -0.11447967604395723, -0.11281442516849256, 0.3375463552946413]",0,True
quaternion_conjugate,GLM,1,1,"[0.8504010357412088, 1.24300365713135, 1.2560054807842775]","[1.3873751055285175, 0.6082215815972852, 1.3077730342763871]","[1.945769908529422, -0.02075453362373847, 0.09276226205942213, 0.033947980856456894, 1.9767084861983004, -0.03875308931723945, -0.08752994451109584, 0.03472055394990912, 2.043444976732538]","[0.7873951838665527, -0.4159445408644089, 0.25098447561402604, -0.3794809038009763]","[0.7873951838665527, 0.4159445408644089, -0.25098447561402604, 0.3794809038009763]","[0.7873951838665527, 0.4159445408644089, -0.25098447561402604, 0.3794809038009763]",0,True
quaternion_conjugate,GLM,2,1000000000000,"[1251218367987.295, 1263398499445.708, 1196439335522.4617]","[889471583359.2222, 1387452740350.7996, 1198616994535.5376]","[1966250055993.725, 53201326746.19782, -94675065973.51653, -77307288145.71173, 2078159279314.4773, 49711972034.18998, -52358056331.97752, 40974424372.96557, 2059132541961.7878]","[0.8027190792870906, 0.518690988424941, 0.17682674073466093, -0.235231889922264]","[0.8027190792870906, -0.518690988424941, -0.17682674073466093, 0.235231889922264]","[0.8027190792870906, -0.518690988424941, -0.17682674073466093, 0.235231889922264]",0,True
quaternion_conjugate,Raw,0,1e-09,"[1.161879471170269e-09, 8.44319530332419e-10, 1.1941939014182526e-09]","[5.989612953806611e-10, 9.426573284208318e-10, 1.2298288396871217e-09]","[2.0948838045003205e-09, -3.932605756524321e-12, -3.577418839954607e-11, -7.925124994085522e-11, 2.0639645683961173e-09, -2.1713004330476385e-11, 6.358103218516611e-11, 5.88815928189106e-12, 2.0149515845957286e-09]","[0.9274857234880097, 0.11447967604395723, 0.11281442516849256, -0.3375463552946413]","[0.9274857234880097, -0.11447967604395723, -0.11281442516849256, 0.3375463552946413]","[0.9274857234880097, -0.11447967604395723, -0.11281442516849256, 0.3375463552946413]",0,True
quaternion_conjugate,Raw,1,1,"[0.8504010357412088, 1.24300365713135, 1.2560054807842775]","[1.3873751055285175, 0.6082215815972852, 1.3077730342763871]","[1.945769908529422, -0.02075453362373847, 0.09276226205942213, 0.033947980856456894, 1.9767084861983004, -0.03875308931723945, -0.08752994451109584, 0.03472055394990912, 2.043444976732538]","[0.7873951838665527, -0.4159445408644089, 0.25098447561402604, -0.3794809038009763]","[0.7873951838665527, 0.4159445408644089, -0.25098447561402604, 0.3794809038009763]","[0.7873951838665527, 0.4159445408644089, -0.25098447561402604, 0.3794809038009763]",0,True
quaternion_conjugate,Raw,2,1000000000000,"[1251218367987.295, 1263398499445.708, 1196439335522.4617]","[889471583359.2222, 1387452740350.7996, 1198616994535.5376]","[1966250055993.725, 53201326746.19782, -94675065973.51653, -77307288145.71173, 2078159279314.4773, 49711972034.18998, -52358056331.97752, 40974424372.96557, 2059132541961.7878]","[0.8027190792870906, 0.518690988424941, 0.17682674073466093, -0.235231889922264]","[0.8027190792870906, -0.518690988424941, -0.17682674073466093, 0.235231889922264]","[0.8027190792870906, -0.518690988424941, -0.17682674073466093, 0.235231889922264]",0,True
quaternion_normalize_minimal,Eigen,0,1e-09,"[1.161879471170269e-09, 8.44319530332419e-10, 1.1941939014182526e-09]","[5.989612953806611e-10, 9.426573284208318e-10, 1.2298288396871217e-09]","[2.0948838045003205e-09, -3.932605756524321e-12, -3.577418839954607e-11, -7.925124994085522e-11, 2.0639645683961173e-09, -2.1713004330476385e-11, 6.358103218516611e-11, 5.88815928189106e-12, 2.0149515845957286e-09]","[0.9274857234880097, 0.11447967604395723, 0.11281442516849256, -0.3375463552946413]","[0.9274857234880098, 0.11447967604395726, 0.11281442516849258, -0.33754635529464133]","[0.9274857234880098, 0.11447967604395724, 0.11281442516849258, -0.3375463552946413]",3.924811864397526e-17,True
quaternion_normalize_minimal,Eigen,1,1,"[0.8504010357412088, 1.24300365713135, 1.2560054807842775]","[1.3873751055285175, 0.6082215815972852, 1.3077730342763871]","[1.945769908529422, -0.02075453362373847, 0.09276226205942213, 0.033947980856456894, 1.9767084861983004, -0.03875308931723945, -0.08752994451109584, 0.03472055394990912, 2.043444976732538]","[0.7873951838665527, -0.4159445408644089, 0.25098447561402604, -0.3794809038009763]","[0.7873951838665528, -0.41594454086440896, 0.2509844756140261, -0.3794809038009764]","[0.7873951838665528, -0.41594454086440896, 0.2509844756140261, -0.3794809038009764]",2.6237692574149207e-17,True
quaternion_normalize_minimal,Eigen,2,1000000000000,"[1251218367987.295, 1263398499445.708, 1196439335522.4617]","[889471583359.2222, 1387452740350.7996, 1198616994535.5376]","[1966250055993.725, 53201326746.19782, -94675065973.51653, -77307288145.71173, 2078159279314.4773, 49711972034.18998, -52358056331.97752, 40974424372.96557, 2059132541961.7878]","[0.8027190792870906, 0.518690988424941, 0.17682674073466093, -0.235231889922264]","[0.8027190792870906, 0.518690988424941, 0.17682674073466095, -0.23523188992226401]","[0.8027190792870906, 0.518690988424941, 0.17682674073466093, -0.23523188992226401]",4.8626467435974874e-17,True
quaternion_normalize_minimal,GLM,0,1e-09,"[1.161879471170269e-09, 8.44319530332419e-10, 1.1941939014182526e-09]","[5.989612953806611e-10, 9.426573284208318e-10, 1.2298288396871217e-09]","[2.0948838045003205e-09, -3.932605756524321e-12, -3.577418839954607e-11, -7.925124994085522e-11, 2.0639645683961173e-09, -2.1713004330476385e-11, 6.358103218516611e-11, 5.88815928189106e-12, 2.0149515845957286e-09]","[0.9274857234880097, 0.11447967604395723, 0.11281442516849256, -0.3375463552946413]","[0.9274857234880098, 0.11447967604395726, 0.11281442516849258, -0.33754635529464133]","[0.9274857234880098, 0.11447967604395724, 0.11281442516849258, -0.3375463552946413]",3.924811864397526e-17,True
quaternion_normalize_minimal,GLM,1,1,"[0.8504010357412088, 1.24300365713135, 1.2560054807842775]","[1.3873751055285175, 0.6082215815972852, 1.3077730342763871]","[1.945769908529422, -0.02075453362373847, 0.09276226205942213, 0.033947980856456894, 1.9767084861983004, -0.03875308931723945, -0.08752994451109584, 0.03472055394990912, 2.043444976732538]","[0.7873951838665527, -0.4159445408644089, 0.25098447561402604, -0.3794809038009763]","[0.7873951838665529, -0.415944540864409, 0.2509844756140261, -0.37948090380097643]","[0.7873951838665528, -0.41594454086440896, 0.2509844756140261, -0.3794809038009764]",1.3021268091550908e-16,True
quaternion_normalize_minimal,GLM,2,1000000000000,"[1251218367987.295, 1263398499445.708, 1196439335522.4617]","[889471583359.2222, 1387452740350.7996, 1198616994535.5376]","[1966250055993.725, 53201326746.19782, -94675065973.51653, -77307288145.71173, 2078159279314.4773, 49711972034.18998, -52358056331.97752, 40974424372.96557, 2059132541961.7878]","[0.8027190792870906, 0.518690988424941, 0.17682674073466093, -0.235231889922264]","[0.8027190792870907, 0.5186909884249411, 0.17682674073466095, -0.23523188992226401]","[0.8027190792870906, 0.518690988424941, 0.17682674073466093, -0.23523188992226401]",7.958043946043603e-17,True
quaternion_normalize_minimal,Raw,0,1e-09,"[1.161879471170269e-09, 8.44319530332419e-10, 1.1941939014182526e-09]","[5.989612953806611e-10, 9.426573284208318e-10, 1.2298288396871217e-09]","[2.0948838045003205e-09, -3.932605756524321e-12, -3.577418839954607e-11, -7.925124994085522e-11, 2.0639645683961173e-09, -2.1713004330476385e-11, 6.358103218516611e-11, 5.88815928189106e-12, 2.0149515845957286e-09]","[0.9274857234880097, 0.11447967604395723, 0.11281442516849256, -0.3375463552946413]","[0.9274857234880098, 0.11447967604395726, 0.11281442516849258, -0.33754635529464133]","[0.9274857234880098, 0.11447967604395724, 0.11281442516849258, -0.3375463552946413]",3.924811864397526e-17,True
quaternion_normalize_minimal,Raw,1,1,"[0.8504010357412088, 1.24300365713135, 1.2560054807842775]","[1.3873751055285175, 0.6082215815972852, 1.3077730342763871]","[1.945769908529422, -0.02075453362373847, 0.09276226205942213, 0.033947980856456894, 1.9767084861983004, -0.03875308931723945, -0.08752994451109584, 0.03472055394990912, 2.043444976732538]","[0.7873951838665527, -0.4159445408644089, 0.25098447561402604, -0.3794809038009763]","[0.7873951838665528, -0.41594454086440896, 0.2509844756140261, -0.3794809038009764]","[0.7873951838665528, -0.41594454086440896, 0.2509844756140261, -0.3794809038009764]",2.6237692574149207e-17,True
quaternion_normalize_minimal,Raw,2,1000000000000,"[1251218367987.295, 1263398499445.708, 1196439335522.4617]","[889471583359.2222, 1387452740350.7996, 1198616994535.5376]","[1966250055993.725, 53201326746.19782, -94675065973.51653, -77307288145.71173, 2078159279314.4773, 49711972034.18998, -52358056331.97752, 40974424372.96557, 2059132541961.7878]","[0.8027190792870906, 0.518690988424941, 0.17682674073466093, -0.235231889922264]","[0.8027190792870906, 0.518690988424941, 0.17682674073466095, -0.23523188992226401]","[0.8027190792870906, 0.518690988424941, 0.17682674073466093, -0.23523188992226401]",4.8626467435974874e-17,True
quaternion_normalize_checked,Vectoris,0,1e-09,"[1.161879471170269e-09, 8.44319530332419e-10, 1.1941939014182526e-09]","[5.989612953806611e-10, 9.426573284208318e-10, 1.2298288396871217e-09]","[2.0948838045003205e-09, -3.932605756524321e-12, -3.577418839954607e-11, -7.925124994085522e-11, 2.0639645683961173e-09, -2.1713004330476385e-11, 6.358103218516611e-11, 5.88815928189106e-12, 2.0149515845957286e-09]","[0.9274857234880097, 0.11447967604395723, 0.11281442516849256, -0.3375463552946413]","[0.9274857234880097, 0.11447967604395723, 0.11281442516849256, -0.3375463552946413, 1]","[0.9274857234880098, 0.11447967604395724, 0.11281442516849258, -0.3375463552946413, 1]",7.177418381854039e-17,True
quaternion_normalize_checked,Vectoris,1,1,"[0.8504010357412088, 1.24300365713135, 1.2560054807842775]","[1.3873751055285175, 0.6082215815972852, 1.3077730342763871]","[1.945769908529422, -0.02075453362373847, 0.09276226205942213, 0.033947980856456894, 1.9767084861983004, -0.03875308931723945, -0.08752994451109584, 0.03472055394990912, 2.043444976732538]","[0.7873951838665527, -0.4159445408644089, 0.25098447561402604, -0.3794809038009763]","[0.7873951838665527, -0.4159445408644089, 0.25098447561402604, -0.3794809038009763, 1]","[0.7873951838665528, -0.41594454086440896, 0.2509844756140261, -0.3794809038009764, 1]",9.183192400952223e-17,True
quaternion_normalize_checked,Vectoris,2,1000000000000,"[1251218367987.295, 1263398499445.708, 1196439335522.4617]","[889471583359.2222, 1387452740350.7996, 1198616994535.5376]","[1966250055993.725, 53201326746.19782, -94675065973.51653, -77307288145.71173, 2078159279314.4773, 49711972034.18998, -52358056331.97752, 40974424372.96557, 2059132541961.7878]","[0.8027190792870906, 0.518690988424941, 0.17682674073466093, -0.235231889922264]","[0.8027190792870906, 0.518690988424941, 0.17682674073466093, -0.23523188992226396, 1]","[0.8027190792870906, 0.518690988424941, 0.17682674073466093, -0.23523188992226401, 1]",4.8626467435974874e-17,True
quaternion_normalize_checked,Eigen,0,1e-09,"[1.161879471170269e-09, 8.44319530332419e-10, 1.1941939014182526e-09]","[5.989612953806611e-10, 9.426573284208318e-10, 1.2298288396871217e-09]","[2.0948838045003205e-09, -3.932605756524321e-12, -3.577418839954607e-11, -7.925124994085522e-11, 2.0639645683961173e-09, -2.1713004330476385e-11, 6.358103218516611e-11, 5.88815928189106e-12, 2.0149515845957286e-09]","[0.9274857234880097, 0.11447967604395723, 0.11281442516849256, -0.3375463552946413]","[0.9274857234880098, 0.11447967604395726, 0.11281442516849259, -0.33754635529464133, 1]","[0.9274857234880098, 0.11447967604395724, 0.11281442516849258, -0.3375463552946413, 1]",3.924811864397526e-17,True
quaternion_normalize_checked,Eigen,1,1,"[0.8504010357412088, 1.24300365713135, 1.2560054807842775]","[1.3873751055285175, 0.6082215815972852, 1.3077730342763871]","[1.945769908529422, -0.02075453362373847, 0.09276226205942213, 0.033947980856456894, 1.9767084861983004, -0.03875308931723945, -0.08752994451109584, 0.03472055394990912, 2.043444976732538]","[0.7873951838665527, -0.4159445408644089, 0.25098447561402604, -0.3794809038009763]","[0.7873951838665529, -0.41594454086440896, 0.2509844756140261, -0.37948090380097643, 1]","[0.7873951838665528, -0.41594454086440896, 0.2509844756140261, -0.3794809038009764, 1]",1.3021268091550908e-16,True
quaternion_normalize_checked,Eigen,2,1000000000000,"[1251218367987.295, 1263398499445.708, 1196439335522.4617]","[889471583359.2222, 1387452740350.7996, 1198616994535.5376]","[1966250055993.725, 53201326746.19782, -94675065973.51653, -77307288145.71173, 2078159279314.4773, 49711972034.18998, -52358056331.97752, 40974424372.96557, 2059132541961.7878]","[0.8027190792870906, 0.518690988424941, 0.17682674073466093, -0.235231889922264]","[0.8027190792870906, 0.518690988424941, 0.17682674073466095, -0.235231889922264, 1]","[0.8027190792870906, 0.518690988424941, 0.17682674073466093, -0.23523188992226401, 1]",4.8626467435974874e-17,True
quaternion_normalize_checked,GLM,0,1e-09,"[1.161879471170269e-09, 8.44319530332419e-10, 1.1941939014182526e-09]","[5.989612953806611e-10, 9.426573284208318e-10, 1.2298288396871217e-09]","[2.0948838045003205e-09, -3.932605756524321e-12, -3.577418839954607e-11, -7.925124994085522e-11, 2.0639645683961173e-09, -2.1713004330476385e-11, 6.358103218516611e-11, 5.88815928189106e-12, 2.0149515845957286e-09]","[0.9274857234880097, 0.11447967604395723, 0.11281442516849256, -0.3375463552946413]","[0.9274857234880097, 0.11447967604395723, 0.11281442516849256, -0.3375463552946413, 1]","[0.9274857234880098, 0.11447967604395724, 0.11281442516849258, -0.3375463552946413, 1]",7.177418381854039e-17,True
quaternion_normalize_checked,GLM,1,1,"[0.8504010357412088, 1.24300365713135, 1.2560054807842775]","[1.3873751055285175, 0.6082215815972852, 1.3077730342763871]","[1.945769908529422, -0.02075453362373847, 0.09276226205942213, 0.033947980856456894, 1.9767084861983004, -0.03875308931723945, -0.08752994451109584, 0.03472055394990912, 2.043444976732538]","[0.7873951838665527, -0.4159445408644089, 0.25098447561402604, -0.3794809038009763]","[0.7873951838665527, -0.4159445408644089, 0.25098447561402604, -0.3794809038009763, 1]","[0.7873951838665528, -0.41594454086440896, 0.2509844756140261, -0.3794809038009764, 1]",9.183192400952223e-17,True
quaternion_normalize_checked,GLM,2,1000000000000,"[1251218367987.295, 1263398499445.708, 1196439335522.4617]","[889471583359.2222, 1387452740350.7996, 1198616994535.5376]","[1966250055993.725, 53201326746.19782, -94675065973.51653, -77307288145.71173, 2078159279314.4773, 49711972034.18998, -52358056331.97752, 40974424372.96557, 2059132541961.7878]","[0.8027190792870906, 0.518690988424941, 0.17682674073466093, -0.235231889922264]","[0.8027190792870906, 0.518690988424941, 0.17682674073466093, -0.23523188992226396, 1]","[0.8027190792870906, 0.518690988424941, 0.17682674073466093, -0.23523188992226401, 1]",4.8626467435974874e-17,True
quaternion_normalize_checked,Raw,0,1e-09,"[1.161879471170269e-09, 8.44319530332419e-10, 1.1941939014182526e-09]","[5.989612953806611e-10, 9.426573284208318e-10, 1.2298288396871217e-09]","[2.0948838045003205e-09, -3.932605756524321e-12, -3.577418839954607e-11, -7.925124994085522e-11, 2.0639645683961173e-09, -2.1713004330476385e-11, 6.358103218516611e-11, 5.88815928189106e-12, 2.0149515845957286e-09]","[0.9274857234880097, 0.11447967604395723, 0.11281442516849256, -0.3375463552946413]","[0.9274857234880097, 0.11447967604395723, 0.11281442516849256, -0.3375463552946413, 1]","[0.9274857234880098, 0.11447967604395724, 0.11281442516849258, -0.3375463552946413, 1]",7.177418381854039e-17,True
quaternion_normalize_checked,Raw,1,1,"[0.8504010357412088, 1.24300365713135, 1.2560054807842775]","[1.3873751055285175, 0.6082215815972852, 1.3077730342763871]","[1.945769908529422, -0.02075453362373847, 0.09276226205942213, 0.033947980856456894, 1.9767084861983004, -0.03875308931723945, -0.08752994451109584, 0.03472055394990912, 2.043444976732538]","[0.7873951838665527, -0.4159445408644089, 0.25098447561402604, -0.3794809038009763]","[0.7873951838665527, -0.4159445408644089, 0.25098447561402604, -0.3794809038009763, 1]","[0.7873951838665528, -0.41594454086440896, 0.2509844756140261, -0.3794809038009764, 1]",9.183192400952223e-17,True
quaternion_normalize_checked,Raw,2,1000000000000,"[1251218367987.295, 1263398499445.708, 1196439335522.4617]","[889471583359.2222, 1387452740350.7996, 1198616994535.5376]","[1966250055993.725, 53201326746.19782, -94675065973.51653, -77307288145.71173, 2078159279314.4773, 49711972034.18998, -52358056331.97752, 40974424372.96557, 2059132541961.7878]","[0.8027190792870906, 0.518690988424941, 0.17682674073466093, -0.235231889922264]","[0.8027190792870906, 0.518690988424941, 0.17682674073466095, -0.235231889922264, 1]","[0.8027190792870906, 0.518690988424941, 0.17682674073466093, -0.23523188992226401, 1]",4.8626467435974874e-17,True
quaternion_rotate,Vectoris,0,1e-09,"[1.161879471170269e-09, 8.44319530332419e-10, 1.1941939014182526e-09]","[5.989612953806611e-10, 9.426573284208318e-10, 1.2298288396871217e-09]","[2.0948838045003205e-09, -3.932605756524321e-12, -3.577418839954607e-11, -7.925124994085522e-11, 2.0639645683961173e-09, -2.1713004330476385e-11, 6.358103218516611e-11, 5.88815928189106e-12, 2.0149515845957286e-09]","[0.9274857234880097, 0.11447967604395723, 0.11281442516849256, -0.3375463552946413]","[1.5756248181748288e-09, -4.122420164354628e-10, 9.145498353009365e-10]","[1.5756248181748284e-09, -4.122420164354625e-10, 9.145498353009364e-10]",3.4129278203481855e-25,True
quaternion_rotate,Vectoris,1,1,"[0.8504010357412088, 1.24300365713135, 1.2560054807842775]","[1.3873751055285175, 0.6082215815972852, 1.3077730342763871]","[1.945769908529422, -0.02075453362373847, 0.09276226205942213, 0.033947980856456894, 1.9767084861983004, -0.03875308931723945, -0.08752994451109584, 0.03472055394990912, 2.043444976732538]","[0.7873951838665527, -0.4159445408644089, 0.25098447561402604, -0.3794809038009763]","[1.8745679887626552, 0.35260417562173413, -0.45547220752997347]","[1.8745679887626547, 0.3526041756217343, -0.45547220752997336]",3.596298606134418e-16,True
quaternion_rotate,Vectoris,2,1000000000000,"[1251218367987.295, 1263398499445.708, 1196439335522.4617]","[889471583359.2222, 1387452740350.7996, 1198616994535.5376]","[1966250055993.725, 53201326746.19782, -94675065973.51653, -77307288145.71173, 2078159279314.4773, 49711972034.18998, -52358056331.97752, 40974424372.96557, 2059132541961.7878]","[0.8027190792870906, 0.518690988424941, 0.17682674073466093, -0.235231889922264]","[1791068593914.192, -895072051473.7671, 764270613683.8368]","[1791068593914.1917, -895072051473.7667, 764270613683.8368]",0.0003809928894042969,True
quaternion_rotate,Eigen,0,1e-09,"[1.161879471170269e-09, 8.44319530332419e-10, 1.1941939014182526e-09]","[5.989612953806611e-10, 9.426573284208318e-10, 1.2298288396871217e-09]","[2.0948838045003205e-09, -3.932605756524321e-12, -3.577418839954607e-11, -7.925124994085522e-11, 2.0639645683961173e-09, -2.1713004330476385e-11, 6.358103218516611e-11, 5.88815928189106e-12, 2.0149515845957286e-09]","[0.9274857234880097, 0.11447967604395723, 0.11281442516849256, -0.3375463552946413]","[1.5756248181748284e-09, -4.122420164354624e-10, 9.145498353009363e-10]","[1.5756248181748284e-09, -4.122420164354625e-10, 9.145498353009364e-10]",1.251070286808107e-25,True
quaternion_rotate,Eigen,1,1,"[0.8504010357412088, 1.24300365713135, 1.2560054807842775]","[1.3873751055285175, 0.6082215815972852, 1.3077730342763871]","[1.945769908529422, -0.02075453362373847, 0.09276226205942213, 0.033947980856456894, 1.9767084861983004, -0.03875308931723945, -0.08752994451109584, 0.03472055394990912, 2.043444976732538]","[0.7873951838665527, -0.4159445408644089, 0.25098447561402604, -0.3794809038009763]","[1.874567988762655, 0.3526041756217342, -0.4554722075299733]","[1.8745679887626547, 0.3526041756217343, -0.45547220752997336]",1.3758525568841051e-16,True
quaternion_rotate,Eigen,2,1000000000000,"[1251218367987.295, 1263398499445.708, 1196439335522.4617]","[889471583359.2222, 1387452740350.7996, 1198616994535.5376]","[1966250055993.725, 53201326746.19782, -94675065973.51653, -77307288145.71173, 2078159279314.4773, 49711972034.18998, -52358056331.97752, 40974424372.96557, 2059132541961.7878]","[0.8027190792870906, 0.518690988424941, 0.17682674073466093, -0.235231889922264]","[1791068593914.1914, -895072051473.7667, 764270613683.8369]","[1791068593914.1917, -895072051473.7667, 764270613683.8368]",0.00024449825286865234,True
quaternion_rotate,GLM,0,1e-09,"[1.161879471170269e-09, 8.44319530332419e-10, 1.1941939014182526e-09]","[5.989612953806611e-10, 9.426573284208318e-10, 1.2298288396871217e-09]","[2.0948838045003205e-09, -3.932605756524321e-12, -3.577418839954607e-11, -7.925124994085522e-11, 2.0639645683961173e-09, -2.1713004330476385e-11, 6.358103218516611e-11, 5.88815928189106e-12, 2.0149515845957286e-09]","[0.9274857234880097, 0.11447967604395723, 0.11281442516849256, -0.3375463552946413]","[1.5756248181748284e-09, -4.1224201643546245e-10, 9.145498353009364e-10]","[1.5756248181748284e-09, -4.122420164354625e-10, 9.145498353009364e-10]",7.302958716174039e-26,True
quaternion_rotate,GLM,1,1,"[0.8504010357412088, 1.24300365713135, 1.2560054807842775]","[1.3873751055285175, 0.6082215815972852, 1.3077730342763871]","[1.945769908529422, -0.02075453362373847, 0.09276226205942213, 0.033947980856456894, 1.9767084861983004, -0.03875308931723945, -0.08752994451109584, 0.03472055394990912, 2.043444976732538]","[0.7873951838665527, -0.4159445408644089, 0.25098447561402604, -0.3794809038009763]","[1.8745679887626547, 0.3526041756217342, -0.4554722075299733]","[1.8745679887626547, 0.3526041756217343, -0.45547220752997336]",1.2031933609157885e-16,True
quaternion_rotate,GLM,2,1000000000000,"[1251218367987.295, 1263398499445.708, 1196439335522.4617]","[889471583359.2222, 1387452740350.7996, 1198616994535.5376]","[1966250055993.725, 53201326746.19782, -94675065973.51653, -77307288145.71173, 2078159279314.4773, 49711972034.18998, -52358056331.97752, 40974424372.96557, 2059132541961.7878]","[0.8027190792870906, 0.518690988424941, 0.17682674073466093, -0.235231889922264]","[1791068593914.1914, -895072051473.7666, 764270613683.8368]","[1791068593914.1917, -895072051473.7667, 764270613683.8368]",0.00024449825286865234,True
quaternion_rotate,Raw,0,1e-09,"[1.161879471170269e-09, 8.44319530332419e-10, 1.1941939014182526e-09]","[5.989612953806611e-10, 9.426573284208318e-10, 1.2298288396871217e-09]","[2.0948838045003205e-09, -3.932605756524321e-12, -3.577418839954607e-11, -7.925124994085522e-11, 2.0639645683961173e-09, -2.1713004330476385e-11, 6.358103218516611e-11, 5.88815928189106e-12, 2.0149515845957286e-09]","[0.9274857234880097, 0.11447967604395723, 0.11281442516849256, -0.3375463552946413]","[1.5756248181748284e-09, -4.122420164354624e-10, 9.145498353009364e-10]","[1.5756248181748284e-09, -4.122420164354625e-10, 9.145498353009364e-10]",1.2472837544630462e-25,True
quaternion_rotate,Raw,1,1,"[0.8504010357412088, 1.24300365713135, 1.2560054807842775]","[1.3873751055285175, 0.6082215815972852, 1.3077730342763871]","[1.945769908529422, -0.02075453362373847, 0.09276226205942213, 0.033947980856456894, 1.9767084861983004, -0.03875308931723945, -0.08752994451109584, 0.03472055394990912, 2.043444976732538]","[0.7873951838665527, -0.4159445408644089, 0.25098447561402604, -0.3794809038009763]","[1.874567988762655, 0.3526041756217343, -0.4554722075299733]","[1.8745679887626547, 0.3526041756217343, -0.45547220752997336]",1.3758525568841051e-16,True
quaternion_rotate,Raw,2,1000000000000,"[1251218367987.295, 1263398499445.708, 1196439335522.4617]","[889471583359.2222, 1387452740350.7996, 1198616994535.5376]","[1966250055993.725, 53201326746.19782, -94675065973.51653, -77307288145.71173, 2078159279314.4773, 49711972034.18998, -52358056331.97752, 40974424372.96557, 2059132541961.7878]","[0.8027190792870906, 0.518690988424941, 0.17682674073466093, -0.235231889922264]","[1791068593914.1914, -895072051473.7666, 764270613683.8369]","[1791068593914.1917, -895072051473.7667, 764270613683.8368]",0.00024449825286865234,True
rotation_matrix_vector,Vectoris,0,1e-09,"[1.161879471170269e-09, 8.44319530332419e-10, 1.1941939014182526e-09]","[5.989612953806611e-10, 9.426573284208318e-10, 1.2298288396871217e-09]","[2.0948838045003205e-09, -3.932605756524321e-12, -3.577418839954607e-11, -7.925124994085522e-11, 2.0639645683961173e-09, -2.1713004330476385e-11, 6.358103218516611e-11, 5.88815928189106e-12, 2.0149515845957286e-09]","[0.9274857234880097, 0.11447967604395723, 0.11281442516849256, -0.3375463552946413]","[1.5756248181748282e-09, -4.122420164354627e-10, 9.145498353009363e-10]","[1.5756248181748284e-09, -4.122420164354625e-10, 9.145498353009364e-10]",2.790926773799522e-25,True
rotation_matrix_vector,Vectoris,1,1,"[0.8504010357412088, 1.24300365713135, 1.2560054807842775]","[1.3873751055285175, 0.6082215815972852, 1.3077730342763871]","[1.945769908529422, -0.02075453362373847, 0.09276226205942213, 0.033947980856456894, 1.9767084861983004, -0.03875308931723945, -0.08752994451109584, 0.03472055394990912, 2.043444976732538]","[0.7873951838665527, -0.4159445408644089, 0.25098447561402604, -0.3794809038009763]","[1.8745679887626547, 0.35260417562173396, -0.4554722075299734]","[1.8745679887626547, 0.3526041756217343, -0.45547220752997336]",3.4236394101661016e-16,True
rotation_matrix_vector,Vectoris,2,1000000000000,"[1251218367987.295, 1263398499445.708, 1196439335522.4617]","[889471583359.2222, 1387452740350.7996, 1198616994535.5376]","[1966250055993.725, 53201326746.19782, -94675065973.51653, -77307288145.71173, 2078159279314.4773, 49711972034.18998, -52358056331.97752, 40974424372.96557, 2059132541961.7878]","[0.8027190792870906, 0.518690988424941, 0.17682674073466093, -0.235231889922264]","[1791068593914.1914, -895072051473.7668, 764270613683.8367]","[1791068593914.1917, -895072051473.7667, 764270613683.8368]",0.00024449825286865234,True
rotation_matrix_vector,Eigen,0,1e-09,"[1.161879471170269e-09, 8.44319530332419e-10, 1.1941939014182526e-09]","[5.989612953806611e-10, 9.426573284208318e-10, 1.2298288396871217e-09]","[2.0948838045003205e-09, -3.932605756524321e-12, -3.577418839954607e-11, -7.925124994085522e-11, 2.0639645683961173e-09, -2.1713004330476385e-11, 6.358103218516611e-11, 5.88815928189106e-12, 2.0149515845957286e-09]","[0.9274857234880097, 0.11447967604395723, 0.11281442516849256, -0.3375463552946413]","[1.5756248181748286e-09, -4.122420164354626e-10, 9.145498353009363e-10]","[1.5756248181748284e-09, -4.122420164354625e-10, 9.145498353009364e-10]",1.3449762889656163e-25,True
rotation_matrix_vector,Eigen,1,1,"[0.8504010357412088, 1.24300365713135, 1.2560054807842775]","[1.3873751055285175, 0.6082215815972852, 1.3077730342763871]","[1.945769908529422, -0.02075453362373847, 0.09276226205942213, 0.033947980856456894, 1.9767084861983004, -0.03875308931723945, -0.08752994451109584, 0.03472055394990912, 2.043444976732538]","[0.7873951838665527, -0.4159445408644089, 0.25098447561402604, -0.3794809038009763]","[1.8745679887626547, 0.35260417562173424, -0.45547220752997325]","[1.8745679887626547, 0.3526041756217343, -0.45547220752997336]",1.0890810822616892e-16,True
rotation_matrix_vector,Eigen,2,1000000000000,"[1251218367987.295, 1263398499445.708, 1196439335522.4617]","[889471583359.2222, 1387452740350.7996, 1198616994535.5376]","[1966250055993.725, 53201326746.19782, -94675065973.51653, -77307288145.71173, 2078159279314.4773, 49711972034.18998, -52358056331.97752, 40974424372.96557, 2059132541961.7878]","[0.8027190792870906, 0.518690988424941, 0.17682674073466093, -0.235231889922264]","[1791068593914.192, -895072051473.7668, 764270613683.8368]","[1791068593914.1917, -895072051473.7667, 764270613683.8368]",0.00024378299713134766,True
rotation_matrix_vector,GLM,0,1e-09,"[1.161879471170269e-09, 8.44319530332419e-10, 1.1941939014182526e-09]","[5.989612953806611e-10, 9.426573284208318e-10, 1.2298288396871217e-09]","[2.0948838045003205e-09, -3.932605756524321e-12, -3.577418839954607e-11, -7.925124994085522e-11, 2.0639645683961173e-09, -2.1713004330476385e-11, 6.358103218516611e-11, 5.88815928189106e-12, 2.0149515845957286e-09]","[0.9274857234880097, 0.11447967604395723, 0.11281442516849256, -0.3375463552946413]","[1.5756248181748286e-09, -4.122420164354626e-10, 9.145498353009363e-10]","[1.5756248181748284e-09, -4.122420164354625e-10, 9.145498353009364e-10]",1.3449762889656163e-25,True
rotation_matrix_vector,GLM,1,1,"[0.8504010357412088, 1.24300365713135, 1.2560054807842775]","[1.3873751055285175, 0.6082215815972852, 1.3077730342763871]","[1.945769908529422, -0.02075453362373847, 0.09276226205942213, 0.033947980856456894, 1.9767084861983004, -0.03875308931723945, -0.08752994451109584, 0.03472055394990912, 2.043444976732538]","[0.7873951838665527, -0.4159445408644089, 0.25098447561402604, -0.3794809038009763]","[1.8745679887626547, 0.35260417562173424, -0.4554722075299732]","[1.8745679887626547, 0.3526041756217343, -0.45547220752997336]",1.6441925945742675e-16,True
rotation_matrix_vector,GLM,2,1000000000000,"[1251218367987.295, 1263398499445.708, 1196439335522.4617]","[889471583359.2222, 1387452740350.7996, 1198616994535.5376]","[1966250055993.725, 53201326746.19782, -94675065973.51653, -77307288145.71173, 2078159279314.4773, 49711972034.18998, -52358056331.97752, 40974424372.96557, 2059132541961.7878]","[0.8027190792870906, 0.518690988424941, 0.17682674073466093, -0.235231889922264]","[1791068593914.192, -895072051473.7668, 764270613683.8368]","[1791068593914.1917, -895072051473.7667, 764270613683.8368]",0.00024378299713134766,True
rotation_matrix_vector,Raw,0,1e-09,"[1.161879471170269e-09, 8.44319530332419e-10, 1.1941939014182526e-09]","[5.989612953806611e-10, 9.426573284208318e-10, 1.2298288396871217e-09]","[2.0948838045003205e-09, -3.932605756524321e-12, -3.577418839954607e-11, -7.925124994085522e-11, 2.0639645683961173e-09, -2.1713004330476385e-11, 6.358103218516611e-11, 5.88815928189106e-12, 2.0149515845957286e-09]","[0.9274857234880097, 0.11447967604395723, 0.11281442516849256, -0.3375463552946413]","[1.5756248181748286e-09, -4.122420164354626e-10, 9.145498353009363e-10]","[1.5756248181748284e-09, -4.122420164354625e-10, 9.145498353009364e-10]",1.3449762889656163e-25,True
rotation_matrix_vector,Raw,1,1,"[0.8504010357412088, 1.24300365713135, 1.2560054807842775]","[1.3873751055285175, 0.6082215815972852, 1.3077730342763871]","[1.945769908529422, -0.02075453362373847, 0.09276226205942213, 0.033947980856456894, 1.9767084861983004, -0.03875308931723945, -0.08752994451109584, 0.03472055394990912, 2.043444976732538]","[0.7873951838665527, -0.4159445408644089, 0.25098447561402604, -0.3794809038009763]","[1.8745679887626547, 0.35260417562173424, -0.4554722075299732]","[1.8745679887626547, 0.3526041756217343, -0.45547220752997336]",1.6441925945742675e-16,True
rotation_matrix_vector,Raw,2,1000000000000,"[1251218367987.295, 1263398499445.708, 1196439335522.4617]","[889471583359.2222, 1387452740350.7996, 1198616994535.5376]","[1966250055993.725, 53201326746.19782, -94675065973.51653, -77307288145.71173, 2078159279314.4773, 49711972034.18998, -52358056331.97752, 40974424372.96557, 2059132541961.7878]","[0.8027190792870906, 0.518690988424941, 0.17682674073466093, -0.235231889922264]","[1791068593914.192, -895072051473.7668, 764270613683.8368]","[1791068593914.1917, -895072051473.7667, 764270613683.8368]",0.00024378299713134766,True
rotation_matrix_compose,Vectoris,0,1e-09,"[1.161879471170269e-09, 8.44319530332419e-10, 1.1941939014182526e-09]","[5.989612953806611e-10, 9.426573284208318e-10, 1.2298288396871217e-09]","[2.0948838045003205e-09, -3.932605756524321e-12, -3.577418839954607e-11, -7.925124994085522e-11, 2.0639645683961173e-09, -2.1713004330476385e-11, 6.358103218516611e-11, 5.88815928189106e-12, 2.0149515845957286e-09]","[0.9274857234880097, 0.11447967604395723, 0.11281442516849256, -0.3375463552946413]","[0.9891014124449875, 0.11929876347736681, -0.08629137229237571, -0.14423079740807343, 0.9028728388427835, -0.40499149862559364, 0.029595151264377617, 0.4130235367539532, 0.9102393559437507]","[0.9891014124449877, 0.11929876347736688, -0.08629137229237574, -0.1442307974080734, 0.9028728388427836, -0.4049914986255937, 0.029595151264377735, 0.4130235367539533, 0.9102393559437508]",2.432407573971229e-16,True
rotation_matrix_compose,Vectoris,1,1,"[0.8504010357412088, 1.24300365713135, 1.2560054807842775]","[1.3873751055285175, 0.6082215815972852, 1.3077730342763871]","[1.945769908529422, -0.02075453362373847, 0.09276226205942213, 0.033947980856456894, 1.9767084861983004, -0.03875308931723945, -0.08752994451109584, 0.03472055394990912, 2.043444976732538]","[0.7873951838665527, -0.4159445408644089, 0.25098447561402604, -0.3794809038009763]","[0.21009376201599506, 0.9774293836822054, 0.022190337460033294, -0.9651247563409175, 0.203716154998274, 0.16441998932795068, 0.15618839860838152, -0.055960058142776326, 0.986140789153763]","[0.2100937620159951, 0.9774293836822056, 0.022190337460033085, -0.9651247563409175, 0.20371615499827422, 0.16441998932795057, 0.15618839860838163, -0.05596005814277617, 0.986140789153763]",2.2045895924777126e-16,True
rotation_matrix_compose,Vectoris,2,1000000000000,"[1251218367987.295, 1263398499445.708, 1196439335522.4617]","[889471583359.2222, 1387452740350.7996, 1198616994535.5376]","[1966250055993.725, 53201326746.19782, -94675065973.51653, -77307288145.71173, 2078159279314.4773, 49711972034.18998, -52358056331.97752, 40974424372.96557, 2059132541961.7878]","[0.8027190792870906, 0.518690988424941, 0.17682674073466093, -0.235231889922264]","[0.7814866342416896, -0.30853297075334113, 0.5422970094511987, 0.5949842354979644, 0.6301598788824185, -0.4988910568007794, -0.18780947795704678, 0.7125348644136745, 0.6760337765115645]","[0.7814866342416896, -0.30853297075334124, 0.5422970094511986, 0.5949842354979644, 0.6301598788824185, -0.4988910568007793, -0.18780947795704678, 0.7125348644136744, 0.6760337765115646]",1.4392783839745071e-16,True
rotation_matrix_compose,Eigen,0,1e-09,"[1.161879471170269e-09, 8.44319530332419e-10, 1.1941939014182526e-09]","[5.989612953806611e-10, 9.426573284208318e-10, 1.2298288396871217e-09]","[2.0948838045003205e-09, -3.932605756524321e-12, -3.577418839954607e-11, -7.925124994085522e-11, 2.0639645683961173e-09, -2.1713004330476385e-11, 6.358103218516611e-11, 5.88815928189106e-12, 2.0149515845957286e-09]","[0.9274857234880097, 0.11447967604395723, 0.11281442516849256, -0.3375463552946413]","[0.9891014124449877, 0.11929876347736698, -0.08629137229237571, -0.14423079740807337, 0.9028728388427835, -0.4049914986255937, 0.029595151264377728, 0.4130235367539532, 0.9102393559437508]","[0.9891014124449877, 0.11929876347736688, -0.08629137229237574, -0.1442307974080734, 0.9028728388427836, -0.4049914986255937, 0.029595151264377735, 0.4130235367539533, 0.9102393559437508]",9.595189226496714e-17,True
rotation_matrix_compose,Eigen,1,1,"[0.8504010357412088, 1.24300365713135, 1.2560054807842775]","[1.3873751055285175, 0.6082215815972852, 1.3077730342763871]","[1.945769908529422, -0.02075453362373847, 0.09276226205942213, 0.033947980856456894, 1.9767084861983004, -0.03875308931723945, -0.08752994451109584, 0.03472055394990912, 2.043444976732538]","[0.7873951838665527, -0.4159445408644089, 0.25098447561402604, -0.3794809038009763]","[0.2100937620159951, 0.9774293836822054, 0.02219033746003307, -0.9651247563409175, 0.20371615499827417, 0.16441998932795063, 0.15618839860838174, -0.0559600581427761, 0.986140789153763]","[0.2100937620159951, 0.9774293836822056, 0.022190337460033085, -0.9651247563409175, 0.20371615499827422, 0.16441998932795057, 0.15618839860838163, -0.05596005814277617, 0.986140789153763]",9.824226935434277e-17,True
rotation_matrix_compose,Eigen,2,1000000000000,"[1251218367987.295, 1263398499445.708, 1196439335522.4617]","[889471583359.2222, 1387452740350.7996, 1198616994535.5376]","[1966250055993.725, 53201326746.19782, -94675065973.51653, -77307288145.71173, 2078159279314.4773, 49711972034.18998, -52358056331.97752, 40974424372.96557, 2059132541961.7878]","[0.8027190792870906, 0.518690988424941, 0.17682674073466093, -0.235231889922264]","[0.7814866342416896, -0.30853297075334124, 0.5422970094511986, 0.5949842354979645, 0.6301598788824185, -0.4988910568007794, -0.18780947795704667, 0.7125348644136745, 0.6760337765115645]","[0.7814866342416896, -0.30853297075334124, 0.5422970094511986, 0.5949842354979644, 0.6301598788824185, -0.4988910568007793, -0.18780947795704678, 0.7125348644136744, 0.6760337765115646]",1.4392783839745071e-16,True
rotation_matrix_compose,GLM,0,1e-09,"[1.161879471170269e-09, 8.44319530332419e-10, 1.1941939014182526e-09]","[5.989612953806611e-10, 9.426573284208318e-10, 1.2298288396871217e-09]","[2.0948838045003205e-09, -3.932605756524321e-12, -3.577418839954607e-11, -7.925124994085522e-11, 2.0639645683961173e-09, -2.1713004330476385e-11, 6.358103218516611e-11, 5.88815928189106e-12, 2.0149515845957286e-09]","[0.9274857234880097, 0.11447967604395723, 0.11281442516849256, -0.3375463552946413]","[0.9891014124449877, 0.11929876347736698, -0.08629137229237571, -0.14423079740807337, 0.9028728388427835, -0.4049914986255937, 0.029595151264377728, 0.4130235367539532, 0.9102393559437508]","[0.9891014124449877, 0.11929876347736688, -0.08629137229237574, -0.1442307974080734, 0.9028728388427836, -0.4049914986255937, 0.029595151264377735, 0.4130235367539533, 0.9102393559437508]",9.595189226496714e-17,True
rotation_matrix_compose,GLM,1,1,"[0.8504010357412088, 1.24300365713135, 1.2560054807842775]","[1.3873751055285175, 0.6082215815972852, 1.3077730342763871]","[1.945769908529422, -0.02075453362373847, 0.09276226205942213, 0.033947980856456894, 1.9767084861983004, -0.03875308931723945, -0.08752994451109584, 0.03472055394990912, 2.043444976732538]","[0.7873951838665527, -0.4159445408644089, 0.25098447561402604, -0.3794809038009763]","[0.2100937620159951, 0.9774293836822054, 0.02219033746003307, -0.9651247563409175, 0.20371615499827417, 0.16441998932795063, 0.1561883986083817, -0.05596005814277605, 0.986140789153763]","[0.2100937620159951, 0.9774293836822056, 0.022190337460033085, -0.9651247563409175, 0.20371615499827422, 0.16441998932795057, 0.15618839860838163, -0.05596005814277617, 0.986140789153763]",1.2365325777197178e-16,True
rotation_matrix_compose,GLM,2,1000000000000,"[1251218367987.295, 1263398499445.708, 1196439335522.4617]","[889471583359.2222, 1387452740350.7996, 1198616994535.5376]","[1966250055993.725, 53201326746.19782, -94675065973.51653, -77307288145.71173, 2078159279314.4773, 49711972034.18998, -52358056331.97752, 40974424372.96557, 2059132541961.7878]","[0.8027190792870906, 0.518690988424941, 0.17682674073466093, -0.235231889922264]","[0.7814866342416896, -0.30853297075334124, 0.5422970094511986, 0.5949842354979645, 0.6301598788824185, -0.4988910568007794, -0.18780947795704672, 0.7125348644136745, 0.6760337765115645]","[0.7814866342416896, -0.30853297075334124, 0.5422970094511986, 0.5949842354979644, 0.6301598788824185, -0.4988910568007793, -0.18780947795704678, 0.7125348644136744, 0.6760337765115646]",1.4392783839745071e-16,True
rotation_matrix_compose,Raw,0,1e-09,"[1.161879471170269e-09, 8.44319530332419e-10, 1.1941939014182526e-09]","[5.989612953806611e-10, 9.426573284208318e-10, 1.2298288396871217e-09]","[2.0948838045003205e-09, -3.932605756524321e-12, -3.577418839954607e-11, -7.925124994085522e-11, 2.0639645683961173e-09, -2.1713004330476385e-11, 6.358103218516611e-11, 5.88815928189106e-12, 2.0149515845957286e-09]","[0.9274857234880097, 0.11447967604395723, 0.11281442516849256, -0.3375463552946413]","[0.9891014124449877, 0.11929876347736698, -0.08629137229237571, -0.14423079740807337, 0.9028728388427835, -0.4049914986255937, 0.029595151264377728, 0.4130235367539532, 0.9102393559437508]","[0.9891014124449877, 0.11929876347736688, -0.08629137229237574, -0.1442307974080734, 0.9028728388427836, -0.4049914986255937, 0.029595151264377735, 0.4130235367539533, 0.9102393559437508]",9.595189226496714e-17,True
rotation_matrix_compose,Raw,1,1,"[0.8504010357412088, 1.24300365713135, 1.2560054807842775]","[1.3873751055285175, 0.6082215815972852, 1.3077730342763871]","[1.945769908529422, -0.02075453362373847, 0.09276226205942213, 0.033947980856456894, 1.9767084861983004, -0.03875308931723945, -0.08752994451109584, 0.03472055394990912, 2.043444976732538]","[0.7873951838665527, -0.4159445408644089, 0.25098447561402604, -0.3794809038009763]","[0.2100937620159951, 0.9774293836822054, 0.02219033746003307, -0.9651247563409175, 0.20371615499827417, 0.16441998932795063, 0.1561883986083817, -0.05596005814277605, 0.986140789153763]","[0.2100937620159951, 0.9774293836822056, 0.022190337460033085, -0.9651247563409175, 0.20371615499827422, 0.16441998932795057, 0.15618839860838163, -0.05596005814277617, 0.986140789153763]",1.2365325777197178e-16,True
rotation_matrix_compose,Raw,2,1000000000000,"[1251218367987.295, 1263398499445.708, 1196439335522.4617]","[889471583359.2222, 1387452740350.7996, 1198616994535.5376]","[1966250055993.725, 53201326746.19782, -94675065973.51653, -77307288145.71173, 2078159279314.4773, 49711972034.18998, -52358056331.97752, 40974424372.96557, 2059132541961.7878]","[0.8027190792870906, 0.518690988424941, 0.17682674073466093, -0.235231889922264]","[0.7814866342416896, -0.30853297075334124, 0.5422970094511986, 0.5949842354979645, 0.6301598788824185, -0.4988910568007794, -0.18780947795704672, 0.7125348644136745, 0.6760337765115645]","[0.7814866342416896, -0.30853297075334124, 0.5422970094511986, 0.5949842354979644, 0.6301598788824185, -0.4988910568007793, -0.18780947795704678, 0.7125348644136744, 0.6760337765115646]",1.4392783839745071e-16,True
quaternion_to_matrix_checked,Vectoris,0,1e-09,"[1.161879471170269e-09, 8.44319530332419e-10, 1.1941939014182526e-09]","[5.989612953806611e-10, 9.426573284208318e-10, 1.2298288396871217e-09]","[2.0948838045003205e-09, -3.932605756524321e-12, -3.577418839954607e-11, -7.925124994085522e-11, 2.0639645683961173e-09, -2.1713004330476385e-11, 6.358103218516611e-11, 5.88815928189106e-12, 2.0149515845957286e-09]","[0.9274857234880097, 0.11447967604395723, 0.11281442516849256, -0.3375463552946413]","[0.7466707270024125, 0.6519687687951309, 0.1319831426866685, -0.6003089334096338, 0.7459137236003487, -0.2885167264011747, -0.28655193230246456, 0.13619633424003585, 0.9483346184935463, 1]","[0.7466707270024128, 0.6519687687951309, 0.13198314268666847, -0.6003089334096338, 0.7459137236003488, -0.2885167264011747, -0.28655193230246456, 0.13619633424003588, 0.9483346184935464, 1]",2.2963402013242984e-16,True
quaternion_to_matrix_checked,Vectoris,1,1,"[0.8504010357412088, 1.24300365713135, 1.2560054807842775]","[1.3873751055285175, 0.6082215815972852, 1.3077730342763871]","[1.945769908529422, -0.02075453362373847, 0.09276226205942213, 0.033947980856456894, 1.9767084861983004, -0.03875308931723945, -0.08752994451109584, 0.03472055394990912, 2.043444976732538]","[0.7873951838665527, -0.4159445408644089, 0.25098447561402604, -0.3794809038009763]","[0.5860020733022928, 0.3888116270976898, 0.7109339552441287, -0.8063941169911717, 0.3659687651509802, 0.46453782517239084, -0.07956191405089663, -0.8455130877564896, 0.5279938638516968, 1]","[0.586002073302293, 0.38881162709768974, 0.7109339552441287, -0.8063941169911717, 0.3659687651509804, 0.4645378251723908, -0.07956191405089666, -0.8455130877564896, 0.5279938638516969, 1]",2.4557179206796675e-16,True
quaternion_to_matrix_checked,Vectoris,2,1000000000000,"[1251218367987.295, 1263398499445.708, 1196439335522.4617]","[889471583359.2222, 1387452740350.7996, 1198616994535.5376]","[1966250055993.725, 53201326746.19782, -94675065973.51653, -77307288145.71173, 2078159279314.4773, 49711972034.18998, -52358056331.97752, 40974424372.96557, 2059132541961.7878]","[0.8027190792870906, 0.518690988424941, 0.17682674073466093, -0.235231889922264]","[0.8267965234495137, 0.5610871260579681, 0.03985907404603617, -0.19421337833147986, 0.35125123298071514, -0.9159168821495762, -0.5279097200174202, 0.7495357285023423, 0.3993839245758293, 1]","[0.8267965234495138, 0.5610871260579681, 0.039859074046036155, -0.1942133783314799, 0.3512512329807152, -0.9159168821495762, -0.5279097200174202, 0.7495357285023423, 0.3993839245758295, 1]",2.0095687267018825e-16,True
quaternion_to_matrix_checked,Eigen,0,1e-09,"[1.161879471170269e-09, 8.44319530332419e-10, 1.1941939014182526e-09]","[5.989612953806611e-10, 9.426573284208318e-10, 1.2298288396871217e-09]","[2.0948838045003205e-09, -3.932605756524321e-12, -3.577418839954607e-11, -7.925124994085522e-11, 2.0639645683961173e-09, -2.1713004330476385e-11, 6.358103218516611e-11, 5.88815928189106e-12, 2.0149515845957286e-09]","[0.9274857234880097, 0.11447967604395723, 0.11281442516849256, -0.3375463552946413]","[0.7466707270024128, 0.6519687687951309, 0.1319831426866685, -0.6003089334096338, 0.7459137236003488, -0.2885167264011747, -0.28655193230246456, 0.13619633424003585, 0.9483346184935464, 1]","[0.7466707270024128, 0.6519687687951309, 0.13198314268666847, -0.6003089334096338, 0.7459137236003488, -0.2885167264011747, -0.28655193230246456, 0.13619633424003588, 0.9483346184935464, 1]",3.382710778154774e-17,True
quaternion_to_matrix_checked,Eigen,1,1,"[0.8504010357412088, 1.24300365713135, 1.2560054807842775]","[1.3873751055285175, 0.6082215815972852, 1.3077730342763871]","[1.945769908529422, -0.02075453362373847, 0.09276226205942213, 0.033947980856456894, 1.9767084861983004, -0.03875308931723945, -0.08752994451109584, 0.03472055394990912, 2.043444976732538]","[0.7873951838665527, -0.4159445408644089, 0.25098447561402604, -0.3794809038009763]","[0.586002073302293, 0.3888116270976898, 0.7109339552441287, -0.8063941169911717, 0.3659687651509804, 0.46453782517239084, -0.07956191405089663, -0.8455130877564896, 0.5279938638516969, 1]","[0.586002073302293, 0.38881162709768974, 0.7109339552441287, -0.8063941169911717, 0.3659687651509804, 0.4645378251723908, -0.07956191405089666, -0.8455130877564896, 0.5279938638516969, 1]",7.24247051220317e-17,True
quaternion_to_matrix_checked,Eigen,2,1000000000000,"[1251218367987.295, 1263398499445.708, 1196439335522.4617]","[889471583359.2222, 1387452740350.7996, 1198616994535.5376]","[1966250055993.725, 53201326746.19782, -94675065973.51653, -77307288145.71173, 2078159279314.4773, 49711972034.18998, -52358056331.97752, 40974424372.96557, 2059132541961.7878]","[0.8027190792870906, 0.518690988424941, 0.17682674073466093, -0.235231889922264]","[0.8267965234495138, 0.5610871260579681, 0.03985907404603614, -0.19421337833147986, 0.35125123298071514, -0.9159168821495762, -0.5279097200174202, 0.7495357285023423, 0.3993839245758294, 1]","[0.8267965234495138, 0.5610871260579681, 0.039859074046036155, -0.1942133783314799, 0.3512512329807152, -0.9159168821495762, -0.5279097200174202, 0.7495357285023423, 0.3993839245758295, 1]",8.993457020767259e-17,True
quaternion_to_matrix_checked,GLM,0,1e-09,"[1.161879471170269e-09, 8.44319530332419e-10, 1.1941939014182526e-09]","[5.989612953806611e-10, 9.426573284208318e-10, 1.2298288396871217e-09]","[2.0948838045003205e-09, -3.932605756524321e-12, -3.577418839954607e-11, -7.925124994085522e-11, 2.0639645683961173e-09, -2.1713004330476385e-11, 6.358103218516611e-11, 5.88815928189106e-12, 2.0149515845957286e-09]","[0.9274857234880097, 0.11447967604395723, 0.11281442516849256, -0.3375463552946413]","[0.7466707270024128, 0.6519687687951309, 0.1319831426866685, -0.6003089334096338, 0.7459137236003488, -0.2885167264011747, -0.28655193230246456, 0.13619633424003585, 0.9483346184935464, 1]","[0.7466707270024128, 0.6519687687951309, 0.13198314268666847, -0.6003089334096338, 0.7459137236003488, -0.2885167264011747, -0.28655193230246456, 0.13619633424003588, 0.9483346184935464, 1]",3.382710778154774e-17,True
quaternion_to_matrix_checked,GLM,1,1,"[0.8504010357412088, 1.24300365713135, 1.2560054807842775]","[1.3873751055285175, 0.6082215815972852, 1.3077730342763871]","[1.945769908529422, -0.02075453362373847, 0.09276226205942213, 0.033947980856456894, 1.9767084861983004, -0.03875308931723945, -0.08752994451109584, 0.03472055394990912, 2.043444976732538]","[0.7873951838665527, -0.4159445408644089, 0.25098447561402604, -0.3794809038009763]","[0.586002073302293, 0.3888116270976898, 0.7109339552441287, -0.8063941169911717, 0.3659687651509804, 0.46453782517239084, -0.07956191405089663, -0.8455130877564896, 0.5279938638516969, 1]","[0.586002073302293, 0.38881162709768974, 0.7109339552441287, -0.8063941169911717, 0.3659687651509804, 0.4645378251723908, -0.07956191405089666, -0.8455130877564896, 0.5279938638516969, 1]",7.24247051220317e-17,True
quaternion_to_matrix_checked,GLM,2,1000000000000,"[1251218367987.295, 1263398499445.708, 1196439335522.4617]","[889471583359.2222, 1387452740350.7996, 1198616994535.5376]","[1966250055993.725, 53201326746.19782, -94675065973.51653, -77307288145.71173, 2078159279314.4773, 49711972034.18998, -52358056331.97752, 40974424372.96557, 2059132541961.7878]","[0.8027190792870906, 0.518690988424941, 0.17682674073466093, -0.235231889922264]","[0.8267965234495138, 0.5610871260579681, 0.03985907404603614, -0.19421337833147986, 0.35125123298071514, -0.9159168821495762, -0.5279097200174202, 0.7495357285023423, 0.3993839245758294, 1]","[0.8267965234495138, 0.5610871260579681, 0.039859074046036155, -0.1942133783314799, 0.3512512329807152, -0.9159168821495762, -0.5279097200174202, 0.7495357285023423, 0.3993839245758295, 1]",8.993457020767259e-17,True
quaternion_to_matrix_checked,Raw,0,1e-09,"[1.161879471170269e-09, 8.44319530332419e-10, 1.1941939014182526e-09]","[5.989612953806611e-10, 9.426573284208318e-10, 1.2298288396871217e-09]","[2.0948838045003205e-09, -3.932605756524321e-12, -3.577418839954607e-11, -7.925124994085522e-11, 2.0639645683961173e-09, -2.1713004330476385e-11, 6.358103218516611e-11, 5.88815928189106e-12, 2.0149515845957286e-09]","[0.9274857234880097, 0.11447967604395723, 0.11281442516849256, -0.3375463552946413]","[0.7466707270024128, 0.6519687687951309, 0.1319831426866685, -0.6003089334096338, 0.7459137236003488, -0.2885167264011747, -0.28655193230246456, 0.13619633424003585, 0.9483346184935464, 1]","[0.7466707270024128, 0.6519687687951309, 0.13198314268666847, -0.6003089334096338, 0.7459137236003488, -0.2885167264011747, -0.28655193230246456, 0.13619633424003588, 0.9483346184935464, 1]",3.382710778154774e-17,True
quaternion_to_matrix_checked,Raw,1,1,"[0.8504010357412088, 1.24300365713135, 1.2560054807842775]","[1.3873751055285175, 0.6082215815972852, 1.3077730342763871]","[1.945769908529422, -0.02075453362373847, 0.09276226205942213, 0.033947980856456894, 1.9767084861983004, -0.03875308931723945, -0.08752994451109584, 0.03472055394990912, 2.043444976732538]","[0.7873951838665527, -0.4159445408644089, 0.25098447561402604, -0.3794809038009763]","[0.586002073302293, 0.3888116270976898, 0.7109339552441287, -0.8063941169911717, 0.3659687651509804, 0.46453782517239084, -0.07956191405089663, -0.8455130877564896, 0.5279938638516969, 1]","[0.586002073302293, 0.38881162709768974, 0.7109339552441287, -0.8063941169911717, 0.3659687651509804, 0.4645378251723908, -0.07956191405089666, -0.8455130877564896, 0.5279938638516969, 1]",7.24247051220317e-17,True
quaternion_to_matrix_checked,Raw,2,1000000000000,"[1251218367987.295, 1263398499445.708, 1196439335522.4617]","[889471583359.2222, 1387452740350.7996, 1198616994535.5376]","[1966250055993.725, 53201326746.19782, -94675065973.51653, -77307288145.71173, 2078159279314.4773, 49711972034.18998, -52358056331.97752, 40974424372.96557, 2059132541961.7878]","[0.8027190792870906, 0.518690988424941, 0.17682674073466093, -0.235231889922264]","[0.8267965234495138, 0.5610871260579681, 0.03985907404603614, -0.19421337833147986, 0.35125123298071514, -0.9159168821495762, -0.5279097200174202, 0.7495357285023423, 0.3993839245758294, 1]","[0.8267965234495138, 0.5610871260579681, 0.039859074046036155, -0.1942133783314799, 0.3512512329807152, -0.9159168821495762, -0.5279097200174202, 0.7495357285023423, 0.3993839245758295, 1]",8.993457020767259e-17,True
core_abs,Vectoris,0,1e-09,"[1.161879471170269e-09, 8.44319530332419e-10, 1.1941939014182526e-09]","[5.989612953806611e-10, 9.426573284208318e-10, 1.2298288396871217e-09]","[2.0948838045003205e-09, -3.932605756524321e-12, -3.577418839954607e-11, -7.925124994085522e-11, 2.0639645683961173e-09, -2.1713004330476385e-11, 6.358103218516611e-11, 5.88815928189106e-12, 2.0149515845957286e-09]","[0.9274857234880097, 0.11447967604395723, 0.11281442516849256, -0.3375463552946413]",[1.161879471170269e-09],[1.161879471170269e-09],0,True
core_abs,Vectoris,1,1,"[0.8504010357412088, 1.24300365713135, 1.2560054807842775]","[1.3873751055285175, 0.6082215815972852, 1.3077730342763871]","[1.945769908529422, -0.02075453362373847, 0.09276226205942213, 0.033947980856456894, 1.9767084861983004, -0.03875308931723945, -0.08752994451109584, 0.03472055394990912, 2.043444976732538]","[0.7873951838665527, -0.4159445408644089, 0.25098447561402604, -0.3794809038009763]",[0.8504010357412088],[0.8504010357412088],0,True
core_abs,Vectoris,2,1000000000000,"[1251218367987.295, 1263398499445.708, 1196439335522.4617]","[889471583359.2222, 1387452740350.7996, 1198616994535.5376]","[1966250055993.725, 53201326746.19782, -94675065973.51653, -77307288145.71173, 2078159279314.4773, 49711972034.18998, -52358056331.97752, 40974424372.96557, 2059132541961.7878]","[0.8027190792870906, 0.518690988424941, 0.17682674073466093, -0.235231889922264]",[1251218367987.295],[1251218367987.295],0,True
core_abs,Eigen,0,1e-09,"[1.161879471170269e-09, 8.44319530332419e-10, 1.1941939014182526e-09]","[5.989612953806611e-10, 9.426573284208318e-10, 1.2298288396871217e-09]","[2.0948838045003205e-09, -3.932605756524321e-12, -3.577418839954607e-11, -7.925124994085522e-11, 2.0639645683961173e-09, -2.1713004330476385e-11, 6.358103218516611e-11, 5.88815928189106e-12, 2.0149515845957286e-09]","[0.9274857234880097, 0.11447967604395723, 0.11281442516849256, -0.3375463552946413]",[1.161879471170269e-09],[1.161879471170269e-09],0,True
core_abs,Eigen,1,1,"[0.8504010357412088, 1.24300365713135, 1.2560054807842775]","[1.3873751055285175, 0.6082215815972852, 1.3077730342763871]","[1.945769908529422, -0.02075453362373847, 0.09276226205942213, 0.033947980856456894, 1.9767084861983004, -0.03875308931723945, -0.08752994451109584, 0.03472055394990912, 2.043444976732538]","[0.7873951838665527, -0.4159445408644089, 0.25098447561402604, -0.3794809038009763]",[0.8504010357412088],[0.8504010357412088],0,True
core_abs,Eigen,2,1000000000000,"[1251218367987.295, 1263398499445.708, 1196439335522.4617]","[889471583359.2222, 1387452740350.7996, 1198616994535.5376]","[1966250055993.725, 53201326746.19782, -94675065973.51653, -77307288145.71173, 2078159279314.4773, 49711972034.18998, -52358056331.97752, 40974424372.96557, 2059132541961.7878]","[0.8027190792870906, 0.518690988424941, 0.17682674073466093, -0.235231889922264]",[1251218367987.295],[1251218367987.295],0,True
core_abs,GLM,0,1e-09,"[1.161879471170269e-09, 8.44319530332419e-10, 1.1941939014182526e-09]","[5.989612953806611e-10, 9.426573284208318e-10, 1.2298288396871217e-09]","[2.0948838045003205e-09, -3.932605756524321e-12, -3.577418839954607e-11, -7.925124994085522e-11, 2.0639645683961173e-09, -2.1713004330476385e-11, 6.358103218516611e-11, 5.88815928189106e-12, 2.0149515845957286e-09]","[0.9274857234880097, 0.11447967604395723, 0.11281442516849256, -0.3375463552946413]",[1.161879471170269e-09],[1.161879471170269e-09],0,True
core_abs,GLM,1,1,"[0.8504010357412088, 1.24300365713135, 1.2560054807842775]","[1.3873751055285175, 0.6082215815972852, 1.3077730342763871]","[1.945769908529422, -0.02075453362373847, 0.09276226205942213, 0.033947980856456894, 1.9767084861983004, -0.03875308931723945, -0.08752994451109584, 0.03472055394990912, 2.043444976732538]","[0.7873951838665527, -0.4159445408644089, 0.25098447561402604, -0.3794809038009763]",[0.8504010357412088],[0.8504010357412088],0,True
core_abs,GLM,2,1000000000000,"[1251218367987.295, 1263398499445.708, 1196439335522.4617]","[889471583359.2222, 1387452740350.7996, 1198616994535.5376]","[1966250055993.725, 53201326746.19782, -94675065973.51653, -77307288145.71173, 2078159279314.4773, 49711972034.18998, -52358056331.97752, 40974424372.96557, 2059132541961.7878]","[0.8027190792870906, 0.518690988424941, 0.17682674073466093, -0.235231889922264]",[1251218367987.295],[1251218367987.295],0,True
core_abs,Raw,0,1e-09,"[1.161879471170269e-09, 8.44319530332419e-10, 1.1941939014182526e-09]","[5.989612953806611e-10, 9.426573284208318e-10, 1.2298288396871217e-09]","[2.0948838045003205e-09, -3.932605756524321e-12, -3.577418839954607e-11, -7.925124994085522e-11, 2.0639645683961173e-09, -2.1713004330476385e-11, 6.358103218516611e-11, 5.88815928189106e-12, 2.0149515845957286e-09]","[0.9274857234880097, 0.11447967604395723, 0.11281442516849256, -0.3375463552946413]",[1.161879471170269e-09],[1.161879471170269e-09],0,True
core_abs,Raw,1,1,"[0.8504010357412088, 1.24300365713135, 1.2560054807842775]","[1.3873751055285175, 0.6082215815972852, 1.3077730342763871]","[1.945769908529422, -0.02075453362373847, 0.09276226205942213, 0.033947980856456894, 1.9767084861983004, -0.03875308931723945, -0.08752994451109584, 0.03472055394990912, 2.043444976732538]","[0.7873951838665527, -0.4159445408644089, 0.25098447561402604, -0.3794809038009763]",[0.8504010357412088],[0.8504010357412088],0,True
core_abs,Raw,2,1000000000000,"[1251218367987.295, 1263398499445.708, 1196439335522.4617]","[889471583359.2222, 1387452740350.7996, 1198616994535.5376]","[1966250055993.725, 53201326746.19782, -94675065973.51653, -77307288145.71173, 2078159279314.4773, 49711972034.18998, -52358056331.97752, 40974424372.96557, 2059132541961.7878]","[0.8027190792870906, 0.518690988424941, 0.17682674073466093, -0.235231889922264]",[1251218367987.295],[1251218367987.295],0,True
core_sqrt,Vectoris,0,1e-09,"[1.161879471170269e-09, 8.44319530332419e-10, 1.1941939014182526e-09]","[5.989612953806611e-10, 9.426573284208318e-10, 1.2298288396871217e-09]","[2.0948838045003205e-09, -3.932605756524321e-12, -3.577418839954607e-11, -7.925124994085522e-11, 2.0639645683961173e-09, -2.1713004330476385e-11, 6.358103218516611e-11, 5.88815928189106e-12, 2.0149515845957286e-09]","[0.9274857234880097, 0.11447967604395723, 0.11281442516849256, -0.3375463552946413]",[3.408635315152193e-05],[3.408635315152193e-05],1.790018845564752e-21,True
core_sqrt,Vectoris,1,1,"[0.8504010357412088, 1.24300365713135, 1.2560054807842775]","[1.3873751055285175, 0.6082215815972852, 1.3077730342763871]","[1.945769908529422, -0.02075453362373847, 0.09276226205942213, 0.033947980856456894, 1.9767084861983004, -0.03875308931723945, -0.08752994451109584, 0.03472055394990912, 2.043444976732538]","[0.7873951838665527, -0.4159445408644089, 0.25098447561402604, -0.3794809038009763]",[0.9221719122491255],[0.9221719122491255],2.3852447794681098e-17,True
core_sqrt,Vectoris,2,1000000000000,"[1251218367987.295, 1263398499445.708, 1196439335522.4617]","[889471583359.2222, 1387452740350.7996, 1198616994535.5376]","[1966250055993.725, 53201326746.19782, -94675065973.51653, -77307288145.71173, 2078159279314.4773, 49711972034.18998, -52358056331.97752, 40974424372.96557, 2059132541961.7878]","[0.8027190792870906, 0.518690988424941, 0.17682674073466093, -0.235231889922264]",[1118578.7267721905],[1118578.7267721905],1.3528733688872308e-11,True
core_sqrt,Eigen,0,1e-09,"[1.161879471170269e-09, 8.44319530332419e-10, 1.1941939014182526e-09]","[5.989612953806611e-10, 9.426573284208318e-10, 1.2298288396871217e-09]","[2.0948838045003205e-09, -3.932605756524321e-12, -3.577418839954607e-11, -7.925124994085522e-11, 2.0639645683961173e-09, -2.1713004330476385e-11, 6.358103218516611e-11, 5.88815928189106e-12, 2.0149515845957286e-09]","[0.9274857234880097, 0.11447967604395723, 0.11281442516849256, -0.3375463552946413]",[3.408635315152193e-05],[3.408635315152193e-05],1.790018845564752e-21,True
core_sqrt,Eigen,1,1,"[0.8504010357412088, 1.24300365713135, 1.2560054807842775]","[1.3873751055285175, 0.6082215815972852, 1.3077730342763871]","[1.945769908529422, -0.02075453362373847, 0.09276226205942213, 0.033947980856456894, 1.9767084861983004, -0.03875308931723945, -0.08752994451109584, 0.03472055394990912, 2.043444976732538]","[0.7873951838665527, -0.4159445408644089, 0.25098447561402604, -0.3794809038009763]",[0.9221719122491255],[0.9221719122491255],2.3852447794681098e-17,True
core_sqrt,Eigen,2,1000000000000,"[1251218367987.295, 1263398499445.708, 1196439335522.4617]","[889471583359.2222, 1387452740350.7996, 1198616994535.5376]","[1966250055993.725, 53201326746.19782, -94675065973.51653, -77307288145.71173, 2078159279314.4773, 49711972034.18998, -52358056331.97752, 40974424372.96557, 2059132541961.7878]","[0.8027190792870906, 0.518690988424941, 0.17682674073466093, -0.235231889922264]",[1118578.7267721905],[1118578.7267721905],1.3528733688872308e-11,True
core_sqrt,GLM,0,1e-09,"[1.161879471170269e-09, 8.44319530332419e-10, 1.1941939014182526e-09]","[5.989612953806611e-10, 9.426573284208318e-10, 1.2298288396871217e-09]","[2.0948838045003205e-09, -3.932605756524321e-12, -3.577418839954607e-11, -7.925124994085522e-11, 2.0639645683961173e-09, -2.1713004330476385e-11, 6.358103218516611e-11, 5.88815928189106e-12, 2.0149515845957286e-09]","[0.9274857234880097, 0.11447967604395723, 0.11281442516849256, -0.3375463552946413]",[3.408635315152193e-05],[3.408635315152193e-05],1.790018845564752e-21,True
core_sqrt,GLM,1,1,"[0.8504010357412088, 1.24300365713135, 1.2560054807842775]","[1.3873751055285175, 0.6082215815972852, 1.3077730342763871]","[1.945769908529422, -0.02075453362373847, 0.09276226205942213, 0.033947980856456894, 1.9767084861983004, -0.03875308931723945, -0.08752994451109584, 0.03472055394990912, 2.043444976732538]","[0.7873951838665527, -0.4159445408644089, 0.25098447561402604, -0.3794809038009763]",[0.9221719122491255],[0.9221719122491255],2.3852447794681098e-17,True
core_sqrt,GLM,2,1000000000000,"[1251218367987.295, 1263398499445.708, 1196439335522.4617]","[889471583359.2222, 1387452740350.7996, 1198616994535.5376]","[1966250055993.725, 53201326746.19782, -94675065973.51653, -77307288145.71173, 2078159279314.4773, 49711972034.18998, -52358056331.97752, 40974424372.96557, 2059132541961.7878]","[0.8027190792870906, 0.518690988424941, 0.17682674073466093, -0.235231889922264]",[1118578.7267721905],[1118578.7267721905],1.3528733688872308e-11,True
core_sqrt,Raw,0,1e-09,"[1.161879471170269e-09, 8.44319530332419e-10, 1.1941939014182526e-09]","[5.989612953806611e-10, 9.426573284208318e-10, 1.2298288396871217e-09]","[2.0948838045003205e-09, -3.932605756524321e-12, -3.577418839954607e-11, -7.925124994085522e-11, 2.0639645683961173e-09, -2.1713004330476385e-11, 6.358103218516611e-11, 5.88815928189106e-12, 2.0149515845957286e-09]","[0.9274857234880097, 0.11447967604395723, 0.11281442516849256, -0.3375463552946413]",[3.408635315152193e-05],[3.408635315152193e-05],1.790018845564752e-21,True
core_sqrt,Raw,1,1,"[0.8504010357412088, 1.24300365713135, 1.2560054807842775]","[1.3873751055285175, 0.6082215815972852, 1.3077730342763871]","[1.945769908529422, -0.02075453362373847, 0.09276226205942213, 0.033947980856456894, 1.9767084861983004, -0.03875308931723945, -0.08752994451109584, 0.03472055394990912, 2.043444976732538]","[0.7873951838665527, -0.4159445408644089, 0.25098447561402604, -0.3794809038009763]",[0.9221719122491255],[0.9221719122491255],2.3852447794681098e-17,True
core_sqrt,Raw,2,1000000000000,"[1251218367987.295, 1263398499445.708, 1196439335522.4617]","[889471583359.2222, 1387452740350.7996, 1198616994535.5376]","[1966250055993.725, 53201326746.19782, -94675065973.51653, -77307288145.71173, 2078159279314.4773, 49711972034.18998, -52358056331.97752, 40974424372.96557, 2059132541961.7878]","[0.8027190792870906, 0.518690988424941, 0.17682674073466093, -0.235231889922264]",[1118578.7267721905],[1118578.7267721905],1.3528733688872308e-11,True
almost_equal,Vectoris,0,1e-09,"[1.161879471170269e-09, 8.44319530332419e-10, 1.1941939014182526e-09]","[5.989612953806611e-10, 9.426573284208318e-10, 1.2298288396871217e-09]","[2.0948838045003205e-09, -3.932605756524321e-12, -3.577418839954607e-11, -7.925124994085522e-11, 2.0639645683961173e-09, -2.1713004330476385e-11, 6.358103218516611e-11, 5.88815928189106e-12, 2.0149515845957286e-09]","[0.9274857234880097, 0.11447967604395723, 0.11281442516849256, -0.3375463552946413]",[1],[1],0,True
almost_equal,Vectoris,1,1,"[0.8504010357412088, 1.24300365713135, 1.2560054807842775]","[1.3873751055285175, 0.6082215815972852, 1.3077730342763871]","[1.945769908529422, -0.02075453362373847, 0.09276226205942213, 0.033947980856456894, 1.9767084861983004, -0.03875308931723945, -0.08752994451109584, 0.03472055394990912, 2.043444976732538]","[0.7873951838665527, -0.4159445408644089, 0.25098447561402604, -0.3794809038009763]",[1],[1],0,True
almost_equal,Vectoris,2,1000000000000,"[1251218367987.295, 1263398499445.708, 1196439335522.4617]","[889471583359.2222, 1387452740350.7996, 1198616994535.5376]","[1966250055993.725, 53201326746.19782, -94675065973.51653, -77307288145.71173, 2078159279314.4773, 49711972034.18998, -52358056331.97752, 40974424372.96557, 2059132541961.7878]","[0.8027190792870906, 0.518690988424941, 0.17682674073466093, -0.235231889922264]",[1],[1],0,True
almost_equal,Raw,0,1e-09,"[1.161879471170269e-09, 8.44319530332419e-10, 1.1941939014182526e-09]","[5.989612953806611e-10, 9.426573284208318e-10, 1.2298288396871217e-09]","[2.0948838045003205e-09, -3.932605756524321e-12, -3.577418839954607e-11, -7.925124994085522e-11, 2.0639645683961173e-09, -2.1713004330476385e-11, 6.358103218516611e-11, 5.88815928189106e-12, 2.0149515845957286e-09]","[0.9274857234880097, 0.11447967604395723, 0.11281442516849256, -0.3375463552946413]",[1],[1],0,True
almost_equal,Raw,1,1,"[0.8504010357412088, 1.24300365713135, 1.2560054807842775]","[1.3873751055285175, 0.6082215815972852, 1.3077730342763871]","[1.945769908529422, -0.02075453362373847, 0.09276226205942213, 0.033947980856456894, 1.9767084861983004, -0.03875308931723945, -0.08752994451109584, 0.03472055394990912, 2.043444976732538]","[0.7873951838665527, -0.4159445408644089, 0.25098447561402604, -0.3794809038009763]",[1],[1],0,True
almost_equal,Raw,2,1000000000000,"[1251218367987.295, 1263398499445.708, 1196439335522.4617]","[889471583359.2222, 1387452740350.7996, 1198616994535.5376]","[1966250055993.725, 53201326746.19782, -94675065973.51653, -77307288145.71173, 2078159279314.4773, 49711972034.18998, -52358056331.97752, 40974424372.96557, 2059132541961.7878]","[0.8027190792870906, 0.518690988424941, 0.17682674073466093, -0.235231889922264]",[1],[1],0,True
units_add,Vectoris,0,1e-09,"[1.161879471170269e-09, 8.44319530332419e-10, 1.1941939014182526e-09]","[5.989612953806611e-10, 9.426573284208318e-10, 1.2298288396871217e-09]","[2.0948838045003205e-09, -3.932605756524321e-12, -3.577418839954607e-11, -7.925124994085522e-11, 2.0639645683961173e-09, -2.1713004330476385e-11, 6.358103218516611e-11, 5.88815928189106e-12, 2.0149515845957286e-09]","[0.9274857234880097, 0.11447967604395723, 0.11281442516849256, -0.3375463552946413]",[1.76084076655093e-09],[1.76084076655093e-09],0,True
units_add,Vectoris,1,1,"[0.8504010357412088, 1.24300365713135, 1.2560054807842775]","[1.3873751055285175, 0.6082215815972852, 1.3077730342763871]","[1.945769908529422, -0.02075453362373847, 0.09276226205942213, 0.033947980856456894, 1.9767084861983004, -0.03875308931723945, -0.08752994451109584, 0.03472055394990912, 2.043444976732538]","[0.7873951838665527, -0.4159445408644089, 0.25098447561402604, -0.3794809038009763]",[2.2377761412697263],[2.2377761412697263],0,True
units_add,Vectoris,2,1000000000000,"[1251218367987.295, 1263398499445.708, 1196439335522.4617]","[889471583359.2222, 1387452740350.7996, 1198616994535.5376]","[1966250055993.725, 53201326746.19782, -94675065973.51653, -77307288145.71173, 2078159279314.4773, 49711972034.18998, -52358056331.97752, 40974424372.96557, 2059132541961.7878]","[0.8027190792870906, 0.518690988424941, 0.17682674073466093, -0.235231889922264]",[2140689951346.517],[2140689951346.517],0,True
units_add,Raw,0,1e-09,"[1.161879471170269e-09, 8.44319530332419e-10, 1.1941939014182526e-09]","[5.989612953806611e-10, 9.426573284208318e-10, 1.2298288396871217e-09]","[2.0948838045003205e-09, -3.932605756524321e-12, -3.577418839954607e-11, -7.925124994085522e-11, 2.0639645683961173e-09, -2.1713004330476385e-11, 6.358103218516611e-11, 5.88815928189106e-12, 2.0149515845957286e-09]","[0.9274857234880097, 0.11447967604395723, 0.11281442516849256, -0.3375463552946413]",[1.76084076655093e-09],[1.76084076655093e-09],0,True
units_add,Raw,1,1,"[0.8504010357412088, 1.24300365713135, 1.2560054807842775]","[1.3873751055285175, 0.6082215815972852, 1.3077730342763871]","[1.945769908529422, -0.02075453362373847, 0.09276226205942213, 0.033947980856456894, 1.9767084861983004, -0.03875308931723945, -0.08752994451109584, 0.03472055394990912, 2.043444976732538]","[0.7873951838665527, -0.4159445408644089, 0.25098447561402604, -0.3794809038009763]",[2.2377761412697263],[2.2377761412697263],0,True
units_add,Raw,2,1000000000000,"[1251218367987.295, 1263398499445.708, 1196439335522.4617]","[889471583359.2222, 1387452740350.7996, 1198616994535.5376]","[1966250055993.725, 53201326746.19782, -94675065973.51653, -77307288145.71173, 2078159279314.4773, 49711972034.18998, -52358056331.97752, 40974424372.96557, 2059132541961.7878]","[0.8027190792870906, 0.518690988424941, 0.17682674073466093, -0.235231889922264]",[2140689951346.517],[2140689951346.517],0,True
velocity_time,Vectoris,0,1e-09,"[1.161879471170269e-09, 8.44319530332419e-10, 1.1941939014182526e-09]","[5.989612953806611e-10, 9.426573284208318e-10, 1.2298288396871217e-09]","[2.0948838045003205e-09, -3.932605756524321e-12, -3.577418839954607e-11, -7.925124994085522e-11, 2.0639645683961173e-09, -2.1713004330476385e-11, 6.358103218516611e-11, 5.88815928189106e-12, 2.0149515845957286e-09]","[0.9274857234880097, 0.11447967604395723, 0.11281442516849256, -0.3375463552946413]",[5.567366665026734e-19],[5.567366665026734e-19],3.7521779678247417e-35,True
velocity_time,Vectoris,1,1,"[0.8504010357412088, 1.24300365713135, 1.2560054807842775]","[1.3873751055285175, 0.6082215815972852, 1.3077730342763871]","[1.945769908529422, -0.02075453362373847, 0.09276226205942213, 0.033947980856456894, 1.9767084861983004, -0.03875308931723945, -0.08752994451109584, 0.03472055394990912, 2.043444976732538]","[0.7873951838665527, -0.4159445408644089, 0.25098447561402604, -0.3794809038009763]",[0.9438601813624161],[0.9438601813624161],4.754226526348937e-17,True
velocity_time,Vectoris,2,1000000000000,"[1251218367987.295, 1263398499445.708, 1196439335522.4617]","[889471583359.2222, 1387452740350.7996, 1198616994535.5376]","[1966250055993.725, 53201326746.19782, -94675065973.51653, -77307288145.71173, 2078159279314.4773, 49711972034.18998, -52358056331.97752, 40974424372.96557, 2059132541961.7878]","[0.8027190792870906, 0.518690988424941, 0.17682674073466093, -0.235231889922264]",[8.903385463214408e+23],[8.903385463214408e+23],62455808,True
velocity_time,Raw,0,1e-09,"[1.161879471170269e-09, 8.44319530332419e-10, 1.1941939014182526e-09]","[5.989612953806611e-10, 9.426573284208318e-10, 1.2298288396871217e-09]","[2.0948838045003205e-09, -3.932605756524321e-12, -3.577418839954607e-11, -7.925124994085522e-11, 2.0639645683961173e-09, -2.1713004330476385e-11, 6.358103218516611e-11, 5.88815928189106e-12, 2.0149515845957286e-09]","[0.9274857234880097, 0.11447967604395723, 0.11281442516849256, -0.3375463552946413]",[5.567366665026734e-19],[5.567366665026734e-19],3.7521779678247417e-35,True
velocity_time,Raw,1,1,"[0.8504010357412088, 1.24300365713135, 1.2560054807842775]","[1.3873751055285175, 0.6082215815972852, 1.3077730342763871]","[1.945769908529422, -0.02075453362373847, 0.09276226205942213, 0.033947980856456894, 1.9767084861983004, -0.03875308931723945, -0.08752994451109584, 0.03472055394990912, 2.043444976732538]","[0.7873951838665527, -0.4159445408644089, 0.25098447561402604, -0.3794809038009763]",[0.9438601813624161],[0.9438601813624161],4.754226526348937e-17,True
velocity_time,Raw,2,1000000000000,"[1251218367987.295, 1263398499445.708, 1196439335522.4617]","[889471583359.2222, 1387452740350.7996, 1198616994535.5376]","[1966250055993.725, 53201326746.19782, -94675065973.51653, -77307288145.71173, 2078159279314.4773, 49711972034.18998, -52358056331.97752, 40974424372.96557, 2059132541961.7878]","[0.8027190792870906, 0.518690988424941, 0.17682674073466093, -0.235231889922264]",[8.903385463214408e+23],[8.903385463214408e+23],62455808,True
