configuration,operation,library,mode,samples,median_ns,p10_ns,p90_ns,p95_ns,p99_ns,mean_ns,stddev_ns,max_ns,ci95_low_ns,ci95_high_ns,median_Mops_s,p10_Mops_s,p90_Mops_s,aggregate_cpu_seconds,hardware,flags,unit,primary_value
clang-O3,almost_equal,Raw,latency,30,6.386391302478201,6.166955903051764,6.973332302230288,7.211657101382163,7.471754841027635,6.502801343154201,0.3516520788655863,7.500359043540409,6.31313898011226,6.593048987304629,156.5829966708601,143.40347475641292,162.15459763341917,1.6926810000000017,Intel i9-9980HK macOS x86-64,C++20 -O3 -DNDEBUG -march=x86-64 -fno-fast-math -ffp-contract=off -fno-lto,ns/op,6.386391302478201
clang-O3,almost_equal,Raw,throughput,30,1.1827541486761208,1.1704477027341702,1.221326941893321,1.2305057629898795,1.2359448040806251,1.189457341837638,0.020226679306026864,1.2375981293938245,1.1792456864138108,1.194821288383706,845.4843531634388,818.784969934541,854.3739532011049,1.7428420000000244,Intel i9-9980HK macOS x86-64,C++20 -O3 -DNDEBUG -march=x86-64 -fno-fast-math -ffp-contract=off -fno-lto,Mops/s,845.4843531634388
clang-O3,almost_equal,Vectoris,latency,30,7.014260268180322,6.503972499818841,7.479106626238539,7.555737509509196,7.631251662024904,6.979233649211863,0.39932517501861087,7.641897829523946,6.652512286078774,7.257250015744944,142.56671179751783,133.70587822939757,153.75253272097333,1.540299,Intel i9-9980HK macOS x86-64,C++20 -O3 -DNDEBUG -march=x86-64 -fno-fast-math -ffp-contract=off -fno-lto,ns/op,7.014260268180322
clang-O3,almost_equal,Vectoris,throughput,30,3.491305067779411,3.440015583731989,3.558558250989354,3.6334892719216807,3.659066393364107,3.4983259208479125,0.059857772057159975,3.6600159017133804,3.461242178693089,3.5126475536229282,286.4260624829574,281.0179553563137,290.69640631039704,1.7150180000000432,Intel i9-9980HK macOS x86-64,C++20 -O3 -DNDEBUG -march=x86-64 -fno-fast-math -ffp-contract=off -fno-lto,Mops/s,286.4260624829574
clang-O3,core_abs,Eigen,latency,30,3.955954222227892,3.8874568615473293,4.569137828070521,4.576909087994046,4.587683771204035,4.088629901278808,0.26167581891800284,4.590856246141516,3.918922175030981,4.0392201954532805,252.78419149735197,218.85969012510958,257.2375875969164,1.714710999999994,Intel i9-9980HK macOS x86-64,C++20 -O3 -DNDEBUG -march=x86-64 -fno-fast-math -ffp-contract=off -fno-lto,ns/op,3.955954222227892
clang-O3,core_abs,Eigen,throughput,30,0.4420980445489071,0.38184750794655736,0.44766546300361243,0.4481433287076479,0.44965622145628653,0.42306134622725006,0.028232087302028603,0.4501520862362545,0.4019310043465555,0.44489956942397474,2261.9489198033643,2233.81093621702,2618.8475786251215,1.8710490000001414,Intel i9-9980HK macOS x86-64,C++20 -O3 -DNDEBUG -march=x86-64 -fno-fast-math -ffp-contract=off -fno-lto,Mops/s,2261.9489198033643
clang-O3,core_abs,GLM,latency,30,6.2573375836242295,6.159754018392323,6.580909406162046,6.633760745703961,6.67205359319937,6.327989974735648,0.17703605467395236,6.6770979503257974,6.218072672455014,6.331439931509166,159.8124233037184,151.95485637946717,162.34482332455963,1.6584759999999994,Intel i9-9980HK macOS x86-64,C++20 -O3 -DNDEBUG -march=x86-64 -fno-fast-math -ffp-contract=off -fno-lto,ns/op,6.2573375836242295
clang-O3,core_abs,GLM,throughput,30,0.920257043963808,0.91493804617955,0.9278276070422522,0.9339223661429019,0.947247885147901,0.9195630530796381,0.014362342134577788,0.9522207328869601,0.9188056249823564,0.9227577766794097,1086.6529156839447,1077.7894695921343,1092.9707887081456,1.6875060000000062,Intel i9-9980HK macOS x86-64,C++20 -O3 -DNDEBUG -march=x86-64 -fno-fast-math -ffp-contract=off -fno-lto,Mops/s,1086.6529156839447
clang-O3,core_abs,Raw,latency,30,3.9362647280871776,3.901133453425549,4.016248527593537,4.033181246804893,4.064663841602922,3.948109503427045,0.04828134336199632,4.075326464072622,3.9201682806100906,3.965018784080058,254.04796106525845,248.98875923299286,256.335766797161,1.659875999999998,Intel i9-9980HK macOS x86-64,C++20 -O3 -DNDEBUG -march=x86-64 -fno-fast-math -ffp-contract=off -fno-lto,ns/op,3.9362647280871776
clang-O3,core_abs,Raw,throughput,30,0.4434148719720281,0.37994206680934317,0.44794135525260215,0.45010874760915065,0.45381888677322135,0.421747798693709,0.030334682589849955,0.4551039867539594,0.3926125975068805,0.44578010876490265,2255.229131955884,2232.4377840428465,2631.981534493987,1.8051129999999773,Intel i9-9980HK macOS x86-64,C++20 -O3 -DNDEBUG -march=x86-64 -fno-fast-math -ffp-contract=off -fno-lto,Mops/s,2255.229131955884
clang-O3,core_abs,Vectoris,latency,30,6.230919640003748,6.156178401508002,6.877302619292633,7.017025747043531,7.135920692113058,6.35109878548162,0.28245135180709496,7.141569003049539,6.206426156314139,6.309487661222229,160.4900097059686,145.40588881321696,162.43846072094738,1.7455669999999976,Intel i9-9980HK macOS x86-64,C++20 -O3 -DNDEBUG -march=x86-64 -fno-fast-math -ffp-contract=off -fno-lto,ns/op,6.230919640003748
clang-O3,core_abs,Vectoris,throughput,30,0.7930354991549233,0.781248369218576,0.8712644757298194,0.8965000599649151,0.9139812314836792,0.808898212851215,0.03850544419266727,0.9167084740268224,0.789113371917812,0.8045964615756773,1260.9792990878834,1147.7811346372428,1280.004825656182,1.5102649999999471,Intel i9-9980HK macOS x86-64,C++20 -O3 -DNDEBUG -march=x86-64 -fno-fast-math -ffp-contract=off -fno-lto,Mops/s,1260.9792990878834
clang-O3,core_sqrt,Eigen,latency,30,9.547156766587335,8.220686312834964,9.692683410012151,9.740773781143625,9.796468602892263,9.080793305396238,0.668910878286446,9.809323059785706,8.459518906791882,9.611000067381475,104.74322612413093,103.17064543227829,121.64445493580354,1.8830139999998325,Intel i9-9980HK macOS x86-64,C++20 -O3 -DNDEBUG -march=x86-64 -fno-fast-math -ffp-contract=off -fno-lto,ns/op,9.547156766587335
clang-O3,core_sqrt,Eigen,throughput,30,4.457541191113932,4.387479276932154,4.660936723078366,4.865448546922894,5.023020055237881,4.511681901675044,0.1619188669388926,5.028699054751298,4.435631240051434,4.497111779385999,224.33976943678556,214.55006000458525,227.92134390102618,1.7355859999999552,Intel i9-9980HK macOS x86-64,C++20 -O3 -DNDEBUG -march=x86-64 -fno-fast-math -ffp-contract=off -fno-lto,Mops/s,224.33976943678556
clang-O3,core_sqrt,GLM,latency,30,8.260333606161304,8.168492084370282,8.47304505940706,8.524389946401554,8.699479417940413,8.303851596956015,0.14466619648929044,8.762225747831517,8.230052444228223,8.359111061226775,121.06049214866948,118.02143926411864,122.42161644519511,1.7184990000002358,Intel i9-9980HK macOS x86-64,C++20 -O3 -DNDEBUG -march=x86-64 -fno-fast-math -ffp-contract=off -fno-lto,ns/op,8.260333606161304
clang-O3,core_sqrt,GLM,throughput,30,4.348380376316317,4.306309514618301,4.513571748795803,4.526658536352229,4.582830005002275,4.379726837999176,0.078471580831621,4.601889521683932,4.3383824667368,4.378611403408094,229.97068853119598,221.55403023631882,232.21740284767856,1.6829509999999177,Intel i9-9980HK macOS x86-64,C++20 -O3 -DNDEBUG -march=x86-64 -fno-fast-math -ffp-contract=off -fno-lto,Mops/s,229.97068853119598
clang-O3,core_sqrt,Raw,latency,30,8.241322989474133,8.153905503255496,9.47641817639671,9.667808548765896,9.814460207149082,8.457394417735456,0.5009811121931669,9.86128137454236,8.194955708647207,8.371281825237283,121.33974336764675,105.52808668896101,122.64063129506714,1.772118999999833,Intel i9-9980HK macOS x86-64,C++20 -O3 -DNDEBUG -march=x86-64 -fno-fast-math -ffp-contract=off -fno-lto,ns/op,8.241322989474133
clang-O3,core_sqrt,Raw,throughput,30,5.098328641395119,5.060603667863097,5.125271166778162,5.137096751675179,5.153385560851406,5.09805440503892,0.026453458424154697,5.156377801854964,5.088764680538791,5.1089309395104365,196.14280312104336,195.11162837377088,197.60489982715376,1.7005109999999972,Intel i9-9980HK macOS x86-64,C++20 -O3 -DNDEBUG -march=x86-64 -fno-fast-math -ffp-contract=off -fno-lto,Mops/s,196.14280312104336
clang-O3,core_sqrt,Vectoris,latency,30,8.791835954270194,8.638621852251992,9.219629125552272,9.443351027608736,9.667968870297868,8.887758773272596,0.2845097157986282,9.746116918858116,8.70693886016694,8.944744718788705,113.74195860950717,108.4689005292984,115.75946520633823,1.4827639999998612,Intel i9-9980HK macOS x86-64,C++20 -O3 -DNDEBUG -march=x86-64 -fno-fast-math -ffp-contract=off -fno-lto,ns/op,8.791835954270194
clang-O3,core_sqrt,Vectoris,throughput,30,1.4621232382356892,1.4374003895847063,1.6846727220294846,1.6876550779047703,1.696012396518489,1.5019430507883222,0.08562255418549845,1.6988884320045257,1.4559716236885263,1.485060135893713,683.9368779517458,593.5871464951174,695.7004508981247,1.4815089999999884,Intel i9-9980HK macOS x86-64,C++20 -O3 -DNDEBUG -march=x86-64 -fno-fast-math -ffp-contract=off -fno-lto,Mops/s,683.9368779517458
clang-O3,matrix_add,Eigen,latency,30,7.30932491949035,6.346658259188299,7.456916465040334,7.4775569719961315,7.517748116696592,7.006448892720211,0.46709509262606336,7.5338456540279,6.623839490728329,7.388540056574502,136.81867226682505,134.10379174206167,157.56328215502728,1.7138430000000042,Intel i9-9980HK macOS x86-64,C++20 -O3 -DNDEBUG -march=x86-64 -fno-fast-math -ffp-contract=off -fno-lto,ns/op,7.30932491949035
clang-O3,matrix_add,Eigen,throughput,30,2.195807795239854,2.091655918659464,2.2186429670506187,2.223043177788034,2.230742975930547,2.1650839442931678,0.07192469052341444,2.2332706122394477,2.1636763395619107,2.2040452816430607,455.4140189953664,450.72603470320297,478.1168131566645,1.6059160000000043,Intel i9-9980HK macOS x86-64,C++20 -O3 -DNDEBUG -march=x86-64 -fno-fast-math -ffp-contract=off -fno-lto,Mops/s,455.4140189953664
clang-O3,matrix_add,GLM,latency,30,6.035856105831909,5.891865118410624,7.024575399171322,7.082493518454551,7.145505076070684,6.294226216267054,0.4671441836191866,7.16969718875388,5.971621499415775,6.507758528030196,165.6766896857166,142.35826311087132,169.7255439350319,1.4920199999998829,Intel i9-9980HK macOS x86-64,C++20 -O3 -DNDEBUG -march=x86-64 -fno-fast-math -ffp-contract=off -fno-lto,ns/op,6.035856105831909
clang-O3,matrix_add,GLM,throughput,30,3.0809108044521887,2.6690940321813272,3.138289396679012,3.155198953789337,3.215761206834409,2.942716818331236,0.21757480875562513,3.2361970487307916,2.712245009399196,3.1203640743775005,324.5811195166157,318.6449869721332,374.6604195456092,1.8263960000000168,Intel i9-9980HK macOS x86-64,C++20 -O3 -DNDEBUG -march=x86-64 -fno-fast-math -ffp-contract=off -fno-lto,Mops/s,324.5811195166157
clang-O3,matrix_add,Raw,latency,30,5.781777069168413,5.6430600343855515,6.646166891518446,6.720258932699953,6.7288134843218845,6.0085641493550925,0.41054806043819614,6.729297008449636,5.710599064679966,6.259094231160848,172.957902600492,150.46425699488026,177.20882089112203,1.4996569999995586,Intel i9-9980HK macOS x86-64,C++20 -O3 -DNDEBUG -march=x86-64 -fno-fast-math -ffp-contract=off -fno-lto,ns/op,5.781777069168413
clang-O3,matrix_add,Raw,throughput,30,2.123805647409309,1.833518175258335,2.164973665077476,2.168082159898265,2.1729735394603718,2.0305554823176,0.13903648759697737,2.17433761673965,1.9119108449880975,2.1397193383816075,470.8529692866594,461.89939902325415,545.4001139203413,1.8362139999999558,Intel i9-9980HK macOS x86-64,C++20 -O3 -DNDEBUG -march=x86-64 -fno-fast-math -ffp-contract=off -fno-lto,Mops/s,470.8529692866594
clang-O3,matrix_add,Vectoris,latency,30,6.359114629377958,5.634487209872238,6.59969262678475,6.608271325298456,6.6275820027553385,6.164401128420016,0.4323590120177069,6.63401764629891,5.76466292904448,6.528914067800505,157.2988140898452,151.52221508842035,177.47852101879386,1.5681259999999855,Intel i9-9980HK macOS x86-64,C++20 -O3 -DNDEBUG -march=x86-64 -fno-fast-math -ffp-contract=off -fno-lto,ns/op,6.359114629377958
clang-O3,matrix_add,Vectoris,throughput,30,1.8717378490148546,1.8370034245792988,1.9201633559781721,1.9496062160836867,2.0369375394035014,1.8822396446358822,0.046619099613483095,2.0661824921470866,1.857969412781597,1.8863700569186772,534.2628547407035,520.7906540070485,544.3648221276379,1.6237599999999193,Intel i9-9980HK macOS x86-64,C++20 -O3 -DNDEBUG -march=x86-64 -fno-fast-math -ffp-contract=off -fno-lto,Mops/s,534.2628547407035
clang-O3,matrix_determinant,Eigen,latency,30,12.5233458206165,11.296255503128338,13.38989124128301,13.412707266860835,13.435532356950498,12.39135513713349,0.9475212554793064,13.4385163149355,11.471407881097477,13.333131058091404,79.87679276518944,74.6832062451345,88.52491778549545,1.5924529999999208,Intel i9-9980HK macOS x86-64,C++20 -O3 -DNDEBUG -march=x86-64 -fno-fast-math -ffp-contract=off -fno-lto,ns/op,12.5233458206165
clang-O3,matrix_determinant,Eigen,throughput,30,2.5039169073352165,2.444938213574335,2.54281400719687,2.5582343833710257,2.668883971459891,2.4974228876580065,0.06611069624818089,2.712500974644001,2.48891616802755,2.5177818905593834,399.3742761435741,393.26586876071065,409.03494217236425,1.6673250000000124,Intel i9-9980HK macOS x86-64,C++20 -O3 -DNDEBUG -march=x86-64 -fno-fast-math -ffp-contract=off -fno-lto,Mops/s,399.3742761435741
clang-O3,matrix_determinant,GLM,latency,30,11.014460043332022,10.710154825595266,12.198663698320939,12.52389370959217,12.60355395800142,11.244394357843978,0.5891098382763587,12.613973612638805,10.930815781379339,11.28492546960732,90.7899211605071,81.98022379806694,93.36943594853665,1.6299829999999675,Intel i9-9980HK macOS x86-64,C++20 -O3 -DNDEBUG -march=x86-64 -fno-fast-math -ffp-contract=off -fno-lto,ns/op,11.014460043332022
clang-O3,matrix_determinant,GLM,throughput,30,2.131277049815549,2.097278312401496,2.1957139470156037,2.2104138709479493,2.2281218696711105,2.1376160181677877,0.040812290831453504,2.230792604654606,2.113687536478163,2.1489286865507617,469.20311089448467,455.43274281576015,476.8086723421421,1.6274499999998968,Intel i9-9980HK macOS x86-64,C++20 -O3 -DNDEBUG -march=x86-64 -fno-fast-math -ffp-contract=off -fno-lto,Mops/s,469.20311089448467
clang-O3,matrix_determinant,Raw,latency,30,11.541258145994398,10.11792865863316,11.951508009553182,11.995163763714357,12.251848981220803,11.227137689220141,0.7770909271121494,12.348828777197994,10.746323505226933,11.872503559521219,86.65953798898357,83.67147591773363,98.83507503188555,1.3829439999999524,Intel i9-9980HK macOS x86-64,C++20 -O3 -DNDEBUG -march=x86-64 -fno-fast-math -ffp-contract=off -fno-lto,ns/op,11.541258145994398
clang-O3,matrix_determinant,Raw,throughput,30,2.4143833684455833,2.112951315838017,2.491449714526113,2.494725533516173,2.5000088877706945,2.317143192769878,0.17313916316705474,2.5010988308139286,2.1415934923762077,2.4721067024160766,414.20160476412485,401.3727406512679,473.27169949848917,1.8794440000000068,Intel i9-9980HK macOS x86-64,C++20 -O3 -DNDEBUG -march=x86-64 -fno-fast-math -ffp-contract=off -fno-lto,Mops/s,414.20160476412485
clang-O3,matrix_determinant,Vectoris,latency,30,10.792767933031254,10.020580573791817,11.952667731109422,11.966406017427554,12.033791130048098,10.903231349730516,0.8101615508039947,12.05889908179918,10.130813527642413,11.56142000494112,92.67790781645158,83.66333403070864,99.79466749235324,1.826897000000031,Intel i9-9980HK macOS x86-64,C++20 -O3 -DNDEBUG -march=x86-64 -fno-fast-math -ffp-contract=off -fno-lto,ns/op,10.792767933031254
clang-O3,matrix_determinant,Vectoris,throughput,30,2.2052384778351595,2.16750426038532,2.2407154822171047,2.2492385729987165,2.2603241243979735,2.2040191822715043,0.03306025976017626,2.2640563363156456,2.196778077284058,2.221061164789895,453.4657957264759,446.2863941366576,461.3601216434621,1.8001989999999497,Intel i9-9980HK macOS x86-64,C++20 -O3 -DNDEBUG -march=x86-64 -fno-fast-math -ffp-contract=off -fno-lto,Mops/s,453.4657957264759
clang-O3,matrix_inverse_checked,Eigen,latency,30,46.63806547886724,46.038579421378735,47.51292130562824,47.86640711828356,48.106087547799795,46.70803863841557,0.5935557144055857,48.13212535684193,46.45621105555509,46.739390432067665,21.441713102326595,21.046926049397523,21.72095054734805,1.6893889999998353,Intel i9-9980HK macOS x86-64,C++20 -O3 -DNDEBUG -march=x86-64 -fno-fast-math -ffp-contract=off -fno-lto,ns/op,46.63806547886724
clang-O3,matrix_inverse_checked,Eigen,throughput,30,64.88562954324621,63.31141875984289,66.44856105626923,67.53254696387926,68.23623794685197,64.98197873445444,1.4180026034266817,68.36686724800023,64.36247118087985,65.53512217077208,15.411806576875707,15.049376817206165,15.794939813863582,1.699526999999982,Intel i9-9980HK macOS x86-64,C++20 -O3 -DNDEBUG -march=x86-64 -fno-fast-math -ffp-contract=off -fno-lto,Mops/s,15.411806576875707
clang-O3,matrix_inverse_checked,GLM,latency,30,49.22784021669344,45.25631541997829,52.367895977160934,52.44633848215796,52.513016348162786,49.02478772303416,2.973635791089268,52.525090906395725,46.49344841887532,51.63687320527765,20.31399470696002,19.095669697009928,22.096458774317025,1.5652740000000733,Intel i9-9980HK macOS x86-64,C++20 -O3 -DNDEBUG -march=x86-64 -fno-fast-math -ffp-contract=off -fno-lto,ns/op,49.22784021669344
clang-O3,matrix_inverse_checked,GLM,throughput,30,45.48952179760587,43.670782397816346,46.899157157828746,47.34540453430816,48.58607345513727,45.219129756595976,1.6612569643248096,48.961421809501125,44.96008734598323,45.68567746534407,21.983084550561138,21.322347832855893,22.899332900656244,1.6883399999999256,Intel i9-9980HK macOS x86-64,C++20 -O3 -DNDEBUG -march=x86-64 -fno-fast-math -ffp-contract=off -fno-lto,Mops/s,21.983084550561138
clang-O3,matrix_inverse_checked,Raw,latency,30,42.31726151192561,40.96256415359676,48.39435217436403,48.592307430226356,48.84310155874118,43.85470724276578,2.9956608939160483,48.90256200451404,41.71209852211177,44.28123845718801,23.631021939565564,20.66357297871551,24.412535038930628,1.3114179999998896,Intel i9-9980HK macOS x86-64,C++20 -O3 -DNDEBUG -march=x86-64 -fno-fast-math -ffp-contract=off -fno-lto,ns/op,42.31726151192561
clang-O3,matrix_inverse_checked,Raw,throughput,30,40.502005058383304,38.14525106592602,44.705226288406685,44.84803104292493,44.969401962206135,41.17129924314713,2.5144270148308285,44.98786575604681,39.637528350323734,42.47404640012802,24.690262906282413,22.368752387203163,26.215597815170636,1.754824999999812,Intel i9-9980HK macOS x86-64,C++20 -O3 -DNDEBUG -march=x86-64 -fno-fast-math -ffp-contract=off -fno-lto,Mops/s,24.690262906282413
clang-O3,matrix_inverse_checked,Vectoris,latency,30,62.62098101875088,60.043183860559324,64.72173576724539,64.77181278523236,65.00696051833509,62.528251908238495,1.566618066680392,65.10128398224198,62.11681074613544,63.2203835167141,15.969089467770065,15.450760731914762,16.65468009243148,1.5627019999997742,Intel i9-9980HK macOS x86-64,C++20 -O3 -DNDEBUG -march=x86-64 -fno-fast-math -ffp-contract=off -fno-lto,ns/op,62.62098101875088
clang-O3,matrix_inverse_checked,Vectoris,throughput,30,75.5679493782652,69.26286402158591,76.53403303210963,76.84381069268274,77.63261584188963,74.12706870064795,3.0323660697291612,77.87141114338613,73.88292029724558,75.76019016648661,13.23312368367784,13.066083533914819,14.438136692797999,1.6271979999998225,Intel i9-9980HK macOS x86-64,C++20 -O3 -DNDEBUG -march=x86-64 -fno-fast-math -ffp-contract=off -fno-lto,Mops/s,13.23312368367784
clang-O3,matrix_inverse_minimal,Eigen,latency,30,16.037661509116226,15.542893338775908,17.878384149929882,18.232646272113854,18.36312165945211,16.39710227152793,0.9144829615839911,18.401678160753708,15.85140580850588,16.5552508509395,62.35323308066239,55.93530861928315,64.33819604915286,1.4967840000000479,Intel i9-9980HK macOS x86-64,C++20 -O3 -DNDEBUG -march=x86-64 -fno-fast-math -ffp-contract=off -fno-lto,ns/op,16.037661509116226
clang-O3,matrix_inverse_minimal,Eigen,throughput,30,5.187253902542222,5.092823070074452,5.697393293512441,5.736612756460116,5.898648079352951,5.302512899134094,0.24898831149905995,5.964156093647407,5.152451347728795,5.296477251190181,192.781356837996,175.51969078160602,196.35485997896097,1.5265949999999295,Intel i9-9980HK macOS x86-64,C++20 -O3 -DNDEBUG -march=x86-64 -fno-fast-math -ffp-contract=off -fno-lto,Mops/s,192.781356837996
clang-O3,matrix_inverse_minimal,GLM,latency,30,18.330974519814422,17.95336876879304,18.514576856284794,18.58011049396518,18.820474697785905,18.28961427798287,0.26874024261034885,18.91837965934635,18.25888389779773,18.41452617690547,54.552486072637144,54.0115694385423,55.70015628979335,1.7374430000000274,Intel i9-9980HK macOS x86-64,C++20 -O3 -DNDEBUG -march=x86-64 -fno-fast-math -ffp-contract=off -fno-lto,ns/op,18.330974519814422
clang-O3,matrix_inverse_minimal,GLM,throughput,30,7.135514985376096,6.256101923463534,7.347161818266052,7.371161448317089,7.423412574522577,6.868161273499156,0.48274143135982617,7.443950513764589,6.446848944834768,7.2828100525734705,140.1588645043972,136.10710938541666,159.84394678810617,1.9556599999999664,Intel i9-9980HK macOS x86-64,C++20 -O3 -DNDEBUG -march=x86-64 -fno-fast-math -ffp-contract=off -fno-lto,Mops/s,140.1588645043972
clang-O3,matrix_inverse_minimal,Raw,latency,30,16.776220788117676,16.49601197863231,16.993381490174105,17.026202651190776,17.06550640806851,16.75731480279843,0.2011229354500859,17.07381454595885,16.70755943927596,16.864545825355158,59.608181352603104,58.84644185420063,60.62072415118983,1.6822869999997465,Intel i9-9980HK macOS x86-64,C++20 -O3 -DNDEBUG -march=x86-64 -fno-fast-math -ffp-contract=off -fno-lto,ns/op,16.776220788117676
clang-O3,matrix_inverse_minimal,Raw,throughput,30,6.791581418919335,5.929770695882196,6.84878871630761,6.87070877579092,6.892442651420152,6.61488541958097,0.3555999658363351,6.899452452614365,6.750247271550861,6.818372582071673,147.2411184655603,146.0113126478201,168.64171608673283,1.6351289999999497,Intel i9-9980HK macOS x86-64,C++20 -O3 -DNDEBUG -march=x86-64 -fno-fast-math -ffp-contract=off -fno-lto,Mops/s,147.2411184655603
clang-O3,matrix_matrix,Eigen,latency,30,9.479586125945072,9.369675044762413,9.867860286942204,9.975056196477937,10.197669219291944,9.548100946794806,0.22487339356177052,10.288107181026922,9.431575382528504,9.538668648782789,105.48985323039275,101.34037243605347,106.7273206205531,1.733877000000021,Intel i9-9980HK macOS x86-64,C++20 -O3 -DNDEBUG -march=x86-64 -fno-fast-math -ffp-contract=off -fno-lto,ns/op,9.479586125945072
clang-O3,matrix_matrix,Eigen,throughput,30,4.8837405957761195,4.749647279396422,5.651697142481171,5.675724565616073,5.683003851648,5.060854697101897,0.3509654380881964,5.685234590779103,4.847379194416669,5.086330786757781,204.76120616887158,176.9382936039734,210.5419792944881,1.7689520000001266,Intel i9-9980HK macOS x86-64,C++20 -O3 -DNDEBUG -march=x86-64 -fno-fast-math -ffp-contract=off -fno-lto,Mops/s,204.76120616887158
clang-O3,matrix_matrix,GLM,latency,30,12.655251407240467,11.66704054695489,15.204134285744157,16.569775707884208,33.818993108561806,14.091719613446513,5.186637696590756,40.53829686970997,12.508804078095205,13.506124466041712,79.0186415426675,65.77627840248572,85.7147620525704,1.91280699999993,Intel i9-9980HK macOS x86-64,C++20 -O3 -DNDEBUG -march=x86-64 -fno-fast-math -ffp-contract=off -fno-lto,ns/op,12.655251407240467
clang-O3,matrix_matrix,GLM,throughput,30,5.444803557958481,5.349241272094375,6.275116271466452,6.309707527166235,6.335540156761563,5.653835041581455,0.38612349981319943,6.3393427515041765,5.402971216892901,5.573488383553631,183.66186612536262,159.3596899869228,186.94245885327402,1.7935590000000163,Intel i9-9980HK macOS x86-64,C++20 -O3 -DNDEBUG -march=x86-64 -fno-fast-math -ffp-contract=off -fno-lto,Mops/s,183.66186612536262
clang-O3,matrix_matrix,Raw,latency,30,8.413085571866056,8.278075173067084,8.881529054261625,9.033238944284328,9.139121152607931,8.486101192693651,0.23515272352126923,9.154431036624873,8.376848164922494,8.475009899273028,118.86257404078185,112.59395585865757,120.80110128645082,1.4953199999999356,Intel i9-9980HK macOS x86-64,C++20 -O3 -DNDEBUG -march=x86-64 -fno-fast-math -ffp-contract=off -fno-lto,ns/op,8.413085571866056
clang-O3,matrix_matrix,Raw,throughput,30,5.245909093063509,4.650102011004882,5.3664185579468295,5.375145460468721,5.377688325862172,5.104255647734781,0.28708960811367945,5.378243965909052,5.033862719212314,5.319407854641113,190.62693103274833,186.34405675342455,215.04946556587004,1.6057899999999563,Intel i9-9980HK macOS x86-64,C++20 -O3 -DNDEBUG -march=x86-64 -fno-fast-math -ffp-contract=off -fno-lto,Mops/s,190.62693103274833
clang-O3,matrix_matrix,Vectoris,latency,30,10.887950290083971,9.434135781337295,11.213955741399179,11.251878086537792,11.286338464271331,10.390518097334377,0.8287336437508517,11.292542456254157,9.586990812126771,11.154299943384572,91.85101156356993,89.17461467390139,105.99805768699188,1.8439859999999868,Intel i9-9980HK macOS x86-64,C++20 -O3 -DNDEBUG -march=x86-64 -fno-fast-math -ffp-contract=off -fno-lto,ns/op,10.887950290083971
clang-O3,matrix_matrix,Vectoris,throughput,30,5.382757759359815,5.215771028571791,5.583528638668877,5.766584845745061,5.985416960105232,5.403836276629149,0.19662625387932114,6.067455943383478,5.3096011263363865,5.4355676657347285,185.77839082165133,179.11436277402186,191.72659670067108,1.668094000000001,Intel i9-9980HK macOS x86-64,C++20 -O3 -DNDEBUG -march=x86-64 -fno-fast-math -ffp-contract=off -fno-lto,Mops/s,185.77839082165133
clang-O3,matrix_transpose,Eigen,latency,30,4.471077974352754,4.3159026619419905,5.073157304255326,5.095528567377303,5.108428007289435,4.616750816404716,0.3171363403059611,5.113295748275081,4.378624974136038,4.769261531110585,223.69853234656367,197.11628635330823,231.70232011131023,1.8560630000002336,Intel i9-9980HK macOS x86-64,C++20 -O3 -DNDEBUG -march=x86-64 -fno-fast-math -ffp-contract=off -fno-lto,ns/op,4.471077974352754
clang-O3,matrix_transpose,Eigen,throughput,30,1.4486364290520937,1.3910435669837502,1.6295493270407664,1.6346533301731259,1.6394735008509578,1.4914516016763708,0.10296021473113563,1.6401291248039889,1.4002090237393174,1.586700247797515,690.3692794333838,613.666638433338,718.8853865491445,1.8253050000001851,Intel i9-9980HK macOS x86-64,C++20 -O3 -DNDEBUG -march=x86-64 -fno-fast-math -ffp-contract=off -fno-lto,Mops/s,690.3692794333838
clang-O3,matrix_transpose,GLM,latency,30,3.908820846245358,3.8275780839555877,3.9979386664105374,4.028640141633028,4.048500706088022,3.9162246272208776,0.06593064372564557,4.053771144566864,3.885100380549324,3.950446921260303,255.8316278560038,250.1297523946754,261.26216962929345,1.6872260000000099,Intel i9-9980HK macOS x86-64,C++20 -O3 -DNDEBUG -march=x86-64 -fno-fast-math -ffp-contract=off -fno-lto,ns/op,3.908820846245358
clang-O3,matrix_transpose,GLM,throughput,30,1.5779429343213462,1.4245358101735794,1.602780238428185,1.6582532901224063,1.7843936491799641,1.5469073784932068,0.09359401197567065,1.8176668539185876,1.5172831813156251,1.5850685736180852,633.7366552361286,623.9158734659725,701.9838592112466,1.7955300000001557,Intel i9-9980HK macOS x86-64,C++20 -O3 -DNDEBUG -march=x86-64 -fno-fast-math -ffp-contract=off -fno-lto,Mops/s,633.7366552361286
clang-O3,matrix_transpose,Raw,latency,30,4.229673050576821,4.160015779780224,4.933869341621175,4.936202771496028,4.9430643517989665,4.37854750896804,0.29204645500879217,4.945168795529753,4.211340652545914,4.304780252277851,236.42490480763803,202.68068143525863,240.38398011274205,1.309738000000209,Intel i9-9980HK macOS x86-64,C++20 -O3 -DNDEBUG -march=x86-64 -fno-fast-math -ffp-contract=off -fno-lto,ns/op,4.229673050576821
clang-O3,matrix_transpose,Raw,throughput,30,2.5453342376760064,2.2027769961953383,2.612445559413973,2.6206344299677466,2.624163954803213,2.446722646575593,0.17616415449988077,2.6242747000371724,2.3075084905926126,2.5907814295136835,392.91363738925776,382.78320635039825,453.97265906491185,1.8548190000000204,Intel i9-9980HK macOS x86-64,C++20 -O3 -DNDEBUG -march=x86-64 -fno-fast-math -ffp-contract=off -fno-lto,Mops/s,392.91363738925776
clang-O3,matrix_transpose,Vectoris,latency,30,4.365695475930012,4.228747531912464,4.515987566525771,4.597604076460885,4.700586275525486,4.379374580127722,0.12828348366875994,4.7159383709533955,4.317303188423795,4.4157180586785465,229.05859002103125,221.4355112337814,236.47665450255454,1.7396489999999574,Intel i9-9980HK macOS x86-64,C++20 -O3 -DNDEBUG -march=x86-64 -fno-fast-math -ffp-contract=off -fno-lto,ns/op,4.365695475930012
clang-O3,matrix_transpose,Vectoris,throughput,30,2.2217229999478842,2.1864231468020487,2.278946059346343,2.2866720201132367,2.31035538594272,2.2261317405244694,0.03900884242687006,2.3183696819253634,2.1972622316231742,2.241587308817907,450.1011212727844,438.7993997590869,457.3680256185185,1.7411300000002827,Intel i9-9980HK macOS x86-64,C++20 -O3 -DNDEBUG -march=x86-64 -fno-fast-math -ffp-contract=off -fno-lto,Mops/s,450.1011212727844
clang-O3,matrix_vector,Eigen,latency,30,8.69106463308988,8.236191656025795,9.658849245269693,9.705271678548046,9.744318700238363,8.892820546352471,0.6335858368542121,9.750715706190995,8.327080538680429,9.509608485221559,115.10548876345476,103.53204124507725,121.41552451547703,1.8740490000000563,Intel i9-9980HK macOS x86-64,C++20 -O3 -DNDEBUG -march=x86-64 -fno-fast-math -ffp-contract=off -fno-lto,ns/op,8.69106463308988
clang-O3,matrix_vector,Eigen,throughput,30,1.9076399697092183,1.8625839957376649,2.2085891626789422,2.2121948351968608,2.221957678791799,2.0075617075758796,0.14692008994242817,2.2249689957272643,1.8877167877677197,2.1082318048980486,524.2085100118863,452.7777404499005,536.8887564727645,1.7512210000001007,Intel i9-9980HK macOS x86-64,C++20 -O3 -DNDEBUG -march=x86-64 -fno-fast-math -ffp-contract=off -fno-lto,Mops/s,524.2085100118863
clang-O3,matrix_vector,GLM,latency,30,8.642301938185105,8.493860270491657,10.11982572690407,10.18944349388754,10.19237799911124,9.044245295326428,0.7198839998855971,10.192412578580353,8.559182648509488,8.760515966072937,115.70993565781588,98.81639713589298,117.73210184144891,1.8164520000001403,Intel i9-9980HK macOS x86-64,C++20 -O3 -DNDEBUG -march=x86-64 -fno-fast-math -ffp-contract=off -fno-lto,ns/op,8.642301938185105
clang-O3,matrix_vector,GLM,throughput,30,2.264180904143644,2.1984106600297677,2.5806782364477034,2.5939063958916835,2.6090116600707636,2.3478826410966795,0.1618487638363448,2.6118133128093355,2.232158202175086,2.4435130146648705,441.66181691347094,387.49509768579344,454.88066146360325,1.7317280000000894,Intel i9-9980HK macOS x86-64,C++20 -O3 -DNDEBUG -march=x86-64 -fno-fast-math -ffp-contract=off -fno-lto,Mops/s,441.66181691347094
clang-O3,matrix_vector,Raw,latency,30,9.338179737256912,8.046968126010306,9.545519543649325,9.557142928593432,9.571967611195886,8.916158300599163,0.6495156048092513,9.57638332703738,8.33746757285887,9.446616443580083,107.09246264521039,104.7611971691905,124.27127033671705,1.7949379999998598,Intel i9-9980HK macOS x86-64,C++20 -O3 -DNDEBUG -march=x86-64 -fno-fast-math -ffp-contract=off -fno-lto,ns/op,9.338179737256912
clang-O3,matrix_vector,Raw,throughput,30,2.1985169339398105,2.163695252613288,2.2590066562023376,2.2760350431264937,2.301836503927434,2.2064765310252685,0.03907514998799657,2.3085744227415197,2.186267395871564,2.220114939173801,454.8520992516624,442.67275268599826,462.1727964478268,1.6665920000000227,Intel i9-9980HK macOS x86-64,C++20 -O3 -DNDEBUG -march=x86-64 -fno-fast-math -ffp-contract=off -fno-lto,Mops/s,454.8520992516624
clang-O3,matrix_vector,Vectoris,latency,30,10.742842401537779,10.509502666336333,10.936819795378392,10.949942199424465,11.006380410877368,10.724910499901723,0.21130383196620187,11.02797320743154,10.708927979661425,10.823321817774179,93.08526091933047,91.43426424361593,95.15199303468164,1.596836999999999,Intel i9-9980HK macOS x86-64,C++20 -O3 -DNDEBUG -march=x86-64 -fno-fast-math -ffp-contract=off -fno-lto,ns/op,10.742842401537779
clang-O3,matrix_vector,Vectoris,throughput,30,2.686239564590003,2.3444908595598166,2.744582480180942,2.7562754173015107,2.780292284863727,2.5860311170820025,0.17643586570045863,2.789072654153647,2.468403961459175,2.7324906722227587,372.2988300439007,364.3545414919342,426.53187270900867,1.7831930000000256,Intel i9-9980HK macOS x86-64,C++20 -O3 -DNDEBUG -march=x86-64 -fno-fast-math -ffp-contract=off -fno-lto,Mops/s,372.2988300439007
clang-O3,quaternion_conjugate,Eigen,latency,30,4.729564930661491,4.610247739621214,4.981071517530101,5.222308288929682,5.460194232091076,4.814706513639203,0.2160490710790133,5.527627782806815,4.697022444630532,4.8973787668776705,211.43594095109657,200.7803131660989,216.90811303318557,1.647535000000005,Intel i9-9980HK macOS x86-64,C++20 -O3 -DNDEBUG -march=x86-64 -fno-fast-math -ffp-contract=off -fno-lto,ns/op,4.729564930661491
clang-O3,quaternion_conjugate,Eigen,throughput,30,0.8185350886171954,0.7599689688717494,0.8890307623994732,0.90718438767065,2.6154495255649994,0.9042793866034021,0.4576896827538655,3.311465706192728,0.7836582252221145,0.8673010675100334,1221.8285125366056,1124.846807296789,1315.845508866432,1.9626789999999732,Intel i9-9980HK macOS x86-64,C++20 -O3 -DNDEBUG -march=x86-64 -fno-fast-math -ffp-contract=off -fno-lto,Mops/s,1221.8285125366056
clang-O3,quaternion_conjugate,GLM,latency,30,3.94767781284561,3.8289537301092165,4.5296883862028,4.534929610847796,4.567408514522044,4.083295934048252,0.2844746298840823,4.579817763261772,3.8877076506750683,4.108535355093536,253.32300958983853,220.76574667831042,261.1679633809448,1.5301240000000007,Intel i9-9980HK macOS x86-64,C++20 -O3 -DNDEBUG -march=x86-64 -fno-fast-math -ffp-contract=off -fno-lto,ns/op,3.94767781284561
clang-O3,quaternion_conjugate,GLM,throughput,30,0.7396352374656261,0.728181581530382,0.7604236004905667,0.7611968253282956,0.7679782340222653,0.7420698806815272,0.01228161974592565,0.770689123944312,0.7356775501727874,0.7458517808031939,1352.0178414476668,1315.0565917876413,1373.2838569566659,1.7151659999999538,Intel i9-9980HK macOS x86-64,C++20 -O3 -DNDEBUG -march=x86-64 -fno-fast-math -ffp-contract=off -fno-lto,Mops/s,1352.0178414476668
clang-O3,quaternion_conjugate,Raw,latency,30,3.895272515884982,3.84208270096421,3.956004149411582,4.03219621587595,4.128842097141643,3.9067552722934438,0.06945137109652606,4.152301458998277,3.8751389870369852,3.917812483685636,256.7214590006941,252.7817463262494,260.275514750419,1.678576000000021,Intel i9-9980HK macOS x86-64,C++20 -O3 -DNDEBUG -march=x86-64 -fno-fast-math -ffp-contract=off -fno-lto,ns/op,3.895272515884982
clang-O3,quaternion_conjugate,Raw,throughput,30,0.8626654904092887,0.8328263716962347,0.8733013374865466,0.876657273897737,0.889686100502101,0.856579458996233,0.02251046449711938,0.8949871985366856,0.8575895246969523,0.866655616976143,1159.1980535696614,1145.0819242555601,1200.856166435719,1.676401999999999,Intel i9-9980HK macOS x86-64,C++20 -O3 -DNDEBUG -march=x86-64 -fno-fast-math -ffp-contract=off -fno-lto,Mops/s,1159.1980535696614
clang-O3,quaternion_conjugate,Vectoris,latency,30,3.945470776536723,3.8022472784881844,4.445529627656642,4.529070045418467,4.552812135715454,4.0467649609561605,0.24887954340641866,4.555065602387051,3.88773070967163,4.069490035742957,253.4561050714501,224.9497656482146,263.00271020477,1.4874529999998458,Intel i9-9980HK macOS x86-64,C++20 -O3 -DNDEBUG -march=x86-64 -fno-fast-math -ffp-contract=off -fno-lto,ns/op,3.945470776536723
clang-O3,quaternion_conjugate,Vectoris,throughput,30,0.8682762968494889,0.8639719950836022,0.8833814188457033,0.890621775385887,0.9375725197166204,0.8734006740675551,0.01757424997639931,0.9563934717869593,0.8666497184191988,0.8735593676059326,1151.7071352280193,1132.0199564064917,1157.4450249480092,1.7004239999999982,Intel i9-9980HK macOS x86-64,C++20 -O3 -DNDEBUG -march=x86-64 -fno-fast-math -ffp-contract=off -fno-lto,Mops/s,1151.7071352280193
clang-O3,quaternion_multiply,Eigen,latency,30,9.736572942486386,9.599932263848569,11.086531370055427,11.356188293572867,11.3730877978275,9.942705081999833,0.552079395909036,11.375750323943286,9.66390108122761,9.815151274621936,102.70573477992508,90.20481326724632,104.16748818488549,1.7979550000000588,Intel i9-9980HK macOS x86-64,C++20 -O3 -DNDEBUG -march=x86-64 -fno-fast-math -ffp-contract=off -fno-lto,ns/op,9.736572942486386
clang-O3,quaternion_multiply,Eigen,throughput,30,3.2048263118315248,2.790291665850261,3.260129035578479,3.267652810267135,3.271131200030109,3.0687246483066044,0.20277028036908348,3.27135136180588,2.900308991628914,3.240590923411011,312.03630651170414,306.7363746882634,358.3857607930249,1.8968900000000843,Intel i9-9980HK macOS x86-64,C++20 -O3 -DNDEBUG -march=x86-64 -fno-fast-math -ffp-contract=off -fno-lto,Mops/s,312.03630651170414
clang-O3,quaternion_multiply,GLM,latency,30,11.878518521617156,11.602266619578362,12.625816742617038,13.005525570390626,14.27013707352315,11.966553053413417,0.6674793264076397,14.738998860537423,11.796184756009303,11.89820802045224,84.18559269024931,79.20584867082752,86.19037919498705,1.7269279999999956,Intel i9-9980HK macOS x86-64,C++20 -O3 -DNDEBUG -march=x86-64 -fno-fast-math -ffp-contract=off -fno-lto,ns/op,11.878518521617156
clang-O3,quaternion_multiply,GLM,throughput,30,3.679236619144057,3.6253501509889032,3.757150283398249,3.77077927264784,3.8302460386355053,3.6855305099088858,0.05490571239019847,3.8507643347247074,3.6658926463007764,3.692861215500969,271.79551201901336,266.15918124975866,275.8354259175773,1.6803439999999912,Intel i9-9980HK macOS x86-64,C++20 -O3 -DNDEBUG -march=x86-64 -fno-fast-math -ffp-contract=off -fno-lto,Mops/s,271.79551201901336
clang-O3,quaternion_multiply,Raw,latency,30,10.201246316028755,9.807165572731689,11.105782542658138,11.224792005838612,11.315317235851092,10.324823550759145,0.4811820282422795,11.344136004240708,10.006305251237894,10.389468879655583,98.0274893729171,90.04390263517966,101.96636066132804,1.5020010000000639,Intel i9-9980HK macOS x86-64,C++20 -O3 -DNDEBUG -march=x86-64 -fno-fast-math -ffp-contract=off -fno-lto,ns/op,10.201246316028755
clang-O3,quaternion_multiply,Raw,throughput,30,3.6478263591694473,3.5552851103925107,3.854940304842222,3.8813093969461843,3.891155644986652,3.6739624989374913,0.11313139686078971,3.8944210290058994,3.6136093935414673,3.7043479519016085,274.13609998465813,259.4085100470705,281.27145103646245,1.6229499999999746,Intel i9-9980HK macOS x86-64,C++20 -O3 -DNDEBUG -march=x86-64 -fno-fast-math -ffp-contract=off -fno-lto,Mops/s,274.13609998465813
clang-O3,quaternion_multiply,Vectoris,latency,30,10.384371928321038,10.216753543126307,10.612550023650323,10.792225725627166,11.082597426777504,10.418207523870414,0.21419522011029377,11.189156771327564,10.29601058798404,10.442040636341407,96.29868313378836,94.22995516199136,97.8784532409032,1.744694000000095,Intel i9-9980HK macOS x86-64,C++20 -O3 -DNDEBUG -march=x86-64 -fno-fast-math -ffp-contract=off -fno-lto,ns/op,10.384371928321038
clang-O3,quaternion_multiply,Vectoris,throughput,30,3.532799742825206,3.495792790794283,3.701522338866908,3.8789096304721737,4.008484673533223,3.5724988100527053,0.13302828653920754,4.053716809878194,3.515831571250895,3.544201492889626,283.06187197768213,270.2094654443846,286.05864729440356,1.7020830000000444,Intel i9-9980HK macOS x86-64,C++20 -O3 -DNDEBUG -march=x86-64 -fno-fast-math -ffp-contract=off -fno-lto,Mops/s,283.06187197768213
clang-O3,quaternion_normalize_checked,Eigen,latency,30,28.299217032189276,27.86241805150063,29.13747901254801,29.48526126776064,30.9810559166256,28.483852092328885,0.7653351157051604,31.572826059963727,28.085978231574188,28.716952554516915,35.336666920893215,34.320434413878665,35.89067226069263,1.717895000000027,Intel i9-9980HK macOS x86-64,C++20 -O3 -DNDEBUG -march=x86-64 -fno-fast-math -ffp-contract=off -fno-lto,ns/op,28.299217032189276
clang-O3,quaternion_normalize_checked,Eigen,throughput,30,10.104562322905096,9.769227524719684,10.189432955612054,10.229924945357382,10.296008963102395,10.039004688058982,0.22924557996328015,10.321817489151336,10.060233833833562,10.15813615075933,98.96519702296331,98.14103108783914,102.36865559225048,1.6502610000000149,Intel i9-9980HK macOS x86-64,C++20 -O3 -DNDEBUG -march=x86-64 -fno-fast-math -ffp-contract=off -fno-lto,Mops/s,98.96519702296331
clang-O3,quaternion_normalize_checked,GLM,latency,30,27.627777690894337,27.31674697216626,28.26453940402945,28.467283335952686,28.608050721290734,27.722155078539647,0.39331393196600345,28.640136725515653,27.542238221818995,27.835849214224595,36.19546116886514,35.380099770189766,36.60758027815271,1.6632169999999746,Intel i9-9980HK macOS x86-64,C++20 -O3 -DNDEBUG -march=x86-64 -fno-fast-math -ffp-contract=off -fno-lto,ns/op,27.627777690894337
clang-O3,quaternion_normalize_checked,GLM,throughput,30,9.657666224691027,8.320359479652087,9.776140723902627,9.785860119168536,9.84936268888157,9.155982017482733,0.6651269835741435,9.872414025741033,8.471631705716563,9.69797635999679,103.54470446775578,102.28985338940818,120.18741303440044,1.8727230000001782,Intel i9-9980HK macOS x86-64,C++20 -O3 -DNDEBUG -march=x86-64 -fno-fast-math -ffp-contract=off -fno-lto,Mops/s,103.54470446775578
clang-O3,quaternion_normalize_checked,Raw,latency,30,42.42719567356346,41.94862421926609,42.84013875578254,44.12147025629319,45.589024430830065,42.55321094662505,0.891459560186448,45.812093169328236,42.31116714508741,42.57063164355435,23.569790702864292,23.342628705774917,23.83870389729069,1.6866660000000095,Intel i9-9980HK macOS x86-64,C++20 -O3 -DNDEBUG -march=x86-64 -fno-fast-math -ffp-contract=off -fno-lto,ns/op,42.42719567356346
clang-O3,quaternion_normalize_checked,Raw,throughput,30,12.397397517838744,12.171179642739911,12.694422556422976,12.878762281639776,12.923784444465678,12.43844143463807,0.212294086148973,12.93319685797893,12.33556840878806,12.522820060359226,80.66215696213732,78.77608519182246,82.16131153271162,1.6178140000000667,Intel i9-9980HK macOS x86-64,C++20 -O3 -DNDEBUG -march=x86-64 -fno-fast-math -ffp-contract=off -fno-lto,Mops/s,80.66215696213732
clang-O3,quaternion_normalize_checked,Vectoris,latency,30,30.676075195619354,29.833709336989003,34.48040769458876,34.64566946751296,34.75837769901934,31.357214072311702,1.738635761979713,34.79169506745005,30.251960895716472,31.46331050114175,32.59869691286568,29.00202097771312,33.51919402738853,1.7542279999998414,Intel i9-9980HK macOS x86-64,C++20 -O3 -DNDEBUG -march=x86-64 -fno-fast-math -ffp-contract=off -fno-lto,ns/op,30.676075195619354
clang-O3,quaternion_normalize_checked,Vectoris,throughput,30,9.776708595496304,9.651004780991363,9.921156322102828,10.003749340519608,10.407709891340819,9.796796305118141,0.17553130014601956,10.54961206750892,9.71033223812546,9.812407457318509,102.28391184466165,100.79472316410526,103.61616310834562,1.6921630000000365,Intel i9-9980HK macOS x86-64,C++20 -O3 -DNDEBUG -march=x86-64 -fno-fast-math -ffp-contract=off -fno-lto,Mops/s,102.28391184466165
clang-O3,quaternion_normalize_minimal,Eigen,latency,30,19.663581493552073,18.299680382451566,21.754960456350837,25.0176978236376,26.226829677720996,20.19625481893104,2.1572350852930904,26.288126111224148,18.608596343112737,20.909038417609402,50.87812904359917,46.00525822636627,54.645998760941055,1.270769000000314,Intel i9-9980HK macOS x86-64,C++20 -O3 -DNDEBUG -march=x86-64 -fno-fast-math -ffp-contract=off -fno-lto,ns/op,19.663581493552073
clang-O3,quaternion_normalize_minimal,Eigen,throughput,30,4.277928895332793,4.151873846355588,4.3394871649253055,4.348721958672522,4.386297420800535,4.263020619376564,0.0755377611395409,4.400590260938439,4.245854509546723,4.298280714070792,233.75817831119457,230.4420268368412,240.85629196395047,1.6682320000000317,Intel i9-9980HK macOS x86-64,C++20 -O3 -DNDEBUG -march=x86-64 -fno-fast-math -ffp-contract=off -fno-lto,Mops/s,233.75817831119457
clang-O3,quaternion_normalize_minimal,GLM,latency,30,20.899063180260306,20.60949617296887,21.27958480341424,21.51928042806563,22.14458745308399,20.90633876483742,0.43070825843477406,22.37286743898842,20.750380337017692,20.950953732707482,47.84904322037198,46.99368595876646,48.5215251315419,1.6748180000000021,Intel i9-9980HK macOS x86-64,C++20 -O3 -DNDEBUG -march=x86-64 -fno-fast-math -ffp-contract=off -fno-lto,ns/op,20.899063180260306
clang-O3,quaternion_normalize_minimal,GLM,throughput,30,3.3910604939738267,3.1095912964144934,3.6935022305729968,3.7475417796105814,10.228021382117857,3.7130050387586055,1.7456772857039444,12.858448039618724,3.1962289984552714,3.6319318241209375,295.094037742062,270.74578760124945,321.5879998231188,1.8605339999998307,Intel i9-9980HK macOS x86-64,C++20 -O3 -DNDEBUG -march=x86-64 -fno-fast-math -ffp-contract=off -fno-lto,Mops/s,295.094037742062
clang-O3,quaternion_normalize_minimal,Raw,latency,30,17.411749913828704,17.155995091440758,18.269113366488945,20.084753389445822,20.252807233625628,17.726659127603877,0.8811621860423356,20.298110444524898,17.28991872542226,17.71194622193184,57.43258967352404,54.78843223313946,58.28882623893908,1.6635719999999665,Intel i9-9980HK macOS x86-64,C++20 -O3 -DNDEBUG -march=x86-64 -fno-fast-math -ffp-contract=off -fno-lto,ns/op,17.411749913828704
clang-O3,quaternion_normalize_minimal,Raw,throughput,30,3.566286488070256,3.41536559942217,3.9827757355563658,3.988572658925559,3.991915622018709,3.6600622855827822,0.22567681515235485,3.9929594929036307,3.4992796460684996,3.7924907685564513,280.4044608710374,251.08121319115946,292.7949362637989,1.8008090000002994,Intel i9-9980HK macOS x86-64,C++20 -O3 -DNDEBUG -march=x86-64 -fno-fast-math -ffp-contract=off -fno-lto,Mops/s,280.4044608710374
clang-O3,quaternion_rotate,Eigen,latency,30,11.901642343884518,11.401722519445656,13.469422809251839,13.641592029168411,14.842155108065338,12.34180537476201,1.0156733388646748,15.311961892421841,11.496963830007168,12.95785663903095,84.02785201055434,74.24278353233181,87.70606621979837,1.509239999999977,Intel i9-9980HK macOS x86-64,C++20 -O3 -DNDEBUG -march=x86-64 -fno-fast-math -ffp-contract=off -fno-lto,ns/op,11.901642343884518
clang-O3,quaternion_rotate,Eigen,throughput,30,3.9418035489172754,3.409366693423409,3.979889574255302,3.9859160212180886,3.988111401475542,3.7705949440415987,0.24206335836399548,3.9889670947828297,3.6629759969581555,3.9576421657527474,253.69108817849076,251.2633140981344,293.30979590676077,1.7881350000000398,Intel i9-9980HK macOS x86-64,C++20 -O3 -DNDEBUG -march=x86-64 -fno-fast-math -ffp-contract=off -fno-lto,Mops/s,253.69108817849076
clang-O3,quaternion_rotate,GLM,latency,30,12.978862736563109,12.601582032599403,14.970015569427698,15.023852701140274,15.138791022987913,13.526899714914707,0.9608755573614637,15.185153082661657,12.85395730823156,13.889384612349863,77.04835750136093,66.80028730861808,79.35511759081598,1.5162830000000156,Intel i9-9980HK macOS x86-64,C++20 -O3 -DNDEBUG -march=x86-64 -fno-fast-math -ffp-contract=off -fno-lto,ns/op,12.978862736563109
clang-O3,quaternion_rotate,GLM,throughput,30,3.346265719511438,3.2759193045231476,3.421292431711913,3.490851865724356,3.6067286137080306,3.3585247315183384,0.078128279832439,3.6313167318422312,3.3203928833096468,3.370651208105472,298.8407645099737,292.2872106212634,305.2578391618933,1.4659959999999899,Intel i9-9980HK macOS x86-64,C++20 -O3 -DNDEBUG -march=x86-64 -fno-fast-math -ffp-contract=off -fno-lto,Mops/s,298.8407645099737
clang-O3,quaternion_rotate,Raw,latency,30,12.433290567489493,12.028762891582993,14.393677821859411,14.417954072965514,14.422043134836322,13.003292945491914,1.009992705548819,14.42295401431656,12.305653455689466,14.036560854431112,80.42925177637265,69.47496475155363,83.13408515579053,1.789827000000173,Intel i9-9980HK macOS x86-64,C++20 -O3 -DNDEBUG -march=x86-64 -fno-fast-math -ffp-contract=off -fno-lto,ns/op,12.433290567489493
clang-O3,quaternion_rotate,Raw,throughput,30,3.4551722959998044,3.320325274598506,3.924677212441306,3.942200033791523,3.9586587857365387,3.5786097807045674,0.2594769080720135,3.964193498910672,3.34172623268231,3.7553874367789795,289.42914490937835,254.7983818528481,301.17536167676917,1.8102060000003917,Intel i9-9980HK macOS x86-64,C++20 -O3 -DNDEBUG -march=x86-64 -fno-fast-math -ffp-contract=off -fno-lto,Mops/s,289.42914490937835
clang-O3,quaternion_rotate,Vectoris,latency,30,39.672213415565544,38.784500021726956,46.02830438676465,46.2605311085187,46.30361040012781,40.76369602756726,2.6448928801233875,46.31538694226891,39.20638589330525,40.11790817634222,25.206559453656993,21.725814657289856,25.783519890784714,1.745366000000047,Intel i9-9980HK macOS x86-64,C++20 -O3 -DNDEBUG -march=x86-64 -fno-fast-math -ffp-contract=off -fno-lto,ns/op,39.672213415565544
clang-O3,quaternion_rotate,Vectoris,throughput,30,29.22196808379969,28.943344970676502,30.204715855084935,31.799845813761895,33.48114069263798,29.57106684042342,1.101840529497341,33.93577416509912,29.060570415078487,29.605090680958654,34.22089036082997,33.11059937540053,34.5502577224606,1.7173140000000444,Intel i9-9980HK macOS x86-64,C++20 -O3 -DNDEBUG -march=x86-64 -fno-fast-math -ffp-contract=off -fno-lto,Mops/s,34.22089036082997
clang-O3,quaternion_to_matrix_checked,Eigen,latency,30,12.546113055688675,12.47657428760759,12.66513910295017,12.702031482298972,12.945086832777953,12.565381327564342,0.11123677533714997,13.035445210323545,12.524124176072984,12.557626855236792,79.70596121908916,78.95689609031608,80.1502060540248,1.6839850000000638,Intel i9-9980HK macOS x86-64,C++20 -O3 -DNDEBUG -march=x86-64 -fno-fast-math -ffp-contract=off -fno-lto,ns/op,12.546113055688675
clang-O3,quaternion_to_matrix_checked,Eigen,throughput,30,8.884378004203741,7.603908805791758,9.002734090812185,9.037505093559467,9.095823478942387,8.493190117159859,0.5970238816795631,9.112713196165318,8.191516048164011,8.971209559600368,112.55824350380585,111.07739709897083,131.5113974397444,1.6969399999998132,Intel i9-9980HK macOS x86-64,C++20 -O3 -DNDEBUG -march=x86-64 -fno-fast-math -ffp-contract=off -fno-lto,Mops/s,112.55824350380585
clang-O3,quaternion_to_matrix_checked,GLM,latency,30,13.652285984907161,12.584343158366211,14.811681398769638,14.838985474864424,14.863952154052106,13.74014953570016,1.0162049503654798,14.865337580124235,12.764696582864163,14.726835875939877,73.2668716519504,67.51427967696623,79.46385005254331,1.8137339999998545,Intel i9-9980HK macOS x86-64,C++20 -O3 -DNDEBUG -march=x86-64 -fno-fast-math -ffp-contract=off -fno-lto,ns/op,13.652285984907161
clang-O3,quaternion_to_matrix_checked,GLM,throughput,30,8.84562109100855,7.870719726488704,9.22758993163638,9.25365162836856,9.293148863159317,8.686868117710116,0.5276247324462724,9.30849817261575,8.429477272387977,9.16455748651991,113.0513798096825,108.37073816466676,127.05319361574965,1.6090299999999615,Intel i9-9980HK macOS x86-64,C++20 -O3 -DNDEBUG -march=x86-64 -fno-fast-math -ffp-contract=off -fno-lto,Mops/s,113.0513798096825
clang-O3,quaternion_to_matrix_checked,Raw,latency,30,14.172807862960457,14.039141806146244,14.267817982723706,14.28688464018667,14.295609412584609,14.1210346132245,0.24178542414079188,14.29602577570634,14.12843742613171,14.191993579690548,70.55764914984906,70.08780543713969,71.22955955181463,1.6822049999999784,Intel i9-9980HK macOS x86-64,C++20 -O3 -DNDEBUG -march=x86-64 -fno-fast-math -ffp-contract=off -fno-lto,ns/op,14.172807862960457
clang-O3,quaternion_to_matrix_checked,Raw,throughput,30,7.709241341134836,7.592021219809647,7.880717684205977,8.089249885776743,8.479519282169147,7.756653792594112,0.20418655291339674,8.583361580518932,7.686474502165083,7.7771017080042,129.7144767744267,126.89240005101242,131.71726837417313,1.6600699999999622,Intel i9-9980HK macOS x86-64,C++20 -O3 -DNDEBUG -march=x86-64 -fno-fast-math -ffp-contract=off -fno-lto,Mops/s,129.7144767744267
clang-O3,quaternion_to_matrix_checked,Vectoris,latency,30,41.56605075777015,40.73371486402187,43.039745684525606,43.17268830158488,43.35376890417837,41.705453689658285,0.8572226630732206,43.421928170925135,41.201399295664544,41.95411572989557,24.05814289413196,23.234356602958027,24.54969090821998,1.5797189999999972,Intel i9-9980HK macOS x86-64,C++20 -O3 -DNDEBUG -march=x86-64 -fno-fast-math -ffp-contract=off -fno-lto,ns/op,41.56605075777015
clang-O3,quaternion_to_matrix_checked,Vectoris,throughput,30,49.4746340861994,47.717501254928166,53.41316196448513,53.54899343999425,54.57455805949476,50.370987491486304,2.4104049820087985,54.95446856395443,48.874673768220305,51.835250612299426,20.21238631273316,18.721977459288016,20.956708296639608,1.5480810000000533,Intel i9-9980HK macOS x86-64,C++20 -O3 -DNDEBUG -march=x86-64 -fno-fast-math -ffp-contract=off -fno-lto,Mops/s,20.21238631273316
clang-O3,rotation_matrix_compose,Eigen,latency,30,9.171269341617624,9.044641694507613,9.328802497927306,9.62465656029533,9.954177460242557,9.213242816524378,0.2120345793090878,10.02344582919162,9.116372058323579,9.2029840505263,109.03618653767754,107.19626054581347,110.56270398103159,1.7308170000000302,Intel i9-9980HK macOS x86-64,C++20 -O3 -DNDEBUG -march=x86-64 -fno-fast-math -ffp-contract=off -fno-lto,ns/op,9.171269341617624
clang-O3,rotation_matrix_compose,Eigen,throughput,30,5.127764867622474,4.745708020950655,5.618496502394834,5.635449193305016,5.682465558668008,5.195704428590272,0.4120623840855716,5.696005870144525,4.813933873411587,5.595347707419456,195.3983930658357,177.98355833697903,210.71718911561456,1.780356000000097,Intel i9-9980HK macOS x86-64,C++20 -O3 -DNDEBUG -march=x86-64 -fno-fast-math -ffp-contract=off -fno-lto,Mops/s,195.3983930658357
clang-O3,rotation_matrix_compose,GLM,latency,30,10.051072087728727,9.895825893499683,10.237404380016065,10.322312997767956,10.39205958486046,10.064882153663982,0.14940332323746167,10.406723170474011,10.00518798234648,10.129445077940932,99.49188174097057,97.68120562897195,101.05275094036352,1.4795670000000882,Intel i9-9980HK macOS x86-64,C++20 -O3 -DNDEBUG -march=x86-64 -fno-fast-math -ffp-contract=off -fno-lto,ns/op,10.051072087728727
clang-O3,rotation_matrix_compose,GLM,throughput,30,5.241465171027054,5.1533175254999195,5.516349813457995,5.570883651598364,5.6846679910162194,5.286978227797393,0.1442098644439118,5.715798853729208,5.218559449067189,5.304282490389589,190.78634910997243,181.27934315878716,194.04978860243386,1.721073000000047,Intel i9-9980HK macOS x86-64,C++20 -O3 -DNDEBUG -march=x86-64 -fno-fast-math -ffp-contract=off -fno-lto,Mops/s,190.78634910997243
clang-O3,rotation_matrix_compose,Raw,latency,30,8.16300743505607,8.027704040315067,8.748564749207555,8.806291011929478,9.008952003865272,8.259526427571855,0.2866004382562184,9.09028143991112,8.088527068211548,8.2315762226471,122.50405208918761,114.30493403074517,124.56874494438634,1.7452920000002905,Intel i9-9980HK macOS x86-64,C++20 -O3 -DNDEBUG -march=x86-64 -fno-fast-math -ffp-contract=off -fno-lto,ns/op,8.16300743505607
clang-O3,rotation_matrix_compose,Raw,throughput,30,5.5421303933620045,5.401049836270721,5.63311489790495,5.6834373680047445,5.760428377254924,5.525153967688028,0.1300717844833602,5.787990193355342,5.512791966053719,5.578099075250111,180.43604618546811,177.52260155200364,185.14923374274446,1.638702000000013,Intel i9-9980HK macOS x86-64,C++20 -O3 -DNDEBUG -march=x86-64 -fno-fast-math -ffp-contract=off -fno-lto,Mops/s,180.43604618546811
clang-O3,rotation_matrix_compose,Vectoris,latency,30,9.26700648960832,9.152886424999451,9.409781718204613,9.458614728828252,9.621362083998974,9.274550426198402,0.1299224622359009,9.671957341197412,9.212488594130264,9.318740467278985,107.90971188039454,106.27239102090648,109.25515421292793,1.7760109999999827,Intel i9-9980HK macOS x86-64,C++20 -O3 -DNDEBUG -march=x86-64 -fno-fast-math -ffp-contract=off -fno-lto,ns/op,9.26700648960832
clang-O3,rotation_matrix_compose,Vectoris,throughput,30,5.158979050403465,5.018546016441407,5.341489218464178,5.453743352680402,5.545760967088776,5.170639742724059,0.1421366012881284,5.553552591377164,5.09225501404681,5.196097856981735,193.83680648747108,187.21409513264032,199.26091169822917,1.5898000000000536,Intel i9-9980HK macOS x86-64,C++20 -O3 -DNDEBUG -march=x86-64 -fno-fast-math -ffp-contract=off -fno-lto,Mops/s,193.83680648747108
clang-O3,rotation_matrix_vector,Eigen,latency,30,9.32903448133455,9.161792725234159,10.908935806694133,11.165787322617483,18.03066901716403,9.864620723086722,2.1453397367902554,20.831377638754613,9.21128145310729,9.451737352858839,107.1930515892754,91.67309316426757,109.14913436928596,1.430065999999897,Intel i9-9980HK macOS x86-64,C++20 -O3 -DNDEBUG -march=x86-64 -fno-fast-math -ffp-contract=off -fno-lto,ns/op,9.32903448133455
clang-O3,rotation_matrix_vector,Eigen,throughput,30,1.8462125735147654,1.8152107145027399,1.9072194739636,2.0198978882933663,2.1046636589220893,1.8631378786988886,0.07047124575487475,2.12288162150815,1.8265433674138718,1.8613592233339817,541.6497565008998,524.386412798283,550.9002662184291,1.6067699999999263,Intel i9-9980HK macOS x86-64,C++20 -O3 -DNDEBUG -march=x86-64 -fno-fast-math -ffp-contract=off -fno-lto,Mops/s,541.6497565008998
clang-O3,rotation_matrix_vector,GLM,latency,30,10.229054746514112,10.092988558206425,10.692326298661847,11.165438750902936,11.535573053859121,10.32010184313411,0.3854646480414027,11.538786133642326,10.175539520300923,10.309782826164128,97.76098108334632,93.52510057122525,99.07889146912095,1.6863859999999704,Intel i9-9980HK macOS x86-64,C++20 -O3 -DNDEBUG -march=x86-64 -fno-fast-math -ffp-contract=off -fno-lto,ns/op,10.229054746514112
clang-O3,rotation_matrix_vector,GLM,throughput,30,2.6127294238596837,2.577954399539695,2.6369350297302163,2.6959361480709787,2.8510691100016596,2.6178742591556015,0.06440353041201928,2.900429813449317,2.5949344169354243,2.622452731181654,382.7418303459341,379.22991405485647,387.9081563837952,1.6746870000000114,Intel i9-9980HK macOS x86-64,C++20 -O3 -DNDEBUG -march=x86-64 -fno-fast-math -ffp-contract=off -fno-lto,Mops/s,382.7418303459341
clang-O3,rotation_matrix_vector,Raw,latency,30,9.537551013592214,9.326815727016921,9.668047364815468,9.754168065662926,9.809030878507638,9.515724014880364,0.1542073692767222,9.820643935997403,9.46866192452288,9.58495563572233,104.84876458675541,103.43385671358726,107.21773341257354,1.7142550000000085,Intel i9-9980HK macOS x86-64,C++20 -O3 -DNDEBUG -march=x86-64 -fno-fast-math -ffp-contract=off -fno-lto,ns/op,9.537551013592214
clang-O3,rotation_matrix_vector,Raw,throughput,30,2.3652385537113823,2.2109261352410505,2.60349906838516,2.6062896280368264,2.6112825292166497,2.4064315754930936,0.17327870502868864,2.6129299214467085,2.2506850589077385,2.571433501651976,422.80021897949325,384.09848308244676,452.2993834965179,1.5489999999998647,Intel i9-9980HK macOS x86-64,C++20 -O3 -DNDEBUG -march=x86-64 -fno-fast-math -ffp-contract=off -fno-lto,Mops/s,422.80021897949325
clang-O3,rotation_matrix_vector,Vectoris,latency,30,9.492026226447393,9.30678382443501,9.695579471558567,10.039868496565019,10.953829537168518,9.546883516015441,0.37536769820132554,11.212218296357522,9.395895473050697,9.530259326566021,105.3515884307838,103.1397868620326,107.4486424275544,1.7615200000001325,Intel i9-9980HK macOS x86-64,C++20 -O3 -DNDEBUG -march=x86-64 -fno-fast-math -ffp-contract=off -fno-lto,ns/op,9.492026226447393
clang-O3,rotation_matrix_vector,Vectoris,throughput,30,7.442472408579814,7.309562451990756,8.272027017055478,8.404540369022218,8.557988658300232,7.58646793588591,0.3744180028978654,8.594875829832558,7.384068140010919,7.519436662268738,134.36406747475056,120.88995142974507,136.80709880131735,1.5322889999999918,Intel i9-9980HK macOS x86-64,C++20 -O3 -DNDEBUG -march=x86-64 -fno-fast-math -ffp-contract=off -fno-lto,Mops/s,134.36406747475056
clang-O3,units_add,Raw,latency,30,4.8906659585771735,4.822273771029406,5.654301063987814,5.673739011746801,5.716304680092455,5.021727448733166,0.29986691792044556,5.732740943162771,4.844264908026189,4.989961032563855,204.47236076895078,176.85668722115716,207.37105700687565,1.767581999999834,Intel i9-9980HK macOS x86-64,C++20 -O3 -DNDEBUG -march=x86-64 -fno-fast-math -ffp-contract=off -fno-lto,ns/op,4.8906659585771735
clang-O3,units_add,Raw,throughput,30,0.4086755846595245,0.38145776239369283,0.4435339639283936,0.44469431370623785,0.44728008743466274,0.41185469463246344,0.025439699273405586,0.4480761456161339,0.39140425234108545,0.43413543589976,2446.958797261441,2254.6189552525716,2621.527779578008,1.718913000000157,Intel i9-9980HK macOS x86-64,C++20 -O3 -DNDEBUG -march=x86-64 -fno-fast-math -ffp-contract=off -fno-lto,Mops/s,2446.958797261441
clang-O3,units_add,Vectoris,latency,30,4.868068878432256,4.8014708680185,5.502405917232353,5.575586778112543,5.645314894207533,4.979090341142145,0.2666786265074648,5.657397785077295,4.831155417585602,4.9182299668341996,205.42032354773187,181.7390684536235,208.26951412837562,1.5158539999999903,Intel i9-9980HK macOS x86-64,C++20 -O3 -DNDEBUG -march=x86-64 -fno-fast-math -ffp-contract=off -fno-lto,ns/op,4.868068878432256
clang-O3,units_add,Vectoris,throughput,30,0.4431489116683667,0.4323279708602538,0.44758591132608483,0.448693151919951,0.4509697261563111,0.4411613306882059,0.007630140629145799,0.45153448843444627,0.44118887097339116,0.4444862195818753,2256.5791146151337,2234.20794715684,2313.067690005401,1.668095000000003,Intel i9-9980HK macOS x86-64,C++20 -O3 -DNDEBUG -march=x86-64 -fno-fast-math -ffp-contract=off -fno-lto,Mops/s,2256.5791146151337
clang-O3,vector_add,Eigen,latency,30,5.475016177940324,5.411016317527849,5.5967152751764075,5.6399365755746045,5.7153413188084095,5.498993671552174,0.0942832464670334,5.737030317724346,5.444855430854499,5.542180666709599,182.6481864162522,178.67639359739232,184.80817847289165,1.7424800000000575,Intel i9-9980HK macOS x86-64,C++20 -O3 -DNDEBUG -march=x86-64 -fno-fast-math -ffp-contract=off -fno-lto,ns/op,5.475016177940324
clang-O3,vector_add,Eigen,throughput,30,0.8503551152541273,0.8015473333008284,0.9281537380437106,0.9301213926982878,0.9400997929794555,0.8621465837526245,0.05776480926210946,0.9438728274873315,0.8157855396375486,0.9136504356832864,1176.084539883753,1077.407873650437,1247.6032833077106,1.5819310000000542,Intel i9-9980HK macOS x86-64,C++20 -O3 -DNDEBUG -march=x86-64 -fno-fast-math -ffp-contract=off -fno-lto,Mops/s,1176.084539883753
clang-O3,vector_add,GLM,latency,30,5.969632945460789,5.48717468170292,6.5052762292379525,6.513786523877062,6.547873608215387,6.000212607724847,0.46918477108683154,6.560585933612327,5.553938908534942,6.460324237301444,167.80132894071394,153.72138360429696,182.24315102910398,1.526814000000087,Intel i9-9980HK macOS x86-64,C++20 -O3 -DNDEBUG -march=x86-64 -fno-fast-math -ffp-contract=off -fno-lto,ns/op,5.969632945460789
clang-O3,vector_add,GLM,throughput,30,0.7067284135064075,0.6939624863735719,0.7232846448585809,0.7304195555598447,0.7344199238434914,0.7077634412959724,0.012687992038723683,0.7345804720057716,0.7006027702704595,0.714895868418073,1414.9715429646913,1382.5837173911584,1441.0001579709847,1.7280430000000422,Intel i9-9980HK macOS x86-64,C++20 -O3 -DNDEBUG -march=x86-64 -fno-fast-math -ffp-contract=off -fno-lto,Mops/s,1414.9715429646913
clang-O3,vector_add,Raw,latency,30,5.557142682027595,5.454109485524755,5.688333480687684,5.701639222315048,5.717312357814054,5.565091545147601,0.09063619191310963,5.720346683384923,5.513989361059068,5.610969999818844,179.94862682704496,175.79841955284292,183.34812089979806,1.7410210000002735,Intel i9-9980HK macOS x86-64,C++20 -O3 -DNDEBUG -march=x86-64 -fno-fast-math -ffp-contract=off -fno-lto,ns/op,5.557142682027595
clang-O3,vector_add,Raw,throughput,30,0.8329227644979316,0.8096694782421969,0.9040154672766333,0.9378739953699621,0.9680933309923417,0.8464178587923644,0.04114521661411105,0.9707815175602419,0.8297311848007459,0.838073864395299,1200.5916621942624,1106.1794572612137,1235.0719444557874,1.575712999999979,Intel i9-9980HK macOS x86-64,C++20 -O3 -DNDEBUG -march=x86-64 -fno-fast-math -ffp-contract=off -fno-lto,Mops/s,1200.5916621942624
clang-O3,vector_add,Vectoris,latency,30,6.172926949491367,5.489011964445043,6.51001368865998,6.518274949288207,6.532968166802313,6.051822466347918,0.4388501592758718,6.538385557301012,5.669399095302804,6.453346631339981,162.03627782137227,153.60952510356677,182.18215018771846,1.9519240000001334,Intel i9-9980HK macOS x86-64,C++20 -O3 -DNDEBUG -march=x86-64 -fno-fast-math -ffp-contract=off -fno-lto,ns/op,6.172926949491367
clang-O3,vector_add,Vectoris,throughput,30,0.851233284081319,0.7422039226443986,0.861988682468376,0.8647338796722317,0.8668956237297696,0.80838093093885,0.056411046938198234,0.867137104166047,0.7510628235082577,0.8581555650848073,1174.7696583402276,1160.108157095173,1347.3394257950088,1.8356400000000974,Intel i9-9980HK macOS x86-64,C++20 -O3 -DNDEBUG -march=x86-64 -fno-fast-math -ffp-contract=off -fno-lto,Mops/s,1174.7696583402276
clang-O3,vector_cross,Eigen,latency,30,6.888544039039655,6.735036507242066,7.957728645709132,7.963077890194302,7.984312807594049,7.110590939563422,0.46491455331901443,7.9922874190893785,6.834310711777029,6.982512329064881,145.1685927219189,125.66400076470117,148.47736696647394,1.7856759999999667,Intel i9-9980HK macOS x86-64,C++20 -O3 -DNDEBUG -march=x86-64 -fno-fast-math -ffp-contract=off -fno-lto,ns/op,6.888544039039655
clang-O3,vector_cross,Eigen,throughput,30,1.309904362081131,1.2881385849560678,1.3393501923434146,1.3522048884209654,1.3712203820024742,1.3137204690397435,0.02459956001402709,1.3748294785079909,1.3002094774954287,1.3296629908291695,763.4177753302724,746.6307290561364,776.3139963627102,1.661403999999891,Intel i9-9980HK macOS x86-64,C++20 -O3 -DNDEBUG -march=x86-64 -fno-fast-math -ffp-contract=off -fno-lto,Mops/s,763.4177753302724
clang-O3,vector_cross,GLM,latency,30,7.059382476896315,6.789720516147355,8.037248390932813,8.048904514127752,8.060741795006672,7.371250390149863,0.555840697040021,8.063152879557087,6.882499202612761,7.968533006849256,141.655634714722,124.42069532893264,147.2814846066644,1.4286549999999352,Intel i9-9980HK macOS x86-64,C++20 -O3 -DNDEBUG -march=x86-64 -fno-fast-math -ffp-contract=off -fno-lto,ns/op,7.059382476896315
clang-O3,vector_cross,GLM,throughput,30,1.4769190135544652,1.454797187117816,1.4897302787696,1.4937158961846113,1.5038653553789418,1.47034160000149,0.02767172956578991,1.5070207583249444,1.4677208479178243,1.4842337595168127,677.0853151853173,671.2624873034443,687.3819305406024,1.6467770000000108,Intel i9-9980HK macOS x86-64,C++20 -O3 -DNDEBUG -march=x86-64 -fno-fast-math -ffp-contract=off -fno-lto,Mops/s,677.0853151853173
clang-O3,vector_cross,Raw,latency,30,6.86718826313559,6.7568956118041035,7.070138870141737,7.221414020607183,7.284605809504041,6.915719094184231,0.14936005672271654,7.300629823258647,6.821324846145153,6.973565478909917,145.62138584889908,141.4445456559998,147.99695919585608,1.506415999999945,Intel i9-9980HK macOS x86-64,C++20 -O3 -DNDEBUG -march=x86-64 -fno-fast-math -ffp-contract=off -fno-lto,ns/op,6.86718826313559
clang-O3,vector_cross,Raw,throughput,30,1.2689109052372878,1.256897631315586,1.3042854959951586,1.3072660455366596,1.3332403279401746,1.275235266652563,0.020259179818873957,1.342905711750303,1.2640315857038655,1.2793913131505015,788.0774017112358,766.703305883417,795.6101967158835,1.6799089999999808,Intel i9-9980HK macOS x86-64,C++20 -O3 -DNDEBUG -march=x86-64 -fno-fast-math -ffp-contract=off -fno-lto,Mops/s,788.0774017112358
clang-O3,vector_dot,Eigen,latency,30,7.499379328498011,7.351639547538433,7.787257517489727,7.913431828062373,7.961809603374366,7.559320386170423,0.1816940019047426,7.972305096599645,7.448564917532198,7.620769486223923,133.34556022098693,128.41716874830354,136.02419024186872,1.4962320000001057,Intel i9-9980HK macOS x86-64,C++20 -O3 -DNDEBUG -march=x86-64 -fno-fast-math -ffp-contract=off -fno-lto,ns/op,7.499379328498011
clang-O3,vector_dot,Eigen,throughput,30,0.8451361568336695,0.8287254368642875,0.9562356835559804,0.9573417006945963,0.9580204209093177,0.8628262071250687,0.04466891869539126,0.958109147495918,0.8369436872085447,0.8577367847874786,1183.2512402703592,1045.767327941478,1206.6723411756468,1.772648999999916,Intel i9-9980HK macOS x86-64,C++20 -O3 -DNDEBUG -march=x86-64 -fno-fast-math -ffp-contract=off -fno-lto,Mops/s,1183.2512402703592
clang-O3,vector_dot,GLM,latency,30,8.002327686451501,7.5736922498062915,8.77457365232155,8.783300823897918,8.804970785885999,8.128584527551673,0.493556454660476,8.813109621654029,7.7183277388949145,8.584120680463185,124.98660500552725,113.96565831735039,132.0360466437519,1.9187789999997735,Intel i9-9980HK macOS x86-64,C++20 -O3 -DNDEBUG -march=x86-64 -fno-fast-math -ffp-contract=off -fno-lto,ns/op,8.002327686451501
clang-O3,vector_dot,GLM,throughput,30,0.9469465430172457,0.9285585084947415,1.089768449067337,1.0901069081962942,1.0956231014216442,0.9921224022147419,0.06950532137169077,1.0978683949757668,0.9408092420058449,1.0528840420065881,1056.025830179151,917.6261343811344,1076.938305437051,1.5386140000000523,Intel i9-9980HK macOS x86-64,C++20 -O3 -DNDEBUG -march=x86-64 -fno-fast-math -ffp-contract=off -fno-lto,Mops/s,1056.025830179151
clang-O3,vector_dot,Raw,latency,30,7.696530256732267,7.4022440110389125,8.728447816146423,8.758365397293682,8.784053613309668,7.9443956082121145,0.5476223458695454,8.788798198011973,7.510541768880154,8.275084307576718,129.9292967232551,114.56793426104136,135.094659386162,1.8284789999998452,Intel i9-9980HK macOS x86-64,C++20 -O3 -DNDEBUG -march=x86-64 -fno-fast-math -ffp-contract=off -fno-lto,ns/op,7.696530256732267
clang-O3,vector_dot,Raw,throughput,30,1.1090776823526391,1.0822842348040789,1.1884505587951997,1.2563763060782354,1.3207246940045947,1.126588344489769,0.05975315035885162,1.3330661076968646,1.100040913551759,1.1205191315141338,901.6503363592919,841.4763135458959,923.9762921754321,1.659421999999985,Intel i9-9980HK macOS x86-64,C++20 -O3 -DNDEBUG -march=x86-64 -fno-fast-math -ffp-contract=off -fno-lto,Mops/s,901.6503363592919
clang-O3,vector_dot,Vectoris,latency,30,8.620448891705323,7.436760045302209,8.780508589524203,8.805370402097054,8.83161716829437,8.237365724182586,0.5945598385755229,8.835821857190476,7.617722067835757,8.721724861563127,116.00441206326109,113.88862401902458,134.46727208199684,1.842020000000005,Intel i9-9980HK macOS x86-64,C++20 -O3 -DNDEBUG -march=x86-64 -fno-fast-math -ffp-contract=off -fno-lto,ns/op,8.620448891705323
clang-O3,vector_dot,Vectoris,throughput,30,1.0914063413247548,1.0681539419135482,1.1056442758424685,1.1069033390853888,1.110600749042828,1.0888360323518458,0.015268953872011892,1.1119907209051199,1.0867588365492051,1.096182120369388,916.2491063811001,904.4500978295333,936.1957473876813,1.699912000000003,Intel i9-9980HK macOS x86-64,C++20 -O3 -DNDEBUG -march=x86-64 -fno-fast-math -ffp-contract=off -fno-lto,Mops/s,916.2491063811001
clang-O3,vector_norm,Eigen,latency,30,11.914163064018837,11.587189285374789,12.424578038655493,13.338974415205158,13.411017493661504,12.020652246708282,0.5112107572312757,13.413817157266196,11.717541807844906,12.003231708223876,83.93375789769965,80.52373824705357,86.30220695948,1.4872740000000135,Intel i9-9980HK macOS x86-64,C++20 -O3 -DNDEBUG -march=x86-64 -fno-fast-math -ffp-contract=off -fno-lto,ns/op,11.914163064018837
clang-O3,vector_norm,Eigen,throughput,30,1.506428196250804,1.4545991109570235,1.6136859806529646,1.651057833112151,1.6873971357205622,1.5250887564392943,0.06523834395092122,1.696153321055621,1.4898776891646448,1.5293218372929724,663.8252462415396,619.7088595135473,687.4746830635164,1.5070169999999052,Intel i9-9980HK macOS x86-64,C++20 -O3 -DNDEBUG -march=x86-64 -fno-fast-math -ffp-contract=off -fno-lto,Mops/s,663.8252462415396
clang-O3,vector_norm,GLM,latency,30,13.505942016469504,11.621689420474599,13.696651189359537,13.713199996525248,13.753112320942366,12.92497922478352,0.8966872298008707,13.765374764654464,12.25456261968343,13.671476542963482,74.04150136523523,73.01054819569616,86.04607584581188,1.802219999999977,Intel i9-9980HK macOS x86-64,C++20 -O3 -DNDEBUG -march=x86-64 -fno-fast-math -ffp-contract=off -fno-lto,ns/op,13.505942016469504
clang-O3,vector_norm,GLM,throughput,30,1.4689632112788407,1.4377364881141352,1.5115032001662727,1.5997762265588695,1.6660586282204073,1.482154327461699,0.05413993922429407,1.6868269638492994,1.4614956530754672,1.4789760790468929,680.7523243659552,661.7419988978128,695.5377869496035,1.5932780000000548,Intel i9-9980HK macOS x86-64,C++20 -O3 -DNDEBUG -march=x86-64 -fno-fast-math -ffp-contract=off -fno-lto,Mops/s,680.7523243659552
clang-O3,vector_norm,Raw,latency,30,11.708639895504161,11.594320947181709,12.000785344016041,12.105212780727092,12.501767164611092,11.763246604142804,0.22298168714992256,12.65128066492385,11.63831766349571,11.775675403669368,85.40701648264773,83.3281683144346,86.2491466049866,1.5808659999998156,Intel i9-9980HK macOS x86-64,C++20 -O3 -DNDEBUG -march=x86-64 -fno-fast-math -ffp-contract=off -fno-lto,ns/op,11.708639895504161
clang-O3,vector_norm,Raw,throughput,30,1.7076521056676806,1.6822125863368405,1.7735459976812447,1.8407754575790023,1.8638395787118975,1.7112515535643027,0.06698688383202124,1.871406232184053,1.7029418115263002,1.714758915523798,585.5993784186237,563.9156722520831,594.4710568102929,1.7051249999999918,Intel i9-9980HK macOS x86-64,C++20 -O3 -DNDEBUG -march=x86-64 -fno-fast-math -ffp-contract=off -fno-lto,Mops/s,585.5993784186237
clang-O3,vector_norm,Vectoris,latency,30,12.009939311759027,11.652592262907072,13.884906848214714,13.900818286379517,13.986941796679332,12.646755259169742,0.9999915466481551,14.018399675535438,11.8442208203022,13.774527371936918,83.26442940820044,72.02064976788223,85.81782072246381,1.6984369999998705,Intel i9-9980HK macOS x86-64,C++20 -O3 -DNDEBUG -march=x86-64 -fno-fast-math -ffp-contract=off -fno-lto,ns/op,12.009939311759027
clang-O3,vector_norm,Vectoris,throughput,30,2.4013463077326627,2.355558037701933,2.431609824487931,2.4328708071144294,2.4534589772688444,2.3897701424289344,0.04868005793884293,2.4617800902944666,2.3795970896351597,2.4102302174114607,416.4330886406942,411.250196725958,424.52797690741204,1.6684370000000088,Intel i9-9980HK macOS x86-64,C++20 -O3 -DNDEBUG -march=x86-64 -fno-fast-math -ffp-contract=off -fno-lto,Mops/s,416.4330886406942
clang-O3,vector_normalize_checked,Eigen,latency,30,28.055385256303246,27.55611841870142,33.50241603143698,33.757679104664625,34.170750754932,29.225777949232896,2.219296712593433,34.332790135946645,27.81229319787608,29.201504460994908,35.64381660299934,29.848756124333693,36.28970149993388,1.7232839999999998,Intel i9-9980HK macOS x86-64,C++20 -O3 -DNDEBUG -march=x86-64 -fno-fast-math -ffp-contract=off -fno-lto,ns/op,28.055385256303246
clang-O3,vector_normalize_checked,Eigen,throughput,30,25.63715320487094,20.261648191879004,28.71047604224024,29.01209891255371,29.508066433474863,25.16984224736259,3.4113645171061453,29.647818977129578,22.69570288874141,28.209393238442722,39.063725712445745,34.830552192718145,49.3551833952727,1.8523220000000082,Intel i9-9980HK macOS x86-64,C++20 -O3 -DNDEBUG -march=x86-64 -fno-fast-math -ffp-contract=off -fno-lto,Mops/s,39.063725712445745
clang-O3,vector_normalize_checked,GLM,latency,30,29.04381114196685,24.949200603056113,29.473617630857515,29.6725917074866,29.800168206287946,27.672459078982886,2.000463053405885,29.803175776473736,25.743849208195435,29.24905311767698,34.430746797228096,33.928659809035416,40.08145590113669,1.902475000000095,Intel i9-9980HK macOS x86-64,C++20 -O3 -DNDEBUG -march=x86-64 -fno-fast-math -ffp-contract=off -fno-lto,ns/op,29.04381114196685
clang-O3,vector_normalize_checked,GLM,throughput,30,20.182507278721857,19.64843705235638,23.256892054363885,23.293833559805915,23.543012095696817,21.011668590075903,1.5533003124326188,23.63949413261061,19.895580811874154,21.924812281006425,49.54792962771941,42.998010611996,50.894653700604074,1.678803000000002,Intel i9-9980HK macOS x86-64,C++20 -O3 -DNDEBUG -march=x86-64 -fno-fast-math -ffp-contract=off -fno-lto,Mops/s,49.54792962771941
clang-O3,vector_normalize_checked,Raw,latency,30,29.403312876913184,28.130639809865816,34.49152050695879,34.849014710968525,35.10655790067697,30.782993032872415,2.8064330719129464,35.1870529915094,28.295514255535664,33.127576655166735,34.011327803039066,28.992849315664277,35.54842730401822,1.8276180000000297,Intel i9-9980HK macOS x86-64,C++20 -O3 -DNDEBUG -march=x86-64 -fno-fast-math -ffp-contract=off -fno-lto,ns/op,29.403312876913184
clang-O3,vector_normalize_checked,Raw,throughput,30,19.749896676679107,19.06163246430811,20.337726722716617,20.47111338874222,20.650325103268234,19.745745179285677,0.4853585848868403,20.700968373739418,19.58516518889504,20.01637291071598,50.63318208511188,49.16976103584483,52.461715122247334,1.6602920000000267,Intel i9-9980HK macOS x86-64,C++20 -O3 -DNDEBUG -march=x86-64 -fno-fast-math -ffp-contract=off -fno-lto,Mops/s,50.63318208511188
clang-O3,vector_normalize_checked,Vectoris,latency,30,31.1597184695066,30.57582975453813,34.94282400849807,35.266342445405385,35.83749467311757,31.96964499498609,1.688393671473065,35.971369801707745,30.960940876759835,32.24536988350813,32.09277933360897,28.618180987194112,32.70570164156282,1.4976819999999975,Intel i9-9980HK macOS x86-64,C++20 -O3 -DNDEBUG -march=x86-64 -fno-fast-math -ffp-contract=off -fno-lto,ns/op,31.1597184695066
clang-O3,vector_normalize_checked,Vectoris,throughput,30,23.16126191606684,22.74256447460364,23.577355088003632,23.69175025963821,23.782714434577976,23.143224550253798,0.339559898483781,23.790402002692346,22.98213227265204,23.286848644248174,43.17557310985879,42.413584286781564,43.97043147420911,1.6925150000002418,Intel i9-9980HK macOS x86-64,C++20 -O3 -DNDEBUG -march=x86-64 -fno-fast-math -ffp-contract=off -fno-lto,Mops/s,43.17557310985879
clang-O3,vector_normalize_minimal,Eigen,latency,30,16.186431956301107,15.883768680508123,16.54962828553628,16.83337705600644,16.896966520024105,16.20997761665333,0.29116399859721903,16.91718889032,16.058458664027754,16.279676741256562,61.78014244760699,60.42603481244328,62.95743762270611,1.5961470000001443,Intel i9-9980HK macOS x86-64,C++20 -O3 -DNDEBUG -march=x86-64 -fno-fast-math -ffp-contract=off -fno-lto,ns/op,16.186431956301107
clang-O3,vector_normalize_minimal,Eigen,throughput,30,3.6714705778035306,3.5958134593337987,4.200629376346945,4.204034452956444,4.213628428776288,3.814765489542576,0.2511186149747251,4.216678177230179,3.640977892632498,3.9245157998870095,272.37116802787443,238.05956548095477,278.101250749212,1.7644880000000855,Intel i9-9980HK macOS x86-64,C++20 -O3 -DNDEBUG -march=x86-64 -fno-fast-math -ffp-contract=off -fno-lto,Mops/s,272.37116802787443
clang-O3,vector_normalize_minimal,GLM,latency,30,16.437715154589256,16.091610010408047,17.151203421831664,17.383607779673284,18.203481224717635,16.580163630063122,0.5502689728945789,18.530900252375574,16.348233729464692,16.673302542860526,60.83574123142765,58.30590816191452,62.1446299658268,1.7491990000000044,Intel i9-9980HK macOS x86-64,C++20 -O3 -DNDEBUG -march=x86-64 -fno-fast-math -ffp-contract=off -fno-lto,ns/op,16.437715154589256
clang-O3,vector_normalize_minimal,GLM,throughput,30,2.971064642865841,2.6285537196772526,3.030170165410095,3.0410179590801922,3.0747588376252866,2.8737484848080963,0.1734423200777346,3.0878726356938255,2.7548724055617004,3.0081349229415677,336.59170777508126,330.0147815837864,380.43863531085094,1.8643579999999818,Intel i9-9980HK macOS x86-64,C++20 -O3 -DNDEBUG -march=x86-64 -fno-fast-math -ffp-contract=off -fno-lto,Mops/s,336.59170777508126
clang-O3,vector_normalize_minimal,Raw,latency,30,17.073100447117348,16.067889853192526,18.331889231225414,18.733671026125158,19.036629968280316,17.228926283726246,1.0105152370042891,19.077086197783537,16.46072873309907,18.003415120807915,58.57179555815132,54.55016806779079,62.23594709585704,1.7870129999998883,Intel i9-9980HK macOS x86-64,C++20 -O3 -DNDEBUG -march=x86-64 -fno-fast-math -ffp-contract=off -fno-lto,ns/op,17.073100447117348
clang-O3,vector_normalize_minimal,Raw,throughput,30,3.9917216465149967,3.389481954146386,4.077053521939492,4.11844657147463,4.134072553090685,3.807354457815653,0.2978507682583575,4.140385221696503,3.4939951648470515,4.039715590596304,250.52134392562965,245.27792721063406,295.03071538236577,1.863315,Intel i9-9980HK macOS x86-64,C++20 -O3 -DNDEBUG -march=x86-64 -fno-fast-math -ffp-contract=off -fno-lto,Mops/s,250.52134392562965
clang-O3,vector_scalar,Eigen,latency,30,5.758167815769734,5.216828195155111,6.2026521370668934,6.205240920671375,6.2084214224719405,5.727645021666447,0.3831936810656477,6.20921332910345,5.4411296037848125,6.047534211596299,173.67129900328513,161.22135841492272,191.68755242773585,1.70035200000018,Intel i9-9980HK macOS x86-64,C++20 -O3 -DNDEBUG -march=x86-64 -fno-fast-math -ffp-contract=off -fno-lto,ns/op,5.758167815769734
clang-O3,vector_scalar,Eigen,throughput,30,0.5692428316486637,0.5597443562212026,0.5823509801733169,0.5952769924827171,0.6342365995262702,0.572083140579967,0.017433320995138623,0.6464544956583348,0.5628437266086583,0.5740061660410374,1756.7198322397949,1717.1794587767938,1786.5318427393054,1.6725009999998974,Intel i9-9980HK macOS x86-64,C++20 -O3 -DNDEBUG -march=x86-64 -fno-fast-math -ffp-contract=off -fno-lto,Mops/s,1756.7198322397949
clang-O3,vector_scalar,GLM,latency,30,5.765399107548424,4.9778000712498525,5.893481741632769,5.90688678493365,5.968708495321694,5.506293345710399,0.4105741176654579,5.991779168816519,5.118651032821992,5.850557629902226,173.4514278653279,169.67901066348276,200.89214655430487,1.8341159999999948,Intel i9-9980HK macOS x86-64,C++20 -O3 -DNDEBUG -march=x86-64 -fno-fast-math -ffp-contract=off -fno-lto,ns/op,5.765399107548424
clang-O3,vector_scalar,GLM,throughput,30,0.6560743560603071,0.6484217114450972,0.661690094134536,0.6623584227348542,0.6636033446043449,0.6532734775756416,0.011699604871905307,0.664086815543272,0.6536861178463009,0.6570385782612909,1524.217614821035,1511.2816379947803,1542.206379870369,1.6489629999999238,Intel i9-9980HK macOS x86-64,C++20 -O3 -DNDEBUG -march=x86-64 -fno-fast-math -ffp-contract=off -fno-lto,Mops/s,1524.217614821035
clang-O3,vector_scalar,Raw,latency,30,5.826207037641278,5.010073164860475,5.859641986207076,5.86121265701541,5.891379630277171,5.598405059457907,0.3584717939193873,5.903558489609597,5.618569074352343,5.843180631853688,171.63825937299913,170.65889120567644,199.59789368670255,1.9084620000000998,Intel i9-9980HK macOS x86-64,C++20 -O3 -DNDEBUG -march=x86-64 -fno-fast-math -ffp-contract=off -fno-lto,ns/op,5.826207037641278
clang-O3,vector_scalar,Raw,throughput,30,0.6480642566065373,0.5940942567250794,0.660544566409119,0.6613788865865823,0.6626596861776385,0.6349886845330647,0.02929612585533277,0.6631573303156343,0.6295170242905623,0.6574116560943826,1543.070087875421,1513.902614640919,1683.2642026957656,1.7931430000000432,Intel i9-9980HK macOS x86-64,C++20 -O3 -DNDEBUG -march=x86-64 -fno-fast-math -ffp-contract=off -fno-lto,Mops/s,1543.070087875421
clang-O3,vector_scalar,Vectoris,latency,30,5.57533858770313,5.312970313337002,6.099850143186322,6.28419407262845,6.383799693125682,5.642324215283117,0.31079952264588534,6.404952856261183,5.462201079489239,5.722795792582367,179.36181970820263,163.9460741593701,188.21945558323233,1.5785199999999548,Intel i9-9980HK macOS x86-64,C++20 -O3 -DNDEBUG -march=x86-64 -fno-fast-math -ffp-contract=off -fno-lto,ns/op,5.57533858770313
clang-O3,vector_scalar,Vectoris,throughput,30,0.5708243613775879,0.5598820574016439,0.5983446426554299,0.6027381081755403,0.6241130443538819,0.5758590290171194,0.017509096321832795,0.6327731457279597,0.5655306684359417,0.5768287482951195,1751.8529851958094,1671.2866202263804,1786.090779321092,1.6897849999999437,Intel i9-9980HK macOS x86-64,C++20 -O3 -DNDEBUG -march=x86-64 -fno-fast-math -ffp-contract=off -fno-lto,Mops/s,1751.8529851958094
clang-O3,vector_subtract,Eigen,latency,30,5.677695492272978,5.60337092452642,5.9025877701601654,5.9950479604446345,6.070590270557962,5.715756598762862,0.12609016274498067,6.071273799408738,5.6593887335752715,5.728140711740308,176.1278096871718,169.41722072335475,178.4640129202144,1.790465999999981,Intel i9-9980HK macOS x86-64,C++20 -O3 -DNDEBUG -march=x86-64 -fno-fast-math -ffp-contract=off -fno-lto,ns/op,5.677695492272978
clang-O3,vector_subtract,Eigen,throughput,30,0.8060685577668187,0.7905505577467528,0.9210124920976133,0.9298952476935802,0.9341966383479566,0.8377279588682651,0.05652000413966785,0.9349851349478289,0.7968492772204687,0.850158042399531,1240.6195170299925,1085.7666682479883,1264.9416304608192,1.896283999999952,Intel i9-9980HK macOS x86-64,C++20 -O3 -DNDEBUG -march=x86-64 -fno-fast-math -ffp-contract=off -fno-lto,Mops/s,1240.6195170299925
clang-O3,vector_subtract,GLM,latency,30,5.484808990778314,5.336529072254834,6.094657049553506,6.26373839635647,6.337964536933869,5.630122782264763,0.32955322619629407,6.3380992780311205,5.41538296339419,5.651879543304286,182.3217964431215,164.0811515064629,187.3881073335731,1.5914840000001504,Intel i9-9980HK macOS x86-64,C++20 -O3 -DNDEBUG -march=x86-64 -fno-fast-math -ffp-contract=off -fno-lto,ns/op,5.484808990778314
clang-O3,vector_subtract,GLM,throughput,30,0.7151225366812595,0.6986073168384948,0.7596997590928793,0.7644158780123783,0.7698588294683503,0.7198088104483716,0.021150077577328796,0.7714043195123123,0.7094291596604889,0.7191721387624469,1398.3617995620211,1316.3113123901376,1431.4207028232508,1.5565079999998943,Intel i9-9980HK macOS x86-64,C++20 -O3 -DNDEBUG -march=x86-64 -fno-fast-math -ffp-contract=off -fno-lto,Mops/s,1398.3617995620211
clang-O3,vector_subtract,Raw,latency,30,5.578427851294678,5.4087002942951035,5.796928055368735,5.849270099640246,5.9124961926159445,5.60111643091908,0.1631789944859511,5.926670914153918,5.53798780406102,5.6842586597189815,179.2620520047176,172.5053335455973,184.89087615765345,1.3241950000000315,Intel i9-9980HK macOS x86-64,C++20 -O3 -DNDEBUG -march=x86-64 -fno-fast-math -ffp-contract=off -fno-lto,ns/op,5.578427851294678
clang-O3,vector_subtract,Raw,throughput,30,0.7279193737190228,0.7117888490524094,0.7565997803982496,0.7623480040246752,0.7834145126290506,0.731386713316468,0.019272055697223303,0.7902473632126361,0.7226355152647781,0.7342998053469967,1373.7785354747928,1321.7027873611505,1404.9118340614737,1.5532660000001215,Intel i9-9980HK macOS x86-64,C++20 -O3 -DNDEBUG -march=x86-64 -fno-fast-math -ffp-contract=off -fno-lto,Mops/s,1373.7785354747928
clang-O3,vector_subtract,Vectoris,latency,30,5.472927193987806,5.385279485890975,5.93153037109151,6.125157390474252,6.319744374627831,5.555227488784903,0.24601304101162572,6.344466164307012,5.434491350272434,5.540568721236568,182.71778425337357,168.59102536805838,185.6914545380758,1.4709740000000338,Intel i9-9980HK macOS x86-64,C++20 -O3 -DNDEBUG -march=x86-64 -fno-fast-math -ffp-contract=off -fno-lto,ns/op,5.472927193987806
clang-O3,vector_subtract,Vectoris,throughput,30,0.7459073119602779,0.7354853173790592,0.7550408873470914,0.7686396155735555,0.7815072695829125,0.7473803555610592,0.01173268713297312,0.7848749308942363,0.7418643322881704,0.7513551987961984,1340.6503827925148,1324.447744802402,1359.6469872361638,1.5241149999998527,Intel i9-9980HK macOS x86-64,C++20 -O3 -DNDEBUG -march=x86-64 -fno-fast-math -ffp-contract=off -fno-lto,Mops/s,1340.6503827925148
clang-O3,velocity_time,Raw,latency,30,8.464836097167838,8.186445144943164,9.670689525095195,9.683186788732582,9.701464781170644,8.901524471891573,0.700683536539718,9.708513223899608,8.263639347349846,9.622794081346786,118.14030996010695,103.4052584961323,122.15314986618249,1.8411960000000818,Intel i9-9980HK macOS x86-64,C++20 -O3 -DNDEBUG -march=x86-64 -fno-fast-math -ffp-contract=off -fno-lto,ns/op,8.464836097167838
clang-O3,velocity_time,Raw,throughput,30,1.105600787120414,0.9720872380890981,1.1328929205544467,1.1357782288212928,1.1380390570091397,1.0763177261743837,0.06347513838378713,1.1383309302891709,1.0577525847408884,1.1276422317285077,904.6149162199215,882.6960320586265,1028.714328111667,1.8798330000002184,Intel i9-9980HK macOS x86-64,C++20 -O3 -DNDEBUG -march=x86-64 -fno-fast-math -ffp-contract=off -fno-lto,Mops/s,904.6149162199215
clang-O3,velocity_time,Vectoris,latency,30,9.480142355593836,8.251547782354926,9.65942210154905,9.665757403225873,9.696811227338863,9.157562207451384,0.5781673217877674,9.70758740649964,8.857295837333023,9.633847765193973,105.49541306245365,103.52586210174508,121.18939978698175,1.594721999999962,Intel i9-9980HK macOS x86-64,C++20 -O3 -DNDEBUG -march=x86-64 -fno-fast-math -ffp-contract=off -fno-lto,ns/op,9.480142355593836
clang-O3,velocity_time,Vectoris,throughput,30,0.994299570906409,0.959804845169361,1.1251274496375627,1.1305365336650584,1.1328155738227685,1.0308243927826009,0.06943167101760515,1.133161777917982,0.9800778747445719,1.088013647226122,1005.7688104030915,888.7892410757535,1041.8821653695848,1.5099500000000319,Intel i9-9980HK macOS x86-64,C++20 -O3 -DNDEBUG -march=x86-64 -fno-fast-math -ffp-contract=off -fno-lto,Mops/s,1005.7688104030915
gcc-O2,almost_equal,Raw,latency,30,6.123048009840405,6.039673321521927,7.078170008761856,7.086467291715079,7.118796005332188,6.268929171652232,0.36321059889419177,7.131479604461974,6.082586885470737,6.162710921552439,163.3173549993889,141.2794690386697,165.57230621683183,1.624636000000002,Intel i9-9980HK macOS x86-64,C++20 -O2 -DNDEBUG -march=x86-64 -fno-fast-math -ffp-contract=off -fno-lto,ns/op,6.123048009840405
gcc-O2,almost_equal,Raw,throughput,30,1.7079729280802867,1.6597733190255677,1.9487270264206804,1.9628009707389518,1.9794679992080562,1.7701712644822067,0.11639649818724912,1.9821334064496736,1.6903083001525845,1.820296140999937,585.4895620275904,513.1555465971115,602.4920142987156,1.7584399999999507,Intel i9-9980HK macOS x86-64,C++20 -O2 -DNDEBUG -march=x86-64 -fno-fast-math -ffp-contract=off -fno-lto,Mops/s,585.4895620275904
gcc-O2,almost_equal,Vectoris,latency,30,9.55416956624107,9.425153994125326,11.112167871436046,11.139566771523471,11.160906758782799,9.970661874664563,0.6694932886892329,11.161115162049683,9.508853480622433,10.098068274834523,104.66681232154804,89.99144136020936,106.09915657257108,1.6822019999999993,Intel i9-9980HK macOS x86-64,C++20 -O2 -DNDEBUG -march=x86-64 -fno-fast-math -ffp-contract=off -fno-lto,ns/op,9.55416956624107
gcc-O2,almost_equal,Vectoris,throughput,30,4.8617148711719045,4.739094468534337,5.019661588145975,5.048628122288484,5.157110693897497,4.8802849284039205,0.10417071890420009,5.195274593128562,4.8375134759144895,4.911787443162019,205.68909373586644,199.21671506103823,211.0107800150846,1.6690890000000425,Intel i9-9980HK macOS x86-64,C++20 -O2 -DNDEBUG -march=x86-64 -fno-fast-math -ffp-contract=off -fno-lto,Mops/s,205.68909373586644
gcc-O2,core_abs,Eigen,latency,30,4.361059474089825,4.317635088519406,4.45118064245614,4.464290582087063,4.487182099618642,4.371193458781244,0.05205596280038068,4.493644473617089,4.352827604203597,4.378744257603132,229.3021677299523,224.65952119882223,231.60873452364808,1.5324700000000038,Intel i9-9980HK macOS x86-64,C++20 -O2 -DNDEBUG -march=x86-64 -fno-fast-math -ffp-contract=off -fno-lto,ns/op,4.361059474089825
gcc-O2,core_abs,Eigen,throughput,30,0.522705902215439,0.5143953367656467,0.5351979073566091,0.5467485859643507,0.57473102768128,0.5260826729131478,0.014193684890561812,0.5848178889457882,0.51913471968421,0.5265901576946614,1913.1217243438582,1868.508318458191,1944.0302001300515,1.7358480000001748,Intel i9-9980HK macOS x86-64,C++20 -O2 -DNDEBUG -march=x86-64 -fno-fast-math -ffp-contract=off -fno-lto,Mops/s,1913.1217243438582
gcc-O2,core_abs,GLM,latency,30,5.976633355468486,5.854786777307974,6.665771367517156,6.7500459968960085,6.798250294193163,6.070121183094465,0.2893769671300997,6.816650980564627,5.910939140772303,6.020013123969177,167.31849848567998,150.0225474350377,170.80044288713546,1.7855839999999992,Intel i9-9980HK macOS x86-64,C++20 -O2 -DNDEBUG -march=x86-64 -fno-fast-math -ffp-contract=off -fno-lto,ns/op,5.976633355468486
gcc-O2,core_abs,GLM,throughput,30,0.8746770193796555,0.8469235844473966,0.9897746757797509,0.9903023549110938,0.9947386617468355,0.9001144700122181,0.05595329018199454,0.9965389181664466,0.8612807208937117,0.9244511973748435,1143.2814032430765,1010.3309894350592,1180.7510761440226,1.8061529999999806,Intel i9-9980HK macOS x86-64,C++20 -O2 -DNDEBUG -march=x86-64 -fno-fast-math -ffp-contract=off -fno-lto,Mops/s,1143.2814032430765
gcc-O2,core_abs,Raw,latency,30,4.4546471478272665,4.354728073203252,5.00887513872484,5.056404760553402,5.077455752042814,4.582083674943652,0.2611535822897566,5.077800107013591,4.415321594268,4.618545001159779,224.48467636650338,199.64608250158724,229.63592964692654,1.5137309999999964,Intel i9-9980HK macOS x86-64,C++20 -O2 -DNDEBUG -march=x86-64 -fno-fast-math -ffp-contract=off -fno-lto,ns/op,4.4546471478272665
gcc-O2,core_abs,Raw,throughput,30,0.5308351383528442,0.5150170725702239,0.5848873340996538,0.5989223878743366,0.6066881833008874,0.5438449612851142,0.028996539301150228,0.6070474623235461,0.5244431123182409,0.5506089951625821,1883.824501573873,1709.7483711105956,1941.6832054264999,1.5222569999998825,Intel i9-9980HK macOS x86-64,C++20 -O2 -DNDEBUG -march=x86-64 -fno-fast-math -ffp-contract=off -fno-lto,Mops/s,1883.824501573873
gcc-O2,core_abs,Vectoris,latency,30,6.19173472719518,5.943544937635878,6.860809489860529,6.880247517501885,6.89244143486879,6.333487744292422,0.39317053212771036,6.893296676767027,6.025123061697842,6.556197745470605,161.50573903149242,145.7554127024505,168.25127903536293,1.7310339999999957,Intel i9-9980HK macOS x86-64,C++20 -O2 -DNDEBUG -march=x86-64 -fno-fast-math -ffp-contract=off -fno-lto,ns/op,6.19173472719518
gcc-O2,core_abs,Vectoris,throughput,30,0.865276810639164,0.8439371226272916,0.9905088164863018,0.9953555624887459,0.9956344432494787,0.8971680261090622,0.061536838909769506,0.995671265667804,0.8537452758721058,0.902231974359621,1155.7033863951337,1009.5845555034751,1184.9227384409342,1.6620210000000102,Intel i9-9980HK macOS x86-64,C++20 -O2 -DNDEBUG -march=x86-64 -fno-fast-math -ffp-contract=off -fno-lto,Mops/s,1155.7033863951337
gcc-O2,core_sqrt,Eigen,latency,30,8.213356281818164,8.13331587069505,8.6427492988921,8.671570643639729,8.752663498932561,8.277946364084896,0.182582850185062,8.781812769027345,8.183296458328874,8.247129789794476,121.75304447355272,115.70397232904605,122.95108666111543,1.6854040000000625,Intel i9-9980HK macOS x86-64,C++20 -O2 -DNDEBUG -march=x86-64 -fno-fast-math -ffp-contract=off -fno-lto,ns/op,8.213356281818164
gcc-O2,core_sqrt,Eigen,throughput,30,1.4890768871865194,1.4357803727940455,1.6937866033219553,1.7013874044650128,1.7086326136318384,1.5295593252847026,0.09745125265384375,1.7113354629881257,1.465731159513044,1.5326545721283797,671.5573221179344,590.3942090760512,696.4855011397862,1.8055509999998949,Intel i9-9980HK macOS x86-64,C++20 -O2 -DNDEBUG -march=x86-64 -fno-fast-math -ffp-contract=off -fno-lto,Mops/s,671.5573221179344
gcc-O2,core_sqrt,GLM,latency,30,8.456963447746173,8.30171646334202,8.702018167446962,8.897019567030686,9.001288934030168,8.499398122910632,0.19781696042826147,9.008313379375654,8.379284661804391,8.576968699598364,118.24588905220824,114.91718252084569,120.45707404940988,1.6985950000000118,Intel i9-9980HK macOS x86-64,C++20 -O2 -DNDEBUG -march=x86-64 -fno-fast-math -ffp-contract=off -fno-lto,ns/op,8.456963447746173
gcc-O2,core_sqrt,GLM,throughput,30,1.5017732140371254,1.4524156341818117,1.7013614778431159,1.704335591587772,1.7199982702567373,1.5654615680655086,0.11193611239430314,1.7256337253609555,1.4716927771589996,1.6726999294969769,665.8969052744924,587.7645823684119,688.5081788085431,1.8077579999997226,Intel i9-9980HK macOS x86-64,C++20 -O2 -DNDEBUG -march=x86-64 -fno-fast-math -ffp-contract=off -fno-lto,Mops/s,665.8969052744924
gcc-O2,core_sqrt,Raw,latency,30,8.553265095983187,8.336710038612228,9.150387539080537,9.24055895402526,9.61304757907356,8.651274980638638,0.36472784057670377,9.753773183955634,8.395878787998827,8.707536294832916,116.91447988022536,109.28544126234966,119.95141331337895,1.6814830000000143,Intel i9-9980HK macOS x86-64,C++20 -O2 -DNDEBUG -march=x86-64 -fno-fast-math -ffp-contract=off -fno-lto,ns/op,8.553265095983187
gcc-O2,core_sqrt,Raw,throughput,30,1.4515268668303811,1.432178326426299,1.4997560805969676,1.5173378521797678,1.5293488240695903,1.4590202577427491,0.029092402454265767,1.5299157008411968,1.444892834425405,1.4590200655355232,688.929906572376,666.7757873838088,698.2408893411147,1.8046559999999943,Intel i9-9980HK macOS x86-64,C++20 -O2 -DNDEBUG -march=x86-64 -fno-fast-math -ffp-contract=off -fno-lto,Mops/s,688.929906572376
gcc-O2,core_sqrt,Vectoris,latency,30,9.308087210196586,9.078897678060635,10.083709809741318,10.249205134464162,10.555408400845746,9.456254074802803,0.4226221350483719,10.628127237675,9.230292585511613,9.431743294848683,107.43348087054493,99.16985953714345,110.1456547645532,1.4888520000000087,Intel i9-9980HK macOS x86-64,C++20 -O2 -DNDEBUG -march=x86-64 -fno-fast-math -ffp-contract=off -fno-lto,ns/op,9.308087210196586
gcc-O2,core_sqrt,Vectoris,throughput,30,1.4940522837780734,1.449162076855555,1.7037683983616176,1.707133461198376,1.7108150042740755,1.546350773437611,0.110428659960105,1.712092484725241,1.4588583065651113,1.5917362682891865,669.3212522282251,586.9343962174999,690.0539802594877,1.764696999999984,Intel i9-9980HK macOS x86-64,C++20 -O2 -DNDEBUG -march=x86-64 -fno-fast-math -ffp-contract=off -fno-lto,Mops/s,669.3212522282251
gcc-O2,matrix_add,Eigen,latency,30,8.372434454544937,8.158221153205751,9.53010345018827,9.746737734635527,9.902404712480084,8.682496462433752,0.5777530462921304,9.94680525809975,8.309175853098054,8.821566459354994,119.43959754750614,104.93386272420967,122.5757815013219,1.5231550000000027,Intel i9-9980HK macOS x86-64,C++20 -O2 -DNDEBUG -march=x86-64 -fno-fast-math -ffp-contract=off -fno-lto,ns/op,8.372434454544937
gcc-O2,matrix_add,Eigen,throughput,30,10.447471587346858,10.089216266591029,11.778896307125631,11.786591154640002,11.883505555713077,10.820923102010015,0.7404334340056407,11.92184420125825,10.28192219726619,11.465153306379975,95.7170028667889,84.89759876639012,99.11763672742558,1.8208579999999728,Intel i9-9980HK macOS x86-64,C++20 -O2 -DNDEBUG -march=x86-64 -fno-fast-math -ffp-contract=off -fno-lto,Mops/s,95.7170028667889
gcc-O2,matrix_add,GLM,latency,30,11.57919448962958,10.578941598332499,11.923649289581077,12.143895631190404,12.346490427481989,11.448149595590857,0.612019604334235,12.38775850641054,11.533956334376796,11.641227184078549,86.36179614421985,83.8675429525118,94.5324659797726,2.01893400000003,Intel i9-9980HK macOS x86-64,C++20 -O2 -DNDEBUG -march=x86-64 -fno-fast-math -ffp-contract=off -fno-lto,ns/op,11.57919448962958
gcc-O2,matrix_add,GLM,throughput,30,11.095524883227757,10.836491847300774,11.633601106404129,11.895365466638514,12.108919819000107,11.149639246068197,0.3540259461268626,12.142923739703729,10.961199207328477,11.15207183177948,90.1264271993094,85.95864255893247,92.28084338554713,1.4917789999999513,Intel i9-9980HK macOS x86-64,C++20 -O2 -DNDEBUG -march=x86-64 -fno-fast-math -ffp-contract=off -fno-lto,Mops/s,90.1264271993094
gcc-O2,matrix_add,Raw,latency,30,7.485844106173483,7.117825360878936,8.225442038282688,8.227004079233787,8.24934379445547,7.595481041188543,0.4630788966673268,8.258421971723898,7.2411981377797705,7.941713425849345,133.58736177677423,121.57401373328436,140.49235022595823,1.7130929999999012,Intel i9-9980HK macOS x86-64,C++20 -O2 -DNDEBUG -march=x86-64 -fno-fast-math -ffp-contract=off -fno-lto,ns/op,7.485844106173483
gcc-O2,matrix_add,Raw,throughput,30,4.883908407910566,4.830645818878923,5.193336568154739,5.321269971872683,5.5207236097131736,4.954362274302675,0.18189612579718786,5.591671319208422,4.860462867566247,4.9289242691500625,204.7540462246451,192.5616979681092,207.0117281029967,1.6672340000000363,Intel i9-9980HK macOS x86-64,C++20 -O2 -DNDEBUG -march=x86-64 -fno-fast-math -ffp-contract=off -fno-lto,Mops/s,204.7540462246451
gcc-O2,matrix_add,Vectoris,latency,30,6.844363693953937,6.749021007912693,6.969722903009797,7.014119337951052,7.079532887343206,6.852702849978145,0.09150815997643104,7.093692252728289,6.805150796281888,6.86164677513518,146.10563502289074,143.47774224194774,148.169649272557,1.7611619999999988,Intel i9-9980HK macOS x86-64,C++20 -O2 -DNDEBUG -march=x86-64 -fno-fast-math -ffp-contract=off -fno-lto,ns/op,6.844363693953937
gcc-O2,matrix_add,Vectoris,throughput,30,3.9217633676890102,3.857978145769869,4.548907819077498,4.585505233033101,4.721975775024052,4.063798806889785,0.27389642859210916,4.768321970751854,3.8844143428505618,4.046783791766349,254.9883032937036,219.8330732531792,259.2036346002966,1.750268000000034,Intel i9-9980HK macOS x86-64,C++20 -O2 -DNDEBUG -march=x86-64 -fno-fast-math -ffp-contract=off -fno-lto,Mops/s,254.9883032937036
gcc-O2,matrix_determinant,Eigen,latency,30,10.000565404460684,9.692064868264167,11.34150642657422,11.358579554141837,11.374442348306765,10.401330947234104,0.71411079565239,11.379622896420098,9.834089363964782,11.11638039930125,99.99731338967771,88.17172185521083,103.17718823498973,1.846304999999916,Intel i9-9980HK macOS x86-64,C++20 -O2 -DNDEBUG -march=x86-64 -fno-fast-math -ffp-contract=off -fno-lto,ns/op,10.000565404460684
gcc-O2,matrix_determinant,Eigen,throughput,30,2.077679639824543,2.0010331567481683,2.3863019066879736,2.387545220452494,2.3923073516881432,2.168183301180086,0.16866812002773302,2.394077952425021,2.025969980840618,2.3483562318866826,481.3063588003165,419.05846336648915,499.74228824076954,1.7732409999999919,Intel i9-9980HK macOS x86-64,C++20 -O2 -DNDEBUG -march=x86-64 -fno-fast-math -ffp-contract=off -fno-lto,Mops/s,481.3063588003165
gcc-O2,matrix_determinant,GLM,latency,30,9.780547236614531,9.555468039725138,10.623108073904367,10.709110306673026,10.977615234531145,9.896658757088558,0.39107200363985317,11.073153516020309,9.727522706001498,9.85896497439294,102.24382339732834,94.13458542502947,104.65248092606727,1.6876170000000457,Intel i9-9980HK macOS x86-64,C++20 -O2 -DNDEBUG -march=x86-64 -fno-fast-math -ffp-contract=off -fno-lto,ns/op,9.780547236614531
gcc-O2,matrix_determinant,GLM,throughput,30,2.3868596549162833,2.304770820855534,2.4175434400761477,2.4392771885916624,2.4914014047600728,2.3742927206071873,0.062000891361670585,2.5067602491398824,2.3794111367883444,2.399691653732553,418.9605456228588,413.6431573121837,433.8826277444005,1.6439940000003617,Intel i9-9980HK macOS x86-64,C++20 -O2 -DNDEBUG -march=x86-64 -fno-fast-math -ffp-contract=off -fno-lto,Mops/s,418.9605456228588
gcc-O2,matrix_determinant,Raw,latency,30,9.596467221619026,9.495379925792431,9.850707231328443,9.947875667895156,10.066959602132316,9.644273824728206,0.1640207888523112,10.113547852241405,9.558904795004082,9.691668198106498,104.20502256238441,101.51650917039034,105.31439391637277,1.7134569999999485,Intel i9-9980HK macOS x86-64,C++20 -O2 -DNDEBUG -march=x86-64 -fno-fast-math -ffp-contract=off -fno-lto,ns/op,9.596467221619026
gcc-O2,matrix_determinant,Raw,throughput,30,2.0451667018720054,2.008111516864714,2.103611238539199,2.1227029927276293,2.132245907428442,2.051900919110157,0.03630043352423554,2.134029791032193,2.03116503658321,2.0591422283954826,488.95769706110457,475.3749418411136,497.98032042215124,1.6804449999998499,Intel i9-9980HK macOS x86-64,C++20 -O2 -DNDEBUG -march=x86-64 -fno-fast-math -ffp-contract=off -fno-lto,Mops/s,488.95769706110457
gcc-O2,matrix_determinant,Vectoris,latency,30,11.326227316022436,11.176053630173136,12.550338568380804,12.690953360208702,12.796300248566787,11.535335979093308,0.5385828682846281,12.83612682558988,11.2579665497273,11.502344866544046,88.29067044647908,79.68008153154918,89.47711192772805,1.7215949999999227,Intel i9-9980HK macOS x86-64,C++20 -O2 -DNDEBUG -march=x86-64 -fno-fast-math -ffp-contract=off -fno-lto,ns/op,11.326227316022436
gcc-O2,matrix_determinant,Vectoris,throughput,30,2.181008787739397,2.0252304468826603,2.4022870020127605,2.410028534617399,2.4153279461764545,2.2055772781563623,0.1512983578325143,2.416410765045592,2.097930443469357,2.31614333798838,458.5708146378048,416.27015806064884,493.7719092682409,1.7702299999999553,Intel i9-9980HK macOS x86-64,C++20 -O2 -DNDEBUG -march=x86-64 -fno-fast-math -ffp-contract=off -fno-lto,Mops/s,458.5708146378048
gcc-O2,matrix_inverse_checked,Eigen,latency,30,63.0755318155322,61.68301044135563,64.25005572430089,66.45002461640188,68.33807815440382,63.142126866069916,1.659713212314773,68.99086513129717,62.12652614060174,63.38225862555736,15.854010563157413,15.565580551793706,16.2119206107888,1.718777000000074,Intel i9-9980HK macOS x86-64,C++20 -O2 -DNDEBUG -march=x86-64 -fno-fast-math -ffp-contract=off -fno-lto,ns/op,63.0755318155322
gcc-O2,matrix_inverse_checked,Eigen,throughput,30,60.314915883301396,59.03437025050931,70.21624687842075,70.33916506146278,70.49089275629082,61.816391882195866,3.6431638911440225,70.54690939383994,59.822497257157934,61.44623128005877,16.579647868460505,14.241721724430777,16.939294106743024,1.7151760000000067,Intel i9-9980HK macOS x86-64,C++20 -O2 -DNDEBUG -march=x86-64 -fno-fast-math -ffp-contract=off -fno-lto,Mops/s,16.579647868460505
gcc-O2,matrix_inverse_checked,GLM,latency,30,54.09461261809788,52.253432811016026,62.80595948574604,63.452561526520476,63.76994031031599,56.56974110949263,4.491679425244393,63.80249281644221,53.300827977010286,59.379329639626434,18.48613365291014,15.92211252318424,19.137498796900328,1.7316459999999836,Intel i9-9980HK macOS x86-64,C++20 -O2 -DNDEBUG -march=x86-64 -fno-fast-math -ffp-contract=off -fno-lto,ns/op,54.09461261809788
gcc-O2,matrix_inverse_checked,GLM,throughput,30,50.659623841090564,46.80235088915004,55.36120035586453,55.53911607491008,55.938055736162845,50.77980106610335,3.5185577373970025,56.065366354115895,47.56005258623051,53.180125904050165,19.73961380994044,18.063195479025914,21.366461262477564,1.54020300000019,Intel i9-9980HK macOS x86-64,C++20 -O2 -DNDEBUG -march=x86-64 -fno-fast-math -ffp-contract=off -fno-lto,Mops/s,19.73961380994044
gcc-O2,matrix_inverse_checked,Raw,latency,30,43.76383814290211,43.04509694762793,48.320269503277984,49.47516706248544,50.46068845392308,44.75354029397548,2.150857430898402,50.839059986153295,43.478302061767394,44.839392896280835,22.849973167107436,20.69638057176013,23.23146217283766,1.498556000000093,Intel i9-9980HK macOS x86-64,C++20 -O2 -DNDEBUG -march=x86-64 -fno-fast-math -ffp-contract=off -fno-lto,ns/op,43.76383814290211
gcc-O2,matrix_inverse_checked,Raw,throughput,30,43.68351350373256,41.44072615931075,48.944590091902924,49.015384590038444,49.101645370308695,44.78132077222405,3.0661689693532974,49.11576721860967,42.1724369198531,47.13899075229108,22.893905456771485,20.431267292595017,24.13086265571414,1.8084129999998029,Intel i9-9980HK macOS x86-64,C++20 -O2 -DNDEBUG -march=x86-64 -fno-fast-math -ffp-contract=off -fno-lto,Mops/s,22.893905456771485
gcc-O2,matrix_inverse_checked,Vectoris,latency,30,52.04209200030134,49.75458616774735,58.84162574099778,59.03309375864189,59.38227935220238,53.350250674655896,3.7305326832508405,59.46117936273661,50.51522947999492,54.56578149745293,19.215754341793378,16.994771769584695,20.09865417161485,1.753499999999974,Intel i9-9980HK macOS x86-64,C++20 -O2 -DNDEBUG -march=x86-64 -fno-fast-math -ffp-contract=off -fno-lto,ns/op,52.04209200030134
gcc-O2,matrix_inverse_checked,Vectoris,throughput,30,52.28334165725127,51.1793700783545,53.9529556375986,54.829412006270005,56.0866357614581,52.56910754210542,1.3289227524480345,56.44148408211385,51.80338737187847,53.060431377117254,19.126585631629766,18.534779165800487,19.53913618859874,1.7103439999999352,Intel i9-9980HK macOS x86-64,C++20 -O2 -DNDEBUG -march=x86-64 -fno-fast-math -ffp-contract=off -fno-lto,Mops/s,19.126585631629766
gcc-O2,matrix_inverse_minimal,Eigen,latency,30,24.59393731959647,23.56833312631865,28.049029908031564,28.073069901779927,28.153125405339082,25.480164608846533,1.8325387055151887,28.17787952685895,24.206063073621507,26.95100405903453,40.660447770778624,35.65185688378235,42.429814531004624,1.835779000000116,Intel i9-9980HK macOS x86-64,C++20 -O2 -DNDEBUG -march=x86-64 -fno-fast-math -ffp-contract=off -fno-lto,ns/op,24.59393731959647
gcc-O2,matrix_inverse_minimal,Eigen,throughput,30,23.86550104484583,23.38236277039269,25.08530778584376,25.4595295548685,26.479540183779456,24.153151434262366,0.8240101631184382,26.845186957494214,23.754085388012193,24.144301726030474,41.90149146224394,39.864314923538224,42.76730379249909,1.4796720000002779,Intel i9-9980HK macOS x86-64,C++20 -O2 -DNDEBUG -march=x86-64 -fno-fast-math -ffp-contract=off -fno-lto,Mops/s,41.90149146224394
gcc-O2,matrix_inverse_minimal,GLM,latency,30,16.071937182757768,15.784649546637624,16.442453593920508,16.58599317622658,16.867680572736905,16.106960396101233,0.2927107496949446,16.95616908392626,15.960717633241467,16.197853973587847,62.22028126835443,60.818275940176925,63.35269369061953,1.6537580000000391,Intel i9-9980HK macOS x86-64,C++20 -O2 -DNDEBUG -march=x86-64 -fno-fast-math -ffp-contract=off -fno-lto,ns/op,16.071937182757768
gcc-O2,matrix_inverse_minimal,GLM,throughput,30,13.534477944671814,13.240226008383452,13.879829728544681,14.0350989921673,14.163332277127795,13.537102258549702,0.2655144804228763,14.18002944941817,13.395735916637136,13.575981716227368,73.88537694016632,72.04709079329454,75.52741546464719,1.6251349999999862,Intel i9-9980HK macOS x86-64,C++20 -O2 -DNDEBUG -march=x86-64 -fno-fast-math -ffp-contract=off -fno-lto,Mops/s,73.88537694016632
gcc-O2,matrix_inverse_minimal,Raw,latency,30,14.054105134153966,13.788231373545294,14.444695810736988,14.472350186354964,14.612050154174653,14.087377163354143,0.2556561146879735,14.66145004334713,13.925439381109026,14.201607653573678,71.1536197109007,69.22956530333282,72.52562155459009,1.6040819999998917,Intel i9-9980HK macOS x86-64,C++20 -O2 -DNDEBUG -march=x86-64 -fno-fast-math -ffp-contract=off -fno-lto,ns/op,14.054105134153966
gcc-O2,matrix_inverse_minimal,Raw,throughput,30,7.64432999732216,7.477218091059318,7.988259976839351,8.057726542508727,8.289673368121782,7.6923893434308654,0.22546531412839171,8.366488331373773,7.596920980660119,7.710192112033382,130.8159471997395,125.18376199410103,133.73979529100643,1.6881059999998345,Intel i9-9980HK macOS x86-64,C++20 -O2 -DNDEBUG -march=x86-64 -fno-fast-math -ffp-contract=off -fno-lto,Mops/s,130.8159471997395
gcc-O2,matrix_matrix,Eigen,latency,30,14.13904171097315,13.8080467313532,16.52997479897455,16.61866394891022,16.68848110604076,14.542381106053847,1.011970589031226,16.69482652443818,13.966346770001987,14.283805776575768,70.72631563029357,60.4961722536522,72.42155819308327,1.6540980000000758,Intel i9-9980HK macOS x86-64,C++20 -O2 -DNDEBUG -march=x86-64 -fno-fast-math -ffp-contract=off -fno-lto,ns/op,14.13904171097315
gcc-O2,matrix_matrix,Eigen,throughput,30,13.01039514338849,12.588761267086198,15.052043120272062,15.10891767027972,15.124521952189237,13.478153164559734,0.9845633492085292,15.12636113840483,12.785137015148443,13.468213452069053,76.86171866684018,66.43622459782908,79.4360032371575,1.6494610000000307,Intel i9-9980HK macOS x86-64,C++20 -O2 -DNDEBUG -march=x86-64 -fno-fast-math -ffp-contract=off -fno-lto,Mops/s,76.86171866684018
gcc-O2,matrix_matrix,GLM,latency,30,12.229919939835408,12.13528319559671,12.443639885821563,12.532572954127463,12.602820451736807,12.261576626434383,0.14631487022374706,12.620421503154382,12.189449461236775,12.291259952265793,81.76668407942893,80.3625169198779,82.40435762946234,1.757576000000029,Intel i9-9980HK macOS x86-64,C++20 -O2 -DNDEBUG -march=x86-64 -fno-fast-math -ffp-contract=off -fno-lto,ns/op,12.229919939835408
gcc-O2,matrix_matrix,GLM,throughput,30,14.17413906621227,13.5988603053299,15.753057061697838,15.761238718396434,15.782825704916586,14.556786966459084,0.8947926828402166,15.790767525109052,13.883868855065504,15.308571410117814,70.55598920667181,63.479743006782265,73.5356474004986,1.8316050000001383,Intel i9-9980HK macOS x86-64,C++20 -O2 -DNDEBUG -march=x86-64 -fno-fast-math -ffp-contract=off -fno-lto,Mops/s,70.55598920667181
gcc-O2,matrix_matrix,Raw,latency,30,9.49988491718028,8.87236199686962,10.322578231215708,10.357324134124562,10.382436337672877,9.569607944323458,0.5943932995326501,10.390028235159345,9.062954992151173,10.04482263424277,105.2810512086865,96.87509488364734,112.70957028651553,1.7426469999999483,Intel i9-9980HK macOS x86-64,C++20 -O2 -DNDEBUG -march=x86-64 -fno-fast-math -ffp-contract=off -fno-lto,ns/op,9.49988491718028
gcc-O2,matrix_matrix,Raw,throughput,30,8.293711838947571,8.115925925400553,9.48092506249033,9.561379682034943,9.701938907127209,8.585505256902847,0.5809385090589383,9.734225955738122,8.187363089344014,8.483124667506829,120.57327794378338,105.47494340172011,123.21453787288226,1.784420000000182,Intel i9-9980HK macOS x86-64,C++20 -O2 -DNDEBUG -march=x86-64 -fno-fast-math -ffp-contract=off -fno-lto,Mops/s,120.57327794378338
gcc-O2,matrix_matrix,Vectoris,latency,30,10.598397247847448,9.892933250203841,11.723838002980964,11.75116394331512,11.781433992976577,10.689789654909067,0.6844957302390235,11.787325966340536,10.220110279939098,10.940722443896188,94.35592669257146,85.29630407168358,101.08234706016947,1.8274009999999947,Intel i9-9980HK macOS x86-64,C++20 -O2 -DNDEBUG -march=x86-64 -fno-fast-math -ffp-contract=off -fno-lto,ns/op,10.598397247847448
gcc-O2,matrix_matrix,Vectoris,throughput,30,5.975375439860203,5.800310143141479,6.35674618557589,6.508230060360443,6.743944913434664,6.025875585136581,0.24590141885492342,6.833930101941555,5.89303693730132,6.036320083919147,167.35505141794948,157.3206604135695,172.40460241928594,1.4263789999999985,Intel i9-9980HK macOS x86-64,C++20 -O2 -DNDEBUG -march=x86-64 -fno-fast-math -ffp-contract=off -fno-lto,Mops/s,167.35505141794948
gcc-O2,matrix_transpose,Eigen,latency,30,7.838421575267359,7.704701222026049,9.061600965365617,9.069631081830048,9.075048337898478,8.130008495598895,0.5439986148876261,9.075835228659155,7.781200411433167,8.038575939139262,127.57697205159248,110.35577741535329,129.79148220727328,1.8153570000001766,Intel i9-9980HK macOS x86-64,C++20 -O2 -DNDEBUG -march=x86-64 -fno-fast-math -ffp-contract=off -fno-lto,ns/op,7.838421575267359
gcc-O2,matrix_transpose,Eigen,throughput,30,10.614632991469733,10.314524928974253,12.019931614815054,12.054510804665199,12.077824909266665,11.0393429521582,0.7235519060805671,12.080107144492661,10.496695040421677,11.64566069034624,94.21358557438677,83.19515952056169,96.95071843573524,1.808406000000048,Intel i9-9980HK macOS x86-64,C++20 -O2 -DNDEBUG -march=x86-64 -fno-fast-math -ffp-contract=off -fno-lto,Mops/s,94.21358557438677
gcc-O2,matrix_transpose,GLM,latency,30,9.480502278832214,9.336158388206883,9.85880173729632,9.96963982695474,10.107598435548667,9.557395966909855,0.24358988443779384,10.144103578954544,9.4180981263438,9.67879404496384,105.47970001671848,101.43251073111051,107.11108295675153,1.5873649999998634,Intel i9-9980HK macOS x86-64,C++20 -O2 -DNDEBUG -march=x86-64 -fno-fast-math -ffp-contract=off -fno-lto,ns/op,9.480502278832214
gcc-O2,matrix_transpose,GLM,throughput,30,9.613029372979092,9.455751385639575,10.393548220181717,10.636401784705415,10.947973980770412,9.758670610545202,0.40841067114217083,11.00269846525691,9.547814813235362,9.683561518831056,104.02557647836662,96.2135992263767,105.75574563313694,1.7598339999998416,Intel i9-9980HK macOS x86-64,C++20 -O2 -DNDEBUG -march=x86-64 -fno-fast-math -ffp-contract=off -fno-lto,Mops/s,104.02557647836662
gcc-O2,matrix_transpose,Raw,latency,30,5.737068054594086,5.65130586492696,5.871623520559475,5.912551272358993,6.017261600624946,5.752755643289441,0.09391552435705805,6.053704012188155,5.7112170766981265,5.763286469589897,174.3052161894684,170.31091157058876,176.95025471427073,1.7302360000001331,Intel i9-9980HK macOS x86-64,C++20 -O2 -DNDEBUG -march=x86-64 -fno-fast-math -ffp-contract=off -fno-lto,ns/op,5.737068054594086
gcc-O2,matrix_transpose,Raw,throughput,30,6.513259495696936,6.126171087083529,7.2399981007342324,7.250412924449997,7.266689295929407,6.626526622847243,0.4460910492934731,7.27301638931078,6.265628847968815,6.93111666395016,153.53312990841005,138.12160933406386,163.23416567955033,1.8127949999999657,Intel i9-9980HK macOS x86-64,C++20 -O2 -DNDEBUG -march=x86-64 -fno-fast-math -ffp-contract=off -fno-lto,Mops/s,153.53312990841005
gcc-O2,matrix_transpose,Vectoris,latency,30,6.721530541457451,6.430930438169111,7.560440675207202,7.571091047499383,7.58808679663304,6.918306260025599,0.4711999247149195,7.5934151084466395,6.547729838070062,7.24414214904721,148.8062080296399,132.26743106655883,155.4986987501776,1.8148299999999935,Intel i9-9980HK macOS x86-64,C++20 -O2 -DNDEBUG -march=x86-64 -fno-fast-math -ffp-contract=off -fno-lto,ns/op,6.721530541457451
gcc-O2,matrix_transpose,Vectoris,throughput,30,3.846477946513751,3.762908590834197,3.918689924698542,3.953653732139336,4.146022897877449,3.857403045574317,0.09130412825710364,4.221851355032168,3.8141778871137504,3.885503828756396,259.9781054714442,255.18863846052076,265.75187274725334,1.7070280000000368,Intel i9-9980HK macOS x86-64,C++20 -O2 -DNDEBUG -march=x86-64 -fno-fast-math -ffp-contract=off -fno-lto,Mops/s,259.9781054714442
gcc-O2,matrix_vector,Eigen,latency,30,9.547394584290092,8.920426163152696,10.413431820436735,10.454367478422132,10.470190475492899,9.618728543570082,0.5727166801961496,10.475494429953665,9.18499702839182,9.938498539991663,104.7407676815599,96.02995929395414,112.10436135516491,1.8601079999999541,Intel i9-9980HK macOS x86-64,C++20 -O2 -DNDEBUG -march=x86-64 -fno-fast-math -ffp-contract=off -fno-lto,ns/op,9.547394584290092
gcc-O2,matrix_vector,Eigen,throughput,30,2.653967001627642,2.5780288113922594,3.0414901866903716,3.047523916666408,3.054551897750147,2.745942157385284,0.19594350176774136,3.057395514604912,2.610214817799383,2.7247823289249116,376.80070657274257,328.78633943839117,387.89326048114606,1.6002870000003215,Intel i9-9980HK macOS x86-64,C++20 -O2 -DNDEBUG -march=x86-64 -fno-fast-math -ffp-contract=off -fno-lto,Mops/s,376.80070657274257
gcc-O2,matrix_vector,GLM,latency,30,8.50627239812546,8.328244279737016,8.655142262971639,8.74876617975552,8.987946651362115,8.491653750633928,0.1674034256175064,9.064941320750204,8.396049778773756,8.53332064710402,117.56031822303626,115.53842259084196,120.07334997971007,1.5058340000004478,Intel i9-9980HK macOS x86-64,C++20 -O2 -DNDEBUG -march=x86-64 -fno-fast-math -ffp-contract=off -fno-lto,ns/op,8.50627239812546
gcc-O2,matrix_vector,GLM,throughput,30,2.2308165112738845,2.1251865341992233,2.715011862405407,4.170309536083451,5.232501125604217,2.474944175209616,0.7656255915432082,5.5251704738221585,2.1960017163517964,2.2610039366782115,448.2673471960627,372.8021831654535,470.54719268542567,1.8217310000001703,Intel i9-9980HK macOS x86-64,C++20 -O2 -DNDEBUG -march=x86-64 -fno-fast-math -ffp-contract=off -fno-lto,Mops/s,448.2673471960627
gcc-O2,matrix_vector,Raw,latency,30,7.74222835709022,7.5871047519136745,8.165834348312467,8.397131297822385,8.751110399159636,7.834140366611967,0.29481296385365935,8.843149529748274,7.675649680043133,7.830685770275128,129.1618329422319,122.46257097549922,131.8025825002013,1.6595939999998566,Intel i9-9980HK macOS x86-64,C++20 -O2 -DNDEBUG -march=x86-64 -fno-fast-math -ffp-contract=off -fno-lto,ns/op,7.74222835709022
gcc-O2,matrix_vector,Raw,throughput,30,2.1384574342737865,2.1091137729293945,2.201726344305038,2.2141761183347963,2.2423769825132505,2.1458117088590285,0.03901367640498788,2.2502916988815724,2.1236921917419442,2.1530948964315844,467.6268676789963,454.1890803676412,474.1339099838015,1.737429999999975,Intel i9-9980HK macOS x86-64,C++20 -O2 -DNDEBUG -march=x86-64 -fno-fast-math -ffp-contract=off -fno-lto,Mops/s,467.6268676789963
gcc-O2,matrix_vector,Vectoris,latency,30,9.978094069716555,9.78535259087945,11.600554755927003,11.618401749932985,11.679747303975214,10.36964354892619,0.7730371892709758,11.703094399345686,9.877124771425537,10.052112265678824,100.21954678362238,86.20278553401879,102.19356727746016,1.7096499999999966,Intel i9-9980HK macOS x86-64,C++20 -O2 -DNDEBUG -march=x86-64 -fno-fast-math -ffp-contract=off -fno-lto,ns/op,9.978094069716555
gcc-O2,matrix_vector,Vectoris,throughput,30,3.216706513038046,3.096064268868612,3.4541294890030256,3.5163569085590756,3.5912955967359856,3.2583233882384106,0.1538061432630251,3.612063121575508,3.164164744864336,3.345470533137055,310.8769856671113,289.5114169618829,322.9917843882063,1.5682400000000314,Intel i9-9980HK macOS x86-64,C++20 -O2 -DNDEBUG -march=x86-64 -fno-fast-math -ffp-contract=off -fno-lto,Mops/s,310.8769856671113
gcc-O2,quaternion_conjugate,Eigen,latency,30,5.461137436710173,4.961526312280282,5.756675620279347,5.789650054024661,5.811929120352847,5.37996648053269,0.3371708234112134,5.818391572994972,5.127702086046962,5.65417915559968,183.11229063486007,173.71173350364174,201.55105132226112,1.3861069999999245,Intel i9-9980HK macOS x86-64,C++20 -O2 -DNDEBUG -march=x86-64 -fno-fast-math -ffp-contract=off -fno-lto,ns/op,5.461137436710173
gcc-O2,quaternion_conjugate,Eigen,throughput,30,0.9488045146648028,0.9252311993669163,0.9914185459312147,1.0088751221402605,1.0174482854609082,0.9552122623198797,0.026435835222358914,1.0192001740160912,0.9438591448936533,0.9549659589698414,1053.9587040969013,1008.6725766203077,1080.8109787436783,1.4702420000000629,Intel i9-9980HK macOS x86-64,C++20 -O2 -DNDEBUG -march=x86-64 -fno-fast-math -ffp-contract=off -fno-lto,Mops/s,1053.9587040969013
gcc-O2,quaternion_conjugate,GLM,latency,30,5.167914738116442,5.074040386327381,5.297002232712583,5.319991054900521,5.474040789686549,5.1784093136703575,0.10427952773166582,5.531848958509172,5.123998145256932,5.208314897549212,193.50168678023402,188.78606989085876,197.0819427718831,1.6657379999999904,Intel i9-9980HK macOS x86-64,C++20 -O2 -DNDEBUG -march=x86-64 -fno-fast-math -ffp-contract=off -fno-lto,ns/op,5.167914738116442
gcc-O2,quaternion_conjugate,GLM,throughput,30,1.0179696282689117,0.98974617025055,1.137852564788009,1.1573001986915483,1.1610996177670154,1.0439817971423477,0.058185485408628675,1.161933714268546,1.0048552577916379,1.0502790468854422,982.3794044568403,878.8707547830005,1010.3604844215471,1.517855999999938,Intel i9-9980HK macOS x86-64,C++20 -O2 -DNDEBUG -march=x86-64 -fno-fast-math -ffp-contract=off -fno-lto,Mops/s,982.3794044568403
gcc-O2,quaternion_conjugate,Raw,latency,30,4.407333170247931,4.314262367418585,5.115518918622685,5.14237386163993,5.193058576860168,4.566530912336362,0.3269155483042908,5.209752240682014,4.357509580383236,4.506605947648826,226.89592205862246,195.483772241601,231.79048510861094,1.7390819999999394,Intel i9-9980HK macOS x86-64,C++20 -O2 -DNDEBUG -march=x86-64 -fno-fast-math -ffp-contract=off -fno-lto,ns/op,4.407333170247931
gcc-O2,quaternion_conjugate,Raw,throughput,30,1.0839517027625658,0.9972351229126855,1.1677114961597272,1.16874626051096,1.1701046521265979,1.0864206453289376,0.06504551563604374,1.1703683894928607,1.0509057878543822,1.1342924893675619,922.5509196104096,856.3759160306919,1002.7727328603811,1.7455080000000003,Intel i9-9980HK macOS x86-64,C++20 -O2 -DNDEBUG -march=x86-64 -fno-fast-math -ffp-contract=off -fno-lto,Mops/s,922.5509196104096
gcc-O2,quaternion_conjugate,Vectoris,latency,30,5.6103619604428,5.22178189787036,6.026234944923175,6.105165441895689,6.130033572151276,5.6356842398769045,0.3068890249388751,6.137499661526752,5.499741421873621,5.822468021427824,178.24283145749186,165.9436149595476,191.5058021612682,1.8244890000004261,Intel i9-9980HK macOS x86-64,C++20 -O2 -DNDEBUG -march=x86-64 -fno-fast-math -ffp-contract=off -fno-lto,ns/op,5.6103619604428
gcc-O2,quaternion_conjugate,Vectoris,throughput,30,1.0007980882040866,0.9833941069322119,1.0552105059544385,1.0814911837089891,1.1175625103215734,1.013487402505373,0.0379519325326364,1.1321809836223837,0.9900593143021399,1.0180919176957595,999.2026012591166,947.74046803854,1016.8886037784473,1.4105520000000098,Intel i9-9980HK macOS x86-64,C++20 -O2 -DNDEBUG -march=x86-64 -fno-fast-math -ffp-contract=off -fno-lto,Mops/s,999.2026012591166
gcc-O2,quaternion_multiply,Eigen,latency,30,9.625729147882272,9.501639526778774,10.31584111066486,10.552795864410218,10.898628156233439,9.780701785189244,0.3799581149727972,11.014964677018071,9.566905625463008,9.770306961828398,103.88829456394711,96.9409225615497,105.24506787248013,1.7440699999999654,Intel i9-9980HK macOS x86-64,C++20 -O2 -DNDEBUG -march=x86-64 -fno-fast-math -ffp-contract=off -fno-lto,ns/op,9.625729147882272
gcc-O2,quaternion_multiply,Eigen,throughput,30,3.7622339347545433,3.655261016705577,3.958333798533271,4.081343536304939,4.162464891518095,3.798265321197489,0.140348341381382,4.167496755162004,3.7297071043892567,3.8162105982999357,265.79952924245606,252.6342392851719,273.57854602527647,1.5011130000000321,Intel i9-9980HK macOS x86-64,C++20 -O2 -DNDEBUG -march=x86-64 -fno-fast-math -ffp-contract=off -fno-lto,Mops/s,265.79952924245606
gcc-O2,quaternion_multiply,GLM,latency,30,9.935688763208528,9.786645457967794,10.334144226444485,10.679256026485803,11.356065486854975,10.063394603171407,0.3816034688089196,11.629221378681617,9.870384411104592,10.056567421755162,100.64738526764751,96.77760107470262,102.1800703163096,1.777895000000017,Intel i9-9980HK macOS x86-64,C++20 -O2 -DNDEBUG -march=x86-64 -fno-fast-math -ffp-contract=off -fno-lto,ns/op,9.935688763208528
gcc-O2,quaternion_multiply,GLM,throughput,30,4.355247883620606,4.1799369119066885,4.9182062722281925,4.92552159554504,4.931405587336193,4.465426590254906,0.28718646616124843,4.932519587485128,4.272720848599217,4.593382117106942,229.61678167759123,203.32617208765646,239.23818094096472,1.5254880000000313,Intel i9-9980HK macOS x86-64,C++20 -O2 -DNDEBUG -march=x86-64 -fno-fast-math -ffp-contract=off -fno-lto,Mops/s,229.61678167759123
gcc-O2,quaternion_multiply,Raw,latency,30,10.324181302315605,9.7304988642041,11.566440197260777,11.607708701339385,11.72668869420361,10.635102056519631,0.7702313641970865,11.774727819888087,9.98506228180024,11.289824121839892,96.8613454217653,86.4571364449095,102.76969371460878,1.5474610000000555,Intel i9-9980HK macOS x86-64,C++20 -O2 -DNDEBUG -march=x86-64 -fno-fast-math -ffp-contract=off -fno-lto,ns/op,10.324181302315605
gcc-O2,quaternion_multiply,Raw,throughput,30,3.925772983344424,3.838742303895501,4.517856528091076,4.535592201397072,4.545537501972491,4.017066176011747,0.2406807488694126,4.547278183193571,3.9009520019695247,3.974535728770316,254.72733549459258,221.34404359673297,260.50287454328094,1.694332999999986,Intel i9-9980HK macOS x86-64,C++20 -O2 -DNDEBUG -march=x86-64 -fno-fast-math -ffp-contract=off -fno-lto,Mops/s,254.72733549459258
gcc-O2,quaternion_multiply,Vectoris,latency,30,10.573520212128013,10.34165050153131,12.114876073886482,12.224369813436125,12.264970278184284,10.95987736530469,0.7177165886603631,12.26598611324108,10.43834566043742,11.183256514232646,94.5759830119868,82.54339345491029,96.6963644346291,1.495841999999982,Intel i9-9980HK macOS x86-64,C++20 -O2 -DNDEBUG -march=x86-64 -fno-fast-math -ffp-contract=off -fno-lto,ns/op,10.573520212128013
gcc-O2,quaternion_multiply,Vectoris,throughput,30,4.5525429542138305,4.457916915423703,5.256940281291522,5.628572896818758,6.150402641922744,4.795792029384841,0.4570724604131033,6.263142070827932,4.530101066515573,4.676149175401987,219.6579003053912,190.2285519493165,224.32006403208948,1.7627510000001791,Intel i9-9980HK macOS x86-64,C++20 -O2 -DNDEBUG -march=x86-64 -fno-fast-math -ffp-contract=off -fno-lto,Mops/s,219.6579003053912
gcc-O2,quaternion_normalize_checked,Eigen,latency,30,33.09156701485516,31.463588361851077,36.58593616675203,36.675586090679694,36.767629110683416,34.034305658383666,2.1784203758224767,36.781297532820034,32.55613631601007,36.18288323853835,30.219712146613244,27.332907991895524,31.78277611064719,1.7301269999998683,Intel i9-9980HK macOS x86-64,C++20 -O2 -DNDEBUG -march=x86-64 -fno-fast-math -ffp-contract=off -fno-lto,ns/op,33.09156701485516
gcc-O2,quaternion_normalize_checked,Eigen,throughput,30,12.624187801991472,12.38387145262372,12.902743750484191,12.96969612819089,13.130830561741536,12.640015977668595,0.21813313614142543,13.178078068841515,12.56156736623469,12.686031594769181,79.21301677129016,77.50290216302399,80.75026555063857,1.5671549999999854,Intel i9-9980HK macOS x86-64,C++20 -O2 -DNDEBUG -march=x86-64 -fno-fast-math -ffp-contract=off -fno-lto,Mops/s,79.21301677129016
gcc-O2,quaternion_normalize_checked,GLM,latency,30,28.96849645505925,28.383845874568916,32.26050869158105,33.04561476827715,33.74435326811554,29.624208108905176,1.5963986700701078,33.81414033816396,28.610052239553458,29.44664774459642,34.52037422848793,30.99771586487841,35.231307509792735,1.716614000000064,Intel i9-9980HK macOS x86-64,C++20 -O2 -DNDEBUG -march=x86-64 -fno-fast-math -ffp-contract=off -fno-lto,ns/op,28.96849645505925
gcc-O2,quaternion_normalize_checked,GLM,throughput,30,11.075044900939293,10.930090269197448,11.501746034148688,11.693950765479753,11.834167956660622,11.153155121111826,0.2494835325916516,11.881031326408129,11.043093649731151,11.170737517129679,90.29318951262266,86.94519221788657,91.49057977095187,1.7270570000001442,Intel i9-9980HK macOS x86-64,C++20 -O2 -DNDEBUG -march=x86-64 -fno-fast-math -ffp-contract=off -fno-lto,Mops/s,90.29318951262266
gcc-O2,quaternion_normalize_checked,Raw,latency,30,40.13262488953622,39.528800698400154,41.49101522183357,42.68867808463467,43.90027100401519,40.475124210901676,1.1119331848032281,44.16665486109473,39.87825534229025,40.544035142871685,24.917389011944227,24.102009968542195,25.298010120943182,1.6847130000000128,Intel i9-9980HK macOS x86-64,C++20 -O2 -DNDEBUG -march=x86-64 -fno-fast-math -ffp-contract=off -fno-lto,ns/op,40.13262488953622
gcc-O2,quaternion_normalize_checked,Raw,throughput,30,20.36402859422518,20.122245668259215,20.715491116285044,20.850780976746638,21.29853005000833,20.409231577768633,0.30000309272657016,21.46217959560691,20.285698514438685,20.42395635057969,49.10619725318068,48.273128249813126,49.696250708266696,1.6648209999997903,Intel i9-9980HK macOS x86-64,C++20 -O2 -DNDEBUG -march=x86-64 -fno-fast-math -ffp-contract=off -fno-lto,Mops/s,49.10619725318068
gcc-O2,quaternion_normalize_checked,Vectoris,latency,30,32.25633609838439,28.203797664986144,33.36430089803925,33.48201834449774,33.64157912256193,31.18181392019657,2.1578899937126743,33.66804889311641,29.316730916657395,32.837856672733736,31.001826868963914,29.972155071322153,35.45628900822438,1.7835539999997538,Intel i9-9980HK macOS x86-64,C++20 -O2 -DNDEBUG -march=x86-64 -fno-fast-math -ffp-contract=off -fno-lto,ns/op,32.25633609838439
gcc-O2,quaternion_normalize_checked,Vectoris,throughput,30,14.571179195646543,13.978398157669874,16.449323769010913,16.55169412821552,16.62651021930712,14.995830786535452,1.055692768444904,16.64605521561913,14.108035637761432,15.75352569729163,68.62864501672873,60.79289247531123,71.53896994763811,1.8028320000000664,Intel i9-9980HK macOS x86-64,C++20 -O2 -DNDEBUG -march=x86-64 -fno-fast-math -ffp-contract=off -fno-lto,Mops/s,68.62864501672873
gcc-O2,quaternion_normalize_minimal,Eigen,latency,30,21.27500906326578,19.72839083402284,23.44574187469218,24.55630642607129,28.02006698716883,21.68479614779276,2.1159823984986366,29.136017531034422,20.07743024648007,22.404924232304662,47.00412604575843,42.65206842948239,50.688371312935274,1.8246329999997783,Intel i9-9980HK macOS x86-64,C++20 -O2 -DNDEBUG -march=x86-64 -fno-fast-math -ffp-contract=off -fno-lto,ns/op,21.27500906326578
gcc-O2,quaternion_normalize_minimal,Eigen,throughput,30,4.835855347278009,4.579928770895068,5.404851726239517,5.4279818277681455,5.731089614176406,4.949120637769691,0.3492083257967403,5.8495121645126025,4.707020279705567,5.084709625690692,206.7935238180708,185.0189863023759,218.34416014694983,1.7983720000000005,Intel i9-9980HK macOS x86-64,C++20 -O2 -DNDEBUG -march=x86-64 -fno-fast-math -ffp-contract=off -fno-lto,Mops/s,206.7935238180708
gcc-O2,quaternion_normalize_minimal,GLM,latency,30,18.887845723689743,18.098850428183653,21.517514651711743,21.594868768637358,21.689532249057784,19.305737913100828,1.2192582089995583,21.70432776608577,18.497457426434128,19.52511971730887,52.9441706050395,46.473769141830736,55.25220385671514,1.4842950000000208,Intel i9-9980HK macOS x86-64,C++20 -O2 -DNDEBUG -march=x86-64 -fno-fast-math -ffp-contract=off -fno-lto,ns/op,18.887845723689743
gcc-O2,quaternion_normalize_minimal,GLM,throughput,30,4.288139318152201,4.142260293324417,4.854460194953932,4.873579952191272,4.889739145297969,4.460649328127602,0.30887142939273776,4.8903701025934225,4.214173858916433,4.76805247719217,233.20164670157288,205.99612877565988,241.41423310780326,1.7980029999998237,Intel i9-9980HK macOS x86-64,C++20 -O2 -DNDEBUG -march=x86-64 -fno-fast-math -ffp-contract=off -fno-lto,Mops/s,233.20164670157288
gcc-O2,quaternion_normalize_minimal,Raw,latency,30,18.950081407033053,18.06958971740864,21.345956274118205,21.46577856128282,21.48977696270644,19.44771059672633,1.3628410713329762,21.499352253900668,18.333843684994065,20.38236352362994,52.777118503691526,46.84744181036604,55.34160209421879,1.7967939999999487,Intel i9-9980HK macOS x86-64,C++20 -O2 -DNDEBUG -march=x86-64 -fno-fast-math -ffp-contract=off -fno-lto,ns/op,18.950081407033053
gcc-O2,quaternion_normalize_minimal,Raw,throughput,30,4.288367207022148,3.941636753459517,4.6332302768446345,4.6454034416116725,4.646050912960498,4.279628744336199,0.27404148234956144,4.646201476008246,4.039008673326837,4.442773883186022,233.1921085328297,215.83229480567957,253.70191638952107,1.821711000000107,Intel i9-9980HK macOS x86-64,C++20 -O2 -DNDEBUG -march=x86-64 -fno-fast-math -ffp-contract=off -fno-lto,Mops/s,233.1921085328297
gcc-O2,quaternion_rotate,Eigen,latency,30,15.21600960223741,13.61219273230228,16.09778365049411,16.16585966875703,16.21417414061555,14.98912341950764,1.0170929982799537,16.215647839993828,14.199029988176264,15.820543954955706,65.7204426805666,62.120357624665004,73.46375955488149,1.6821790000000902,Intel i9-9980HK macOS x86-64,C++20 -O2 -DNDEBUG -march=x86-64 -fno-fast-math -ffp-contract=off -fno-lto,ns/op,15.21600960223741
gcc-O2,quaternion_rotate,Eigen,throughput,30,4.438187017248958,4.366015121602098,5.1285128339770125,5.256694675976563,5.336357415436173,4.593582253917075,0.3173686467656396,5.339676193092257,4.409335350769455,4.5146448623206865,225.31746105498132,194.9896582681803,229.04210718578807,1.7614789999999232,Intel i9-9980HK macOS x86-64,C++20 -O2 -DNDEBUG -march=x86-64 -fno-fast-math -ffp-contract=off -fno-lto,Mops/s,225.31746105498132
gcc-O2,quaternion_rotate,GLM,latency,30,12.899231013877522,12.72344127174066,13.05754717133435,13.302619992896135,13.542669422336246,12.928866550741361,0.19681472732103497,13.593510914214516,12.833705071327405,12.95297967604167,77.52400558103582,76.5845959439793,78.59508914352831,1.750333999999981,Intel i9-9980HK macOS x86-64,C++20 -O2 -DNDEBUG -march=x86-64 -fno-fast-math -ffp-contract=off -fno-lto,ns/op,12.899231013877522
gcc-O2,quaternion_rotate,GLM,throughput,30,4.295998385352627,4.149536409954503,4.947604404821163,4.959115604086848,4.9704472349171205,4.46285588479029,0.33222187702233724,4.97194808201484,4.2074883978107955,4.686079445618658,232.77716389964178,202.11802302696725,240.990781164735,1.6228630000000237,Intel i9-9980HK macOS x86-64,C++20 -O2 -DNDEBUG -march=x86-64 -fno-fast-math -ffp-contract=off -fno-lto,Mops/s,232.77716389964178
gcc-O2,quaternion_rotate,Raw,latency,30,12.333319002119971,11.600209910595636,13.683374550113363,13.700918255770421,13.735998559230996,12.55737377692873,0.8801862311296214,13.747350309043938,11.850441894597797,13.298844750443276,81.10375728967043,73.08139089314014,86.20557434597563,1.7630600000000243,Intel i9-9980HK macOS x86-64,C++20 -O2 -DNDEBUG -march=x86-64 -fno-fast-math -ffp-contract=off -fno-lto,ns/op,12.333319002119971
gcc-O2,quaternion_rotate,Raw,throughput,30,8.107213314709202,7.274514744758462,8.584800943772382,8.596979500549242,8.620353426992859,7.9797386936466355,0.5338189961361139,8.625924560307775,7.5721416481760215,8.44726798277484,123.39540200001485,116.48493735251697,137.46622733708054,1.455645999999831,Intel i9-9980HK macOS x86-64,C++20 -O2 -DNDEBUG -march=x86-64 -fno-fast-math -ffp-contract=off -fno-lto,Mops/s,123.39540200001485
gcc-O2,quaternion_rotate,Vectoris,latency,30,29.57026966925337,29.189626883335738,30.507480571228708,30.95762136257517,31.452414506258858,29.7898101803384,0.6179639863322932,31.560895377229254,29.455977275643924,29.799518175366625,33.8177655658701,32.77895829707835,34.258745548317705,1.6003870000000688,Intel i9-9980HK macOS x86-64,C++20 -O2 -DNDEBUG -march=x86-64 -fno-fast-math -ffp-contract=off -fno-lto,ns/op,29.57026966925337
gcc-O2,quaternion_rotate,Vectoris,throughput,30,24.755751253993278,23.656313700730937,27.814841403469497,27.834285597657324,27.90224243469174,25.422237903477146,1.71028693036038,27.92958215015583,23.951765988061958,26.709738708280877,40.39484827906993,35.95203125607464,42.272042427526785,1.6767669999999555,Intel i9-9980HK macOS x86-64,C++20 -O2 -DNDEBUG -march=x86-64 -fno-fast-math -ffp-contract=off -fno-lto,Mops/s,40.39484827906993
gcc-O2,quaternion_to_matrix_checked,Eigen,latency,30,20.08354966298485,19.712942074684815,23.46922134812988,23.58479059483898,23.677032127408083,21.11332694526673,1.6562419477935078,23.689913368713878,19.90811655182778,22.353623960937096,49.79205566979533,42.609012457266886,50.72823703675748,1.6467900000001807,Intel i9-9980HK macOS x86-64,C++20 -O2 -DNDEBUG -march=x86-64 -fno-fast-math -ffp-contract=off -fno-lto,ns/op,20.08354966298485
gcc-O2,quaternion_to_matrix_checked,Eigen,throughput,30,21.938791821353128,20.559890472740932,24.226645414021736,24.289957988341772,24.333696493324222,22.293785928008102,1.5134002778389877,24.33500926488881,21.004826607720528,23.58553516878877,45.587606399871234,41.27686763287785,48.638445014067266,1.6504439999999931,Intel i9-9980HK macOS x86-64,C++20 -O2 -DNDEBUG -march=x86-64 -fno-fast-math -ffp-contract=off -fno-lto,Mops/s,45.587606399871234
gcc-O2,quaternion_to_matrix_checked,GLM,latency,30,25.166361441632105,25.015715253068038,25.34472378089252,25.39008187336633,25.563025501212522,25.17838393922308,0.13878741433171204,25.621767209754573,25.128308089882097,25.193841436125766,39.73558197404208,39.45594456299138,39.97487267173146,1.6712679999998983,Intel i9-9980HK macOS x86-64,C++20 -O2 -DNDEBUG -march=x86-64 -fno-fast-math -ffp-contract=off -fno-lto,ns/op,25.166361441632105
gcc-O2,quaternion_to_matrix_checked,GLM,throughput,30,22.721951431656915,21.432495591505923,24.584430234041122,24.85110992523319,25.263177301448717,22.78096353904649,1.2487174272010886,25.342495805701198,21.759249485401764,23.131137626390228,44.010344754836595,40.67615114558267,46.65820188202187,1.5013379999999616,Intel i9-9980HK macOS x86-64,C++20 -O2 -DNDEBUG -march=x86-64 -fno-fast-math -ffp-contract=off -fno-lto,Mops/s,44.010344754836595
gcc-O2,quaternion_to_matrix_checked,Raw,latency,30,15.888767033359063,15.530812588736584,18.521141234742768,18.525921288977212,18.533840523079625,16.4673745552604,1.1862863763482814,18.535617970424223,15.697731416393689,16.17417124716191,62.93767504040308,53.992353245555634,64.38817644191695,1.7628199999999803,Intel i9-9980HK macOS x86-64,C++20 -O2 -DNDEBUG -march=x86-64 -fno-fast-math -ffp-contract=off -fno-lto,ns/op,15.888767033359063
gcc-O2,quaternion_to_matrix_checked,Raw,throughput,30,18.005861270379327,16.872039922294427,19.59445063495964,19.812307810000963,21.023900495829476,18.210392111389165,1.2285509519580453,21.481708601352686,17.322683673434057,19.047989138076453,55.541142842018985,51.03502578883119,59.27027568476862,1.76614300000017,Intel i9-9980HK macOS x86-64,C++20 -O2 -DNDEBUG -march=x86-64 -fno-fast-math -ffp-contract=off -fno-lto,Mops/s,55.541142842018985
gcc-O2,quaternion_to_matrix_checked,Vectoris,latency,30,42.8833477017064,42.041036787826755,48.577143916481276,48.660546550982296,48.74461055862836,44.33031611268082,2.636110306236573,48.75520993350547,42.49505204734127,44.33949991696677,23.319079005114013,20.585813133189898,23.786283048324837,1.8162760000000588,Intel i9-9980HK macOS x86-64,C++20 -O2 -DNDEBUG -march=x86-64 -fno-fast-math -ffp-contract=off -fno-lto,ns/op,42.8833477017064
gcc-O2,quaternion_to_matrix_checked,Vectoris,throughput,30,47.69828146931552,45.53298222435217,49.8690051628731,50.88687280575445,52.19496452086727,47.7323483458573,1.7806089465486148,52.50946601414047,46.77883743259388,48.26563861117107,20.965219019763353,20.052651060381425,21.962104446422092,1.6935309999999222,Intel i9-9980HK macOS x86-64,C++20 -O2 -DNDEBUG -march=x86-64 -fno-fast-math -ffp-contract=off -fno-lto,Mops/s,20.965219019763353
gcc-O2,rotation_matrix_compose,Eigen,latency,30,14.735232726604888,13.93261706127312,16.647288964323057,16.721795540170117,16.776418679507703,15.045459760410528,1.090139890197774,16.786257630071617,14.181237445353798,15.313828903707227,67.86462949127417,60.069874167805686,71.77413074864582,1.5235909999999535,Intel i9-9980HK macOS x86-64,C++20 -O2 -DNDEBUG -march=x86-64 -fno-fast-math -ffp-contract=off -fno-lto,ns/op,14.735232726604888
gcc-O2,rotation_matrix_compose,Eigen,throughput,30,12.69368235105421,12.552573012657176,13.18935330601658,13.360018857744445,13.47546745461768,12.77771762232965,0.2593993716676866,13.50889171064299,12.637667800632855,12.772581386549296,78.77941337880006,75.81953478127282,79.66494260250369,1.6948160000000598,Intel i9-9980HK macOS x86-64,C++20 -O2 -DNDEBUG -march=x86-64 -fno-fast-math -ffp-contract=off -fno-lto,Mops/s,78.77941337880006
gcc-O2,rotation_matrix_compose,GLM,latency,30,11.95981739723919,11.805638603534582,13.013151972705193,13.305181084132972,13.669539065971057,12.16344859150912,0.5145944327714088,13.741914633643463,11.927259028385198,12.109534008120779,83.61331943460596,76.84553425349344,84.70531906332145,1.6720059999999535,Intel i9-9980HK macOS x86-64,C++20 -O2 -DNDEBUG -march=x86-64 -fno-fast-math -ffp-contract=off -fno-lto,ns/op,11.95981739723919
gcc-O2,rotation_matrix_compose,GLM,throughput,30,13.288718592258281,13.07074133153922,13.742217337545629,13.868729572283776,14.315197667221337,13.366448105175236,0.32039248124716957,14.480936382845208,13.176489759374547,13.375673845453235,75.25180633967437,72.76871165391181,76.50675463885409,1.6151219999996442,Intel i9-9980HK macOS x86-64,C++20 -O2 -DNDEBUG -march=x86-64 -fno-fast-math -ffp-contract=off -fno-lto,Mops/s,75.25180633967437
gcc-O2,rotation_matrix_compose,Raw,latency,30,11.295888341857705,9.596047842480507,13.20500917896295,13.293204688316669,13.49343898222375,11.2817488664781,1.4381148182435064,13.570751895786808,10.102653639660048,12.103059768340984,88.59115116424786,75.72910664697301,104.2096692471543,1.7522050000000604,Intel i9-9980HK macOS x86-64,C++20 -O2 -DNDEBUG -march=x86-64 -fno-fast-math -ffp-contract=off -fno-lto,ns/op,11.295888341857705
gcc-O2,rotation_matrix_compose,Raw,throughput,30,8.439091110799701,7.996939373685255,9.544103792841247,9.585923678137261,9.647324617887428,8.656036620315342,0.6212859223673568,9.665828306565027,8.192571727958398,9.027752942623346,118.50650035020324,104.77679398575407,125.04846999554262,1.800992000000015,Intel i9-9980HK macOS x86-64,C++20 -O2 -DNDEBUG -march=x86-64 -fno-fast-math -ffp-contract=off -fno-lto,Mops/s,118.50650035020324
gcc-O2,rotation_matrix_compose,Vectoris,latency,30,10.465849224266975,9.885383769714698,11.766007465271025,11.793658367770476,11.906162449957659,10.68407677122952,0.7609874896682222,11.945874824035625,10.17296109709186,11.247876902926718,95.54901679882956,84.9906025991754,101.15953994539811,1.5349080000000583,Intel i9-9980HK macOS x86-64,C++20 -O2 -DNDEBUG -march=x86-64 -fno-fast-math -ffp-contract=off -fno-lto,ns/op,10.465849224266975
gcc-O2,rotation_matrix_compose,Vectoris,throughput,30,6.715917419357261,6.427893660302304,7.031298354225312,7.0868719070023225,7.369552781112928,6.742714992577495,0.25445908908086695,7.480962794300198,6.677405146575225,6.805203068901632,148.9000080174457,142.22184432963715,155.57257673266184,1.823262000000071,Intel i9-9980HK macOS x86-64,C++20 -O2 -DNDEBUG -march=x86-64 -fno-fast-math -ffp-contract=off -fno-lto,Mops/s,148.9000080174457
gcc-O2,rotation_matrix_vector,Eigen,latency,30,8.807544197354998,8.649464164461408,9.134565080915179,9.440089975084577,9.765817863600594,8.884588877360025,0.2784827088657392,9.845367499760219,8.730547768729075,8.876174688339233,113.53906506430084,109.47732826803205,115.6141022234427,1.4885600000000636,Intel i9-9980HK macOS x86-64,C++20 -O2 -DNDEBUG -march=x86-64 -fno-fast-math -ffp-contract=off -fno-lto,ns/op,8.807544197354998
gcc-O2,rotation_matrix_vector,Eigen,throughput,30,2.8409207733324338,2.7536834342003336,3.2138005992127217,3.2399867052398106,3.2431813120249298,2.9477243317894644,0.19941102260483295,3.2443725644640327,2.795505107156487,3.1024001384366904,352.00276963802463,311.16029280814934,363.1499675610867,1.7345780000000843,Intel i9-9980HK macOS x86-64,C++20 -O2 -DNDEBUG -march=x86-64 -fno-fast-math -ffp-contract=off -fno-lto,Mops/s,352.00276963802463
gcc-O2,rotation_matrix_vector,GLM,latency,30,8.668616275417456,8.544693399507347,8.832397105465326,8.861332793451144,8.876620193260354,8.682558499285452,0.11306280372097033,8.882757172637232,8.613859177249543,8.727969334220823,115.35868068041249,113.21967875214074,117.03170333630413,1.805678000000036,Intel i9-9980HK macOS x86-64,C++20 -O2 -DNDEBUG -march=x86-64 -fno-fast-math -ffp-contract=off -fno-lto,ns/op,8.668616275417456
gcc-O2,rotation_matrix_vector,GLM,throughput,30,1.9034765188442313,1.8725591080907664,2.022406859430511,2.0541517674332357,2.11058358714957,1.9266446507039232,0.0646853176584783,2.129462077154034,1.8904103014560247,1.9230265891378946,525.3548677718778,494.4652909463562,534.028569421568,1.533866000000005,Intel i9-9980HK macOS x86-64,C++20 -O2 -DNDEBUG -march=x86-64 -fno-fast-math -ffp-contract=off -fno-lto,Mops/s,525.3548677718778
gcc-O2,rotation_matrix_vector,Raw,latency,30,7.608926072400022,7.439083028288404,7.768928446729065,7.811087877114532,8.029824042268707,7.6161177184847295,0.16096727553209417,8.112156638882912,7.510653672353625,7.7030016668414305,131.42461424369935,128.71798612241966,134.42518815312934,1.6180279999999883,Intel i9-9980HK macOS x86-64,C++20 -O2 -DNDEBUG -march=x86-64 -fno-fast-math -ffp-contract=off -fno-lto,ns/op,7.608926072400022
gcc-O2,rotation_matrix_vector,Raw,throughput,30,2.0840456712592443,2.050247269143055,2.160944585082184,2.303375144412624,2.4178235963881334,2.1163836367203244,0.09114540547069946,2.4187215918327385,2.0728712152019373,2.129623411778699,479.83598938758087,462.760895346647,487.74762654200555,1.5688159999999414,Intel i9-9980HK macOS x86-64,C++20 -O2 -DNDEBUG -march=x86-64 -fno-fast-math -ffp-contract=off -fno-lto,Mops/s,479.83598938758087
gcc-O2,rotation_matrix_vector,Vectoris,latency,30,11.507302737455351,11.24324441904925,11.830817803315414,11.895979643700306,12.296553483540063,11.533250207425086,0.269820250772576,12.451016315264111,11.382637615416414,11.575382272185838,86.9013384835792,84.52510606325028,88.94229839424814,1.7645889999999442,Intel i9-9980HK macOS x86-64,C++20 -O2 -DNDEBUG -march=x86-64 -fno-fast-math -ffp-contract=off -fno-lto,ns/op,11.507302737455351
gcc-O2,rotation_matrix_vector,Vectoris,throughput,30,11.793577706208492,10.876721378417527,11.937990080649687,14.431129175147582,28.442853280702217,12.408274266900003,4.086755375591386,33.36535033305139,11.59337823826332,11.82182213083469,84.79196066936996,83.76681055585121,91.96390505076941,1.6909960000000697,Intel i9-9980HK macOS x86-64,C++20 -O2 -DNDEBUG -march=x86-64 -fno-fast-math -ffp-contract=off -fno-lto,Mops/s,84.79196066936996
gcc-O2,units_add,Raw,latency,30,5.02224787618451,4.845956769436619,5.249613838020723,5.385929500342487,5.530992840057721,5.046940511135289,0.1838150228527862,5.571334843341068,4.954057770066511,5.11729497940485,199.11402754527978,190.49501959326852,206.3577316136773,1.6960969999998952,Intel i9-9980HK macOS x86-64,C++20 -O2 -DNDEBUG -march=x86-64 -fno-fast-math -ffp-contract=off -fno-lto,ns/op,5.02224787618451
gcc-O2,units_add,Raw,throughput,30,0.789298213530502,0.7662280688333254,0.8845100853387486,0.8850714224368579,0.892351156287701,0.8133510859321363,0.049169681284291895,0.8951680792432848,0.7765324048547422,0.8395979470531231,1266.9693863541202,1130.5693601526739,1305.0945100393678,1.6834219999997233,Intel i9-9980HK macOS x86-64,C++20 -O2 -DNDEBUG -march=x86-64 -fno-fast-math -ffp-contract=off -fno-lto,Mops/s,1266.9693863541202
gcc-O2,units_add,Vectoris,latency,30,4.884276612816953,4.776862313009352,5.123273839447273,5.3011906945788345,5.5766149825655695,4.927217837246358,0.19368489831430216,5.634025944720181,4.839213485754282,4.909599024388911,204.73876994438154,195.1878337845473,209.34249198467347,1.4986409999999637,Intel i9-9980HK macOS x86-64,C++20 -O2 -DNDEBUG -march=x86-64 -fno-fast-math -ffp-contract=off -fno-lto,ns/op,4.884276612816953
gcc-O2,units_add,Vectoris,throughput,30,0.7912830995310836,0.7546565030930369,0.885642107600929,0.8883289781147322,0.8903559673165403,0.8121550933769739,0.054259087893619835,0.8906850364781633,0.7680390995675597,0.8498973211852188,1263.9586875877158,1129.1244998073894,1325.1065329641622,1.6281869999999952,Intel i9-9980HK macOS x86-64,C++20 -O2 -DNDEBUG -march=x86-64 -fno-fast-math -ffp-contract=off -fno-lto,Mops/s,1263.9586875877158
gcc-O2,vector_add,Eigen,latency,30,6.075286865234375,5.965070724487305,6.201026439666748,6.265150308609009,6.323384046554565,6.078524589538574,0.10841415293787207,6.330609321594238,6.027054786682129,6.108856201171875,164.60160220203693,161.26372332698008,167.64297070127202,1.819422999999631,Intel i9-9980HK macOS x86-64,C++20 -O2 -DNDEBUG -march=x86-64 -fno-fast-math -ffp-contract=off -fno-lto,ns/op,6.075286865234375
gcc-O2,vector_add,Eigen,throughput,30,2.025074100118969,1.989223194722623,2.1829333039356316,2.2264335894953393,2.2493225791159874,2.0479723062040787,0.07872801442778465,2.2578597359319255,2.004786464725989,2.0445014370490826,493.80924445154574,458.1169221439843,502.7097262454831,1.7058089999999737,Intel i9-9980HK macOS x86-64,C++20 -O2 -DNDEBUG -march=x86-64 -fno-fast-math -ffp-contract=off -fno-lto,Mops/s,493.80924445154574
gcc-O2,vector_add,GLM,latency,30,5.893095279060788,5.796735539114408,5.979278840692819,6.003094860312596,6.070297040325907,5.895755202762073,0.0785488856892915,6.0912930662899,5.843320217508219,5.9318501724912736,169.69011727794162,167.24425967357013,172.51091752826227,1.65440299999986,Intel i9-9980HK macOS x86-64,C++20 -O2 -DNDEBUG -march=x86-64 -fno-fast-math -ffp-contract=off -fno-lto,ns/op,5.893095279060788
gcc-O2,vector_add,GLM,throughput,30,0.7356386326225841,0.7077967284380777,0.823357531913589,0.8309293360771831,0.8342326116361467,0.7558210774502172,0.048408364907349816,0.8351394595808275,0.7201905190680309,0.786937423092142,1359.3698559069076,1214.546921364765,1412.8350156800254,1.512131999999923,Intel i9-9980HK macOS x86-64,C++20 -O2 -DNDEBUG -march=x86-64 -fno-fast-math -ffp-contract=off -fno-lto,Mops/s,1359.3698559069076
gcc-O2,vector_add,Raw,latency,30,5.736683974981763,5.667148338226562,6.130240317646916,6.1870919215642655,6.414907812219261,5.827205406659518,0.20917808894524534,6.505830642452915,5.7093291076008015,5.816228731059439,174.3168705684518,163.12696212070816,176.45558969344012,1.7149230000001694,Intel i9-9980HK macOS x86-64,C++20 -O2 -DNDEBUG -march=x86-64 -fno-fast-math -ffp-contract=off -fno-lto,ns/op,5.736683974981763
gcc-O2,vector_add,Raw,throughput,30,1.146512028741077,1.1241543736097195,1.2134196778790063,1.2408271424902446,1.3259532999409762,1.163268272800587,0.049096553124830834,1.3558232104020027,1.1385746588269012,1.162583834305229,872.2121961251287,824.1271864098065,889.5585085034554,1.5158179999999675,Intel i9-9980HK macOS x86-64,C++20 -O2 -DNDEBUG -march=x86-64 -fno-fast-math -ffp-contract=off -fno-lto,Mops/s,872.2121961251287
gcc-O2,vector_add,Vectoris,latency,30,5.848611917464721,5.771407131163915,6.145978170803694,6.523505188563554,6.811889222359808,5.946768084492053,0.2630676576399658,6.83669127349984,5.813270172648336,5.955720423785644,170.98157872500383,162.71268013330697,173.2682008651819,1.5658579999999065,Intel i9-9980HK macOS x86-64,C++20 -O2 -DNDEBUG -march=x86-64 -fno-fast-math -ffp-contract=off -fno-lto,ns/op,5.848611917464721
gcc-O2,vector_add,Vectoris,throughput,30,0.8320679101330708,0.8138316660273672,0.8637559455369707,0.8800003751530391,0.8870992600495575,0.8384166729686718,0.02231393151533867,0.8887402829671819,0.826998302572225,0.8462351495848521,1201.8261082072777,1157.760941236704,1228.7644848793232,1.7491170000000695,Intel i9-9980HK macOS x86-64,C++20 -O2 -DNDEBUG -march=x86-64 -fno-fast-math -ffp-contract=off -fno-lto,Mops/s,1201.8261082072777
gcc-O2,vector_cross,Eigen,latency,30,8.497932491230461,8.312781296690165,8.787543779522737,8.984815526242743,9.097876400137705,8.545612110576512,0.21699493889949967,9.129871752591248,8.439063831804805,8.56618890417958,117.67568956087956,113.80130628547755,120.29682481673191,1.6778339999999616,Intel i9-9980HK macOS x86-64,C++20 -O2 -DNDEBUG -march=x86-64 -fno-fast-math -ffp-contract=off -fno-lto,ns/op,8.497932491230461
gcc-O2,vector_cross,Eigen,throughput,30,1.7709885494153086,1.739561019459068,1.9197762486379149,1.940791070481824,1.9878842088457855,1.8006894464997425,0.07287638983817056,2.0006754527871786,1.7561274931359816,1.7992882027686918,564.6579342111268,520.8940839339996,574.8579823402777,1.6750470000000635,Intel i9-9980HK macOS x86-64,C++20 -O2 -DNDEBUG -march=x86-64 -fno-fast-math -ffp-contract=off -fno-lto,Mops/s,564.6579342111268
gcc-O2,vector_cross,GLM,latency,30,8.054188819807699,7.518113590654758,8.58795336590054,8.614236170413012,8.66458572743726,8.044280645414423,0.46196700200747604,8.676728318306226,7.660578706113231,8.42592360298932,124.16032663492696,116.44217884612412,133.01209549144818,1.770559000000091,Intel i9-9980HK macOS x86-64,C++20 -O2 -DNDEBUG -march=x86-64 -fno-fast-math -ffp-contract=off -fno-lto,ns/op,8.054188819807699
gcc-O2,vector_cross,GLM,throughput,30,1.4680299454995134,1.4470173165462812,1.696842072710455,1.7004989031449818,1.7045066176832666,1.5059753388549817,0.09106843514374832,1.7055218373823742,1.460291592369487,1.4841035837808452,681.1863374995418,589.3301094405633,691.0842852226953,1.727138,Intel i9-9980HK macOS x86-64,C++20 -O2 -DNDEBUG -march=x86-64 -fno-fast-math -ffp-contract=off -fno-lto,Mops/s,681.1863374995418
gcc-O2,vector_cross,Raw,latency,30,7.567664429335117,6.685833132518823,7.680009926487202,7.702992092896238,7.708127761042681,7.292580163002977,0.4166862549578558,7.708912209580764,7.065946668695707,7.5925974263476705,132.14122618076038,130.20825388077543,149.5702849454825,1.76611299999999,Intel i9-9980HK macOS x86-64,C++20 -O2 -DNDEBUG -march=x86-64 -fno-fast-math -ffp-contract=off -fno-lto,ns/op,7.567664429335117
gcc-O2,vector_cross,Raw,throughput,30,1.5402179480561564,1.4482301783800955,1.6979895427854594,1.701939686058787,1.7075492998487123,1.5617393697509891,0.10402780880672942,1.7086692915864599,1.4733231829225302,1.6536563353516753,649.2669981311199,588.9317822305015,690.4979981478036,1.8457010000000764,Intel i9-9980HK macOS x86-64,C++20 -O2 -DNDEBUG -march=x86-64 -fno-fast-math -ffp-contract=off -fno-lto,Mops/s,649.2669981311199
gcc-O2,vector_dot,Eigen,latency,30,7.792369487331909,7.530482614369235,8.821087724688825,8.844101785743918,8.873737436295563,8.03515371321677,0.5289340192775803,8.883380066624117,7.628824776882606,8.271587631049462,128.33622925569333,113.36474369722406,132.7936140562498,1.8089350000000763,Intel i9-9980HK macOS x86-64,C++20 -O2 -DNDEBUG -march=x86-64 -fno-fast-math -ffp-contract=off -fno-lto,ns/op,7.792369487331909
gcc-O2,vector_dot,Eigen,throughput,30,1.1404181188188383,1.0985362005662747,1.2762943367316513,1.2792539091328747,1.2815042519473363,1.171643088067911,0.07288891012001722,1.281626197291646,1.1197852122477285,1.210457552528508,876.8818153292709,783.5183418819314,910.3055372885742,1.769063999999986,Intel i9-9980HK macOS x86-64,C++20 -O2 -DNDEBUG -march=x86-64 -fno-fast-math -ffp-contract=off -fno-lto,Mops/s,876.8818153292709
gcc-O2,vector_dot,GLM,latency,30,7.118880048691011,7.010419876880921,7.400625190365105,7.576340958903502,7.696600216978887,7.169696399572646,0.18246746272843262,7.718179549084152,7.089881968032479,7.196161596179291,140.47160091771798,135.12607927219693,142.64490645857063,1.4612100000000794,Intel i9-9980HK macOS x86-64,C++20 -O2 -DNDEBUG -march=x86-64 -fno-fast-math -ffp-contract=off -fno-lto,ns/op,7.118880048691011
gcc-O2,vector_dot,GLM,throughput,30,0.9907997339745593,0.9745482387520634,1.009184066592287,1.0305301805909926,1.0481820912026376,0.9931521716409827,0.018914120412666366,1.0487713832890027,0.9818793129217231,0.995236761485812,1009.2859276469262,990.899767236123,1026.116691630353,1.7557249999999556,Intel i9-9980HK macOS x86-64,C++20 -O2 -DNDEBUG -march=x86-64 -fno-fast-math -ffp-contract=off -fno-lto,Mops/s,1009.2859276469262
gcc-O2,vector_dot,Raw,latency,30,7.221669813463741,7.058102852828949,8.345875156541133,8.350413154114005,8.369930257259659,7.515623124438364,0.549111321260664,8.376564200683701,7.111242730135642,7.592552705115077,138.47317866883566,119.81966920178355,141.68118989263243,1.803657000000044,Intel i9-9980HK macOS x86-64,C++20 -O2 -DNDEBUG -march=x86-64 -fno-fast-math -ffp-contract=off -fno-lto,ns/op,7.221669813463741
gcc-O2,vector_dot,Raw,throughput,30,0.9742113382296994,0.9489704892675991,1.0566784447721482,1.078903906950832,1.1103381372789298,0.9924635148575002,0.047001613154363416,1.1181674755473565,0.9656101926635285,0.9942961378383826,1026.4729989478285,946.3665893645531,1053.773555970122,1.525866000000022,Intel i9-9980HK macOS x86-64,C++20 -O2 -DNDEBUG -march=x86-64 -fno-fast-math -ffp-contract=off -fno-lto,Mops/s,1026.4729989478285
gcc-O2,vector_dot,Vectoris,latency,30,7.2692280488536145,7.040747370837357,8.228906385362942,8.268022112031327,8.319900734260775,7.4591340826479415,0.442342287646833,8.33162982984034,7.132439988143748,7.578171011745669,137.5739533864384,121.52285425877481,142.0303808455592,1.4665069999999503,Intel i9-9980HK macOS x86-64,C++20 -O2 -DNDEBUG -march=x86-64 -fno-fast-math -ffp-contract=off -fno-lto,ns/op,7.2692280488536145
gcc-O2,vector_dot,Vectoris,throughput,30,1.0889082577063802,1.0633992481418328,1.2495254846624926,1.253685808368139,1.2645400885628495,1.139896287291265,0.07682794375497681,1.2686641345940484,1.081935688677559,1.2006386579816106,918.3590372863215,800.3043996324542,940.3805783715127,1.6805830000000057,Intel i9-9980HK macOS x86-64,C++20 -O2 -DNDEBUG -march=x86-64 -fno-fast-math -ffp-contract=off -fno-lto,Mops/s,918.3590372863215
gcc-O2,vector_norm,Eigen,latency,30,13.46244880053532,13.209630588099106,13.974296187005972,14.73390553830189,15.361246484677606,13.596121524284497,0.5237972632480552,15.434443687693209,13.347589750134379,13.541558372441326,74.28072116223137,71.5617583361877,75.70234414235522,1.6626239999999939,Intel i9-9980HK macOS x86-64,C++20 -O2 -DNDEBUG -march=x86-64 -fno-fast-math -ffp-contract=off -fno-lto,ns/op,13.46244880053532
gcc-O2,vector_norm,Eigen,throughput,30,1.4674827436109932,1.4400208138872495,1.5541117379832243,1.6903515774166362,1.7018717124820264,1.4954139568495817,0.07359798934965053,1.702817835216515,1.458985851306383,1.4946472493481302,681.44072486913,643.8862639970498,694.434518955493,1.6274499999999534,Intel i9-9980HK macOS x86-64,C++20 -O2 -DNDEBUG -march=x86-64 -fno-fast-math -ffp-contract=off -fno-lto,Mops/s,681.44072486913
gcc-O2,vector_norm,GLM,latency,30,11.549091827524906,11.185939898432089,12.653979562421622,13.149180076380965,13.189979706274292,11.736349182100302,0.6139035139905057,13.194504330621927,11.372291067357924,11.754354696963322,86.58745088638399,79.03771027066212,89.39848036407523,1.7700969999999927,Intel i9-9980HK macOS x86-64,C++20 -O2 -DNDEBUG -march=x86-64 -fno-fast-math -ffp-contract=off -fno-lto,ns/op,11.549091827524906
gcc-O2,vector_norm,GLM,throughput,30,0.8538026128323366,0.8209066797745419,0.9825582892516587,1.080156199515668,1.1751666531597604,0.8953464275573726,0.09521728359609119,1.1876695748218133,0.8337602712479724,0.9150853790895367,1171.2311977006857,1017.7924076891555,1218.1661068350002,1.6805149999999855,Intel i9-9980HK macOS x86-64,C++20 -O2 -DNDEBUG -march=x86-64 -fno-fast-math -ffp-contract=off -fno-lto,Mops/s,1171.2311977006857
gcc-O2,vector_norm,Raw,latency,30,11.421128810355338,11.164706522686288,13.028236735153158,13.164551725751867,13.170082140722586,11.871572230789734,0.7686065869544858,13.171697845171195,11.280347495119546,12.407610997851387,87.55725310028664,76.75725701772083,89.56798096629102,1.8367719999998258,Intel i9-9980HK macOS x86-64,C++20 -O2 -DNDEBUG -march=x86-64 -fno-fast-math -ffp-contract=off -fno-lto,ns/op,11.421128810355338
gcc-O2,vector_norm,Raw,throughput,30,1.4630711297387529,1.435185099922376,1.6169251350263893,1.6371820006175593,1.6556662176293517,1.4875418381892465,0.06670973414121865,1.6627637255528653,1.4518399767855596,1.483383304177953,683.4952636779672,618.4671191739466,696.7742576917335,1.5345740000000063,Intel i9-9980HK macOS x86-64,C++20 -O2 -DNDEBUG -march=x86-64 -fno-fast-math -ffp-contract=off -fno-lto,Mops/s,683.4952636779672
gcc-O2,vector_norm,Vectoris,latency,30,12.353198754196843,11.966898297122091,14.08797630097156,14.128252260763025,14.192629708618675,12.831487575832936,0.8883817709049873,14.211546542478052,12.177106316203934,13.455533938399313,80.95205787870529,70.98252891841223,83.56384216023577,1.8424429999999747,Intel i9-9980HK macOS x86-64,C++20 -O2 -DNDEBUG -march=x86-64 -fno-fast-math -ffp-contract=off -fno-lto,ns/op,12.353198754196843
gcc-O2,vector_norm,Vectoris,throughput,30,1.7389633923748256,1.683697908148712,1.8933529286878532,1.9196309340690085,1.9354844966891405,1.7654615355826848,0.08507464516755595,1.940854729334994,1.7162024919707213,1.7817351934067385,575.056235400675,528.1720939146805,593.9339150293343,1.5229680000000079,Intel i9-9980HK macOS x86-64,C++20 -O2 -DNDEBUG -march=x86-64 -fno-fast-math -ffp-contract=off -fno-lto,Mops/s,575.056235400675
gcc-O2,vector_normalize_checked,Eigen,latency,30,29.159305371939304,28.5606452110403,31.722475430509224,33.44857933945222,34.58299863874312,29.616537704219887,1.6054181146281639,34.92993364832859,28.815370260998357,29.287569803492254,34.29440669263733,31.529753593848902,35.01322199136579,1.7425230000000005,Intel i9-9980HK macOS x86-64,C++20 -O2 -DNDEBUG -march=x86-64 -fno-fast-math -ffp-contract=off -fno-lto,ns/op,29.159305371939304
gcc-O2,vector_normalize_checked,Eigen,throughput,30,23.260514196007634,21.820491543047847,25.43527500581721,25.501327944801638,25.561326108279044,23.482979851926796,1.493280588414017,25.581403347190502,22.344837140912723,24.545983907967795,42.99135064896661,39.31549698922941,45.82937068353349,1.8069889999999804,Intel i9-9980HK macOS x86-64,C++20 -O2 -DNDEBUG -march=x86-64 -fno-fast-math -ffp-contract=off -fno-lto,Mops/s,42.99135064896661
gcc-O2,vector_normalize_checked,GLM,latency,30,24.838232943905123,24.220213325076248,28.224834674548795,28.54894674866117,28.653758961906934,25.576434138582275,1.5798841335798217,28.67895103716835,24.62942229233781,25.418109983463843,40.260522950234986,35.4301521101406,41.28783975226471,1.4613919999999752,Intel i9-9980HK macOS x86-64,C++20 -O2 -DNDEBUG -march=x86-64 -fno-fast-math -ffp-contract=off -fno-lto,ns/op,24.838232943905123
gcc-O2,vector_normalize_checked,GLM,throughput,30,22.677954168652686,20.004150787397858,23.498581989163508,23.54662944236513,23.773565115676565,22.006968923585553,1.462289219953656,23.86562278695787,20.767272865219276,23.1634002603041,44.09586607353451,42.55577754717008,49.98967161218516,1.9069140000000004,Intel i9-9980HK macOS x86-64,C++20 -O2 -DNDEBUG -march=x86-64 -fno-fast-math -ffp-contract=off -fno-lto,Mops/s,44.09586607353451
gcc-O2,vector_normalize_checked,Raw,latency,30,25.068854756758242,24.375211853766242,25.66412514650937,25.85050521273727,26.202677338441397,25.020152058121255,0.5113407870752513,26.33330632281709,24.710391121204296,25.228008406092165,39.89013498695285,38.965038277926496,41.025299651239784,1.697868000000014,Intel i9-9980HK macOS x86-64,C++20 -O2 -DNDEBUG -march=x86-64 -fno-fast-math -ffp-contract=off -fno-lto,ns/op,25.068854756758242
gcc-O2,vector_normalize_checked,Raw,throughput,30,20.071618079415792,19.614106611802367,23.10046015086798,23.80374209787208,26.631094630523123,21.03416405979439,1.9073112146588755,27.63839799914479,19.815005807616732,21.130105663023347,49.82160386577295,43.28979269413576,50.98384147275811,1.7237949999999103,Intel i9-9980HK macOS x86-64,C++20 -O2 -DNDEBUG -march=x86-64 -fno-fast-math -ffp-contract=off -fno-lto,Mops/s,49.82160386577295
gcc-O2,vector_normalize_checked,Vectoris,latency,30,30.815631119253872,30.290855407777787,33.4639614830395,34.37277883954685,34.933752605765,31.331988913054566,1.327411100279136,34.965477916711656,30.60409878413953,31.218041881225687,32.4510899159783,29.883191127033932,33.01327406488094,1.4769900000001144,Intel i9-9980HK macOS x86-64,C++20 -O2 -DNDEBUG -march=x86-64 -fno-fast-math -ffp-contract=off -fno-lto,ns/op,30.815631119253872
gcc-O2,vector_normalize_checked,Vectoris,throughput,30,18.550466193083068,18.284978416623538,18.958089205118874,18.986497821400803,19.101091527626792,18.568665244720666,0.24116858426079327,19.14737386341255,18.460615880601893,18.6394787404129,53.907001153465885,52.747943721561064,54.68970112728981,1.579058999999859,Intel i9-9980HK macOS x86-64,C++20 -O2 -DNDEBUG -march=x86-64 -fno-fast-math -ffp-contract=off -fno-lto,Mops/s,53.907001153465885
gcc-O2,vector_normalize_minimal,Eigen,latency,30,20.780053162094276,19.265487226687704,22.45584142307228,22.51133283821013,22.831541659759264,20.744048190465676,1.3544086483779,22.956180341889837,19.543163670036222,21.622424973628043,48.124438402630034,44.53185626712663,51.90677049454373,1.7174210000001155,Intel i9-9980HK macOS x86-64,C++20 -O2 -DNDEBUG -march=x86-64 -fno-fast-math -ffp-contract=off -fno-lto,ns/op,20.780053162094276
gcc-O2,vector_normalize_minimal,Eigen,throughput,30,3.9350787438689094,3.62374348268549,4.179536814932767,4.184144688504307,4.190713606648096,3.9303976575641273,0.22247407769158062,4.192206391635777,3.8029712727424965,4.136504332736564,254.14176824178085,239.26096389111723,275.95781829333157,1.8543750000000616,Intel i9-9980HK macOS x86-64,C++20 -O2 -DNDEBUG -march=x86-64 -fno-fast-math -ffp-contract=off -fno-lto,Mops/s,254.14176824178085
gcc-O2,vector_normalize_minimal,GLM,latency,30,16.661445159415983,16.25897586463531,19.2504833771307,19.31533134436139,19.335464500816904,17.113240675974904,1.064549652804485,19.340443274025585,16.551236497733292,17.00757789083147,60.01898004636335,51.946794772233,61.504489201236815,1.7628749999999371,Intel i9-9980HK macOS x86-64,C++20 -O2 -DNDEBUG -march=x86-64 -fno-fast-math -ffp-contract=off -fno-lto,ns/op,16.661445159415983
gcc-O2,vector_normalize_minimal,GLM,throughput,30,2.592665064178447,2.549893193826081,2.755301277416076,2.80868206163482,2.8796248970499008,2.6336252877542288,0.09443010589189375,2.9034557014953957,2.570549596065228,2.661316942027977,385.7035919793964,362.9442877979049,392.17349944293835,1.760058000000001,Intel i9-9980HK macOS x86-64,C++20 -O2 -DNDEBUG -march=x86-64 -fno-fast-math -ffp-contract=off -fno-lto,Mops/s,385.7035919793964
gcc-O2,vector_normalize_minimal,Raw,latency,30,16.16321997514737,15.852627670089262,17.406559946937307,18.25775759807687,18.79935228457544,16.436609316852,0.7709451684474328,18.826246233575695,16.051204884080597,16.363876387510075,61.869061236245656,57.451117303191445,63.08103283863088,1.70262600000018,Intel i9-9980HK macOS x86-64,C++20 -O2 -DNDEBUG -march=x86-64 -fno-fast-math -ffp-contract=off -fno-lto,ns/op,16.16321997514737
gcc-O2,vector_normalize_minimal,Raw,throughput,30,3.4896483770099236,3.450962173854103,3.6629669343581406,3.891038660966817,3.9880258093270697,3.543051107846017,0.1408363717259014,4.0047899277437065,3.4718228809556235,3.5335606749664743,286.56183792886276,273.0582537718227,289.77428491861974,1.7335799999999892,Intel i9-9980HK macOS x86-64,C++20 -O2 -DNDEBUG -march=x86-64 -fno-fast-math -ffp-contract=off -fno-lto,Mops/s,286.56183792886276
gcc-O2,vector_scalar,Eigen,latency,30,7.160978554957152,6.756553648078333,8.48969385080332,8.612206186631328,8.90515030772252,7.539194040758145,0.8162433826679177,9.013192485534717,6.906930480318405,8.211309105664597,139.67099405945748,117.79126373114794,148.0044553637823,2.1493649999997047,Intel i9-9980HK macOS x86-64,C++20 -O2 -DNDEBUG -march=x86-64 -fno-fast-math -ffp-contract=off -fno-lto,ns/op,7.160978554957152
gcc-O2,vector_scalar,Eigen,throughput,30,1.6643634415540611,1.6348008991005472,1.7026723393412824,1.7262373040087517,1.76494352544598,1.6703832169088746,0.03334937392243765,1.7798036301192794,1.6532274473720279,1.6781208018052145,600.8303827241974,587.3216244559374,611.695284940621,1.5460869999998865,Intel i9-9980HK macOS x86-64,C++20 -O2 -DNDEBUG -march=x86-64 -fno-fast-math -ffp-contract=off -fno-lto,Mops/s,600.8303827241974
gcc-O2,vector_scalar,GLM,latency,30,5.5893259372292565,5.450415334218807,6.040962853875761,6.16824017367486,6.297146941820716,5.635011658785357,0.23623771726922504,6.329610243007242,5.492329330656893,5.64962183563655,178.91267943158817,165.53875676760757,183.4722917697915,1.5288349999998447,Intel i9-9980HK macOS x86-64,C++20 -O2 -DNDEBUG -march=x86-64 -fno-fast-math -ffp-contract=off -fno-lto,ns/op,5.5893259372292565
gcc-O2,vector_scalar,GLM,throughput,30,0.5655608237612291,0.55456179636633,0.5935050929158133,0.6052437241564227,0.6221497877839688,0.570854846600921,0.018832468956623608,0.6285711536025258,0.5587921018246882,0.5714212193603769,1768.157736934002,1684.9609364497933,1803.226326900049,1.7451110000001224,Intel i9-9980HK macOS x86-64,C++20 -O2 -DNDEBUG -march=x86-64 -fno-fast-math -ffp-contract=off -fno-lto,Mops/s,1768.157736934002
gcc-O2,vector_scalar,Raw,latency,30,5.818744254518663,5.363123492534546,6.292394661441623,6.3172264107387095,6.343769312515846,5.797765128394665,0.3741580593354144,6.349650867846496,5.482756003893541,6.054540823380709,171.8701509262599,158.92205328408784,186.45862077564462,1.7022199999997838,Intel i9-9980HK macOS x86-64,C++20 -O2 -DNDEBUG -march=x86-64 -fno-fast-math -ffp-contract=off -fno-lto,ns/op,5.818744254518663
gcc-O2,vector_scalar,Raw,throughput,30,0.6864615632623321,0.6789789122012823,0.6989454509445713,0.7028727796802068,0.7154505468562348,0.6871068133189989,0.009897215499801834,0.7198159433174169,0.6814822739219818,0.689366834563396,1456.7458014566118,1430.7276659360737,1472.804716491925,1.7866109999999082,Intel i9-9980HK macOS x86-64,C++20 -O2 -DNDEBUG -march=x86-64 -fno-fast-math -ffp-contract=off -fno-lto,Mops/s,1456.7458014566118
gcc-O2,vector_scalar,Vectoris,latency,30,5.89600620364755,5.82605320089853,6.077463168611033,6.1418541846192625,6.18163842361489,5.927552552974619,0.10424272896480546,6.19180877639421,5.871156817841678,5.948299207900218,169.6063352002826,164.5433875660166,171.64292850388657,1.7611330000000578,Intel i9-9980HK macOS x86-64,C++20 -O2 -DNDEBUG -march=x86-64 -fno-fast-math -ffp-contract=off -fno-lto,ns/op,5.89600620364755
gcc-O2,vector_scalar,Vectoris,throughput,30,0.6939598234457152,0.6716114135331755,0.7906894024010437,0.7949022321409491,0.803785701852403,0.7191254005243682,0.04937509779153486,0.8060735334996313,0.6872176698472174,0.7321276137352295,1441.0213165360487,1264.7191225247543,1488.9638441980828,1.7651469999999136,Intel i9-9980HK macOS x86-64,C++20 -O2 -DNDEBUG -march=x86-64 -fno-fast-math -ffp-contract=off -fno-lto,Mops/s,1441.0213165360487
gcc-O2,vector_subtract,Eigen,latency,30,7.578669476182506,7.169943727066739,8.92499202241609,8.980855769799886,9.030626948985924,7.883320187574518,0.7308600415126909,9.044790634283036,7.27253571476332,8.34428518279441,131.9494185379084,112.04513605333945,139.47110967698367,1.8406270000000975,Intel i9-9980HK macOS x86-64,C++20 -O2 -DNDEBUG -march=x86-64 -fno-fast-math -ffp-contract=off -fno-lto,ns/op,7.578669476182506
gcc-O2,vector_subtract,Eigen,throughput,30,1.8279495369264822,1.7830035662233075,1.9937742458645602,2.021766671438352,2.0740271636127248,1.8562489786864123,0.08465054821521856,2.089191622230361,1.8087192762298798,1.847038493102268,547.0611576722255,501.562557435299,560.8514608989071,1.5454019999999957,Intel i9-9980HK macOS x86-64,C++20 -O2 -DNDEBUG -march=x86-64 -fno-fast-math -ffp-contract=off -fno-lto,Mops/s,547.0611576722255
gcc-O2,vector_subtract,GLM,latency,30,6.513634883554031,5.952019782220614,6.77778014046596,6.806597381249006,6.872240411803652,6.453306321095014,0.33213370605214937,6.896315689213756,6.420525161886146,6.704050355373948,153.52412263388638,147.54108361650742,168.01291066890417,1.5245410000000563,Intel i9-9980HK macOS x86-64,C++20 -O2 -DNDEBUG -march=x86-64 -fno-fast-math -ffp-contract=off -fno-lto,ns/op,6.513634883554031
gcc-O2,vector_subtract,GLM,throughput,30,0.7634627439508728,0.7115717624122891,0.8307972548468058,0.8315469498134903,0.8326461908373762,0.7659484324993201,0.04733017686481391,0.8330058325375206,0.7301627019352577,0.7915887689582602,1309.8344615411308,1203.6631459719151,1405.3400012834363,1.7522749999997984,Intel i9-9980HK macOS x86-64,C++20 -O2 -DNDEBUG -march=x86-64 -fno-fast-math -ffp-contract=off -fno-lto,Mops/s,1309.8344615411308
gcc-O2,vector_subtract,Raw,latency,30,5.781858040485112,5.60001257066358,6.617613457324466,6.634604625129985,6.647806730479717,5.984622930996346,0.4014497705399212,6.651668220243142,5.697674527266862,6.127084891595185,172.95536378274602,151.11193734068118,178.57123103555892,1.532153000000136,Intel i9-9980HK macOS x86-64,C++20 -O2 -DNDEBUG -march=x86-64 -fno-fast-math -ffp-contract=off -fno-lto,ns/op,5.781858040485112
gcc-O2,vector_subtract,Raw,throughput,30,1.2074759680258866,1.173505404333651,1.3062649417311922,1.3191923744000789,1.3324319104655467,1.2216369629028832,0.049825168654915715,1.3360965722102278,1.193520535676064,1.2300981334936427,828.1741008175132,765.5444315826056,852.1478180038315,1.5509050000000002,Intel i9-9980HK macOS x86-64,C++20 -O2 -DNDEBUG -march=x86-64 -fno-fast-math -ffp-contract=off -fno-lto,Mops/s,828.1741008175132
gcc-O2,vector_subtract,Vectoris,latency,30,5.776228379191073,5.696575303013495,5.875151940462991,5.8863026128205185,5.904951285901977,5.774286796457759,0.07212880434036101,5.911692875061457,5.744794170536815,5.806228913044288,173.12335199396722,170.20840381674924,175.54407279477346,1.7375919999999923,Intel i9-9980HK macOS x86-64,C++20 -O2 -DNDEBUG -march=x86-64 -fno-fast-math -ffp-contract=off -fno-lto,ns/op,5.776228379191073
gcc-O2,vector_subtract,Vectoris,throughput,30,0.8604471770489266,0.8262594613401547,0.9654763011778247,0.9732840453867272,0.9762810726999533,0.8862823645668887,0.06075609429714765,0.9770622696086798,0.8333910560159341,0.9378013199623036,1162.2381269727098,1035.7633614612976,1210.2751150431507,1.8705540000000553,Intel i9-9980HK macOS x86-64,C++20 -O2 -DNDEBUG -march=x86-64 -fno-fast-math -ffp-contract=off -fno-lto,Mops/s,1162.2381269727098
gcc-O2,velocity_time,Raw,latency,30,8.28938520616567,8.184191013645217,8.457551822100383,8.482197139637352,8.561725188235638,8.31928837706975,0.11603177838229191,8.592378867820914,8.255067619537439,8.403231885537826,120.63626372051692,118.2375929529986,122.18686534729349,1.7047949999999619,Intel i9-9980HK macOS x86-64,C++20 -O2 -DNDEBUG -march=x86-64 -fno-fast-math -ffp-contract=off -fno-lto,ns/op,8.28938520616567
gcc-O2,velocity_time,Raw,throughput,30,0.9746992612818938,0.9580020079095386,1.0491366940580058,1.0751149166388099,1.1068768312169723,0.988001723304464,0.039163104562433736,1.1113717191513732,0.9695432846238394,0.9846311699031228,1025.9575623705982,953.1646762531747,1043.8394558227137,1.666972000000044,Intel i9-9980HK macOS x86-64,C++20 -O2 -DNDEBUG -march=x86-64 -fno-fast-math -ffp-contract=off -fno-lto,Mops/s,1025.9575623705982
gcc-O2,velocity_time,Vectoris,latency,30,8.326112987518806,8.178729091549657,8.806553178738257,8.991818621968827,9.276025644635398,8.420038443992636,0.29026223534284523,9.344957765383276,8.249587932731046,8.441134352963546,120.10406716779792,113.55211992204914,122.26857314792228,1.7342349999999842,Intel i9-9980HK macOS x86-64,C++20 -O2 -DNDEBUG -march=x86-64 -fno-fast-math -ffp-contract=off -fno-lto,ns/op,8.326112987518806
gcc-O2,velocity_time,Vectoris,throughput,30,0.9742851758881507,0.9577632628167542,1.0365377452908335,1.0479868698079957,1.0529014002103758,0.9843417741025523,0.029593652921740335,1.053499528764251,0.9648412495832664,0.9838877569818612,1026.3963677298834,964.7553892622324,1044.0993601489604,1.7707720000000222,Intel i9-9980HK macOS x86-64,C++20 -O2 -DNDEBUG -march=x86-64 -fno-fast-math -ffp-contract=off -fno-lto,Mops/s,1026.3963677298834
clang-O2,almost_equal,Raw,latency,30,6.194724514914788,6.111371971617649,6.968820658837406,7.092720584309125,7.152676644694682,6.331604331608391,0.3399551067803106,7.1570325976503195,6.146686867482259,6.226790433087011,161.42768548918787,143.49762245708087,163.62951721588482,1.7781529999999985,Intel i9-9980HK macOS x86-64,C++20 -O2 -DNDEBUG -march=x86-64 -fno-fast-math -ffp-contract=off -fno-lto,ns/op,6.194724514914788
clang-O2,almost_equal,Raw,throughput,30,1.7781310086678603,1.752077244911901,1.8074614027705616,1.9051897675446385,2.0220163297021188,1.7894831828035278,0.06383655930351557,2.0377542152653962,1.7651227377512844,1.7860034332154298,562.3882816984195,553.2622378287523,570.7518037306907,1.7179569999999558,Intel i9-9980HK macOS x86-64,C++20 -O2 -DNDEBUG -march=x86-64 -fno-fast-math -ffp-contract=off -fno-lto,Mops/s,562.3882816984195
clang-O2,almost_equal,Vectoris,latency,30,6.752828514311994,6.630631385226469,6.956212433800176,7.044083851561422,7.318730152642888,6.782655984840827,0.1718292109754705,7.4058456161840365,6.689465426842657,6.7972351719985316,148.0863924140491,143.7564463872826,150.81537686561765,1.5830239999999995,Intel i9-9980HK macOS x86-64,C++20 -O2 -DNDEBUG -march=x86-64 -fno-fast-math -ffp-contract=off -fno-lto,ns/op,6.752828514311994
clang-O2,almost_equal,Vectoris,throughput,30,4.076187682049537,4.023312958234341,4.109724829366986,4.115230188091219,4.124623128805453,4.048741309300044,0.0895010935138127,4.1272509296336075,4.049853297676056,4.080736122609789,245.32727316145122,243.32529913033667,248.55473663212658,1.6713719999999628,Intel i9-9980HK macOS x86-64,C++20 -O2 -DNDEBUG -march=x86-64 -fno-fast-math -ffp-contract=off -fno-lto,Mops/s,245.32727316145122
clang-O2,core_abs,Eigen,latency,30,3.95885847937617,3.9190521440881882,4.142781066030894,4.714798671259758,5.166226044341735,4.058453386758806,0.3049919144148318,5.295230859459164,3.938811571616249,3.9849079450230294,252.59806845349337,241.62126278573933,255.16373946106773,1.4276170000000032,Intel i9-9980HK macOS x86-64,C++20 -O2 -DNDEBUG -march=x86-64 -fno-fast-math -ffp-contract=off -fno-lto,ns/op,3.95885847937617
clang-O2,core_abs,Eigen,throughput,30,0.4495340661753423,0.43649810396095096,0.45951763981031873,0.46936775515524315,0.49279910945842853,0.4483027272937078,0.019647290456564208,0.5001545261931458,0.4477366515859656,0.4527316156215543,2224.5257268726937,2176.206833305934,2290.9898501980474,1.6865769999999713,Intel i9-9980HK macOS x86-64,C++20 -O2 -DNDEBUG -march=x86-64 -fno-fast-math -ffp-contract=off -fno-lto,Mops/s,2224.5257268726937
clang-O2,core_abs,GLM,latency,30,6.477608759912476,6.262254660225285,7.274974842662875,7.287753880539257,7.300320176385073,6.692357662991558,0.42415489757605396,7.304042970121072,6.353907416324622,7.052987109028685,154.37836568670537,137.45754113243103,159.68753028200123,1.8711420000000003,Intel i9-9980HK macOS x86-64,C++20 -O2 -DNDEBUG -march=x86-64 -fno-fast-math -ffp-contract=off -fno-lto,ns/op,6.477608759912476
clang-O2,core_abs,GLM,throughput,30,0.9122933488325946,0.8991132752522673,0.917078176651212,0.9176665009864821,0.9311614067234799,0.9096749215936542,0.012174059883469285,0.9366163994723187,0.9106164883753124,0.9139759740561824,1096.1386577813212,1090.4196048972774,1112.2069126622207,1.6934940000000085,Intel i9-9980HK macOS x86-64,C++20 -O2 -DNDEBUG -march=x86-64 -fno-fast-math -ffp-contract=off -fno-lto,Mops/s,1096.1386577813212
clang-O2,core_abs,Raw,latency,30,4.010222619258018,3.93210951922794,4.602922759802648,4.966463284629657,8.470009234543253,4.38009526488189,1.070708113963068,9.779873858529127,3.984586479765433,4.352252648310653,249.36274167754294,217.25326651674175,254.31643812646593,1.73757,Intel i9-9980HK macOS x86-64,C++20 -O2 -DNDEBUG -march=x86-64 -fno-fast-math -ffp-contract=off -fno-lto,ns/op,4.010222619258018
clang-O2,core_abs,Raw,throughput,30,0.4510297530067816,0.44128374900887063,0.4622621308328803,0.4707086227116965,0.4805810866886858,0.4514276365272195,0.013171774298264756,0.483599440997458,0.4499566719595528,0.45306372015240726,2217.14898544845,2163.30736824509,2266.116025517162,1.698575999999946,Intel i9-9980HK macOS x86-64,C++20 -O2 -DNDEBUG -march=x86-64 -fno-fast-math -ffp-contract=off -fno-lto,Mops/s,2217.14898544845
clang-O2,core_abs,Vectoris,latency,30,6.320869177799547,6.143112884679576,7.164271693480661,7.192875226721091,7.272363824928635,6.43062491699535,0.338058851925904,7.295446255911876,6.243946526196788,6.39655148418584,158.20609148712276,139.58152948024613,162.78395905215763,1.6092609999999983,Intel i9-9980HK macOS x86-64,C++20 -O2 -DNDEBUG -march=x86-64 -fno-fast-math -ffp-contract=off -fno-lto,ns/op,6.320869177799547
clang-O2,core_abs,Vectoris,throughput,30,0.9135027154790718,0.9091225866176833,0.9294585081191092,0.9304097888936548,0.9347664414057381,0.9161505039640058,0.0081587643742819,0.9364065339895105,0.9126679962743264,0.915874179412373,1094.6874980122043,1075.8952959689248,1099.961793552318,1.7015550000000133,Intel i9-9980HK macOS x86-64,C++20 -O2 -DNDEBUG -march=x86-64 -fno-fast-math -ffp-contract=off -fno-lto,Mops/s,1094.6874980122043
clang-O2,core_sqrt,Eigen,latency,30,9.65330882328145,9.569176239750606,9.740504475758621,9.756003384892422,9.88330672321469,9.660107763146884,0.08610099935392747,9.934910659019158,9.617222389697751,9.688200262602466,103.59142529163702,102.66411174100631,104.50221818134547,1.637023000000113,Intel i9-9980HK macOS x86-64,C++20 -O2 -DNDEBUG -march=x86-64 -fno-fast-math -ffp-contract=off -fno-lto,ns/op,9.65330882328145
clang-O2,core_sqrt,Eigen,throughput,30,5.09344280091986,5.0470199148912,5.135747214514231,5.149170725028999,5.1650597158624825,5.081853478265796,0.0716461300141956,5.17040380483023,5.080532416649071,5.10606971231855,196.33085967049,194.71371513026074,198.1375308652924,1.685849000000161,Intel i9-9980HK macOS x86-64,C++20 -O2 -DNDEBUG -march=x86-64 -fno-fast-math -ffp-contract=off -fno-lto,Mops/s,196.33085967049
clang-O2,core_sqrt,GLM,latency,30,9.651942722779426,9.509435650716572,9.767720072007831,9.857669586495545,10.177558952971381,9.656735794405177,0.18687340159601265,10.290914458535507,9.625808865138408,9.677843859827771,103.60609297211309,102.37820941138823,105.15871267444908,1.70676399999968,Intel i9-9980HK macOS x86-64,C++20 -O2 -DNDEBUG -march=x86-64 -fno-fast-math -ffp-contract=off -fno-lto,ns/op,9.651942722779426
clang-O2,core_sqrt,GLM,throughput,30,5.112913745022159,5.071328509671577,5.250212511696451,5.253461540397307,5.264539610922019,5.129020883991646,0.07006027144002681,5.268702972244584,5.096771782189686,5.131029862904084,195.58321471425612,190.4684842184997,197.18699497117393,1.6848469999999622,Intel i9-9980HK macOS x86-64,C++20 -O2 -DNDEBUG -march=x86-64 -fno-fast-math -ffp-contract=off -fno-lto,Mops/s,195.58321471425612
clang-O2,core_sqrt,Raw,latency,30,9.656103398753922,9.559347676035122,9.73967801099483,9.915189689836126,10.008489571945994,9.67133874688154,0.11041898141581473,10.010967880704005,9.635062092873017,9.673967549679848,103.56144873044738,102.67336596477853,104.60965383178913,1.6489540000000036,Intel i9-9980HK macOS x86-64,C++20 -O2 -DNDEBUG -march=x86-64 -fno-fast-math -ffp-contract=off -fno-lto,ns/op,9.656103398753922
clang-O2,core_sqrt,Raw,throughput,30,5.07814103784773,5.045448372425594,5.117408179835892,5.137011340176072,5.1909573863742535,5.084157712486984,0.037428748320035045,5.207506726370911,5.0711354230987835,5.09577392147216,196.92245830350433,195.41142860176407,198.1984595108733,1.6678480000000029,Intel i9-9980HK macOS x86-64,C++20 -O2 -DNDEBUG -march=x86-64 -fno-fast-math -ffp-contract=off -fno-lto,Mops/s,196.92245830350433
clang-O2,core_sqrt,Vectoris,latency,30,10.23811767953043,10.104707060034832,10.312971275079674,10.316775908204232,10.384499728228914,10.197972622293499,0.175683781580389,10.411503932492321,10.197414723747697,10.28189404701298,97.6742339683595,96.965266056769,98.96522199040662,1.6941079999999717,Intel i9-9980HK macOS x86-64,C++20 -O2 -DNDEBUG -march=x86-64 -fno-fast-math -ffp-contract=off -fno-lto,ns/op,10.23811767953043
clang-O2,core_sqrt,Vectoris,throughput,30,1.7616166499848935,1.6956832100801895,1.9705426220815119,2.0454948340463197,2.064105556302063,1.8042978270318422,0.1177762685313614,2.064619525308123,1.7218578198183911,1.835588507539797,567.6780704379669,507.5153862722777,589.7327970905652,1.7935300000000896,Intel i9-9980HK macOS x86-64,C++20 -O2 -DNDEBUG -march=x86-64 -fno-fast-math -ffp-contract=off -fno-lto,Mops/s,567.6780704379669
clang-O2,matrix_add,Eigen,latency,30,7.416554579607295,7.252352984104686,7.829331178184138,8.44269291485395,9.810304886081783,7.592872470769348,0.5997261361269752,10.368769903981091,7.379979219124747,7.511992715114097,134.83360282680673,127.80620655335656,137.88650153221153,1.3585470000000015,Intel i9-9980HK macOS x86-64,C++20 -O2 -DNDEBUG -march=x86-64 -fno-fast-math -ffp-contract=off -fno-lto,ns/op,7.416554579607295
clang-O2,matrix_add,Eigen,throughput,30,2.3715415895555796,2.3340331996703343,2.400916097976093,2.409645558137285,2.4200445229029275,2.3677136400599204,0.029663818716319998,2.4239023642623865,2.357017232997687,2.381598287683876,421.66665110438385,416.50814056615604,428.4429508769035,1.661878000000005,Intel i9-9980HK macOS x86-64,C++20 -O2 -DNDEBUG -march=x86-64 -fno-fast-math -ffp-contract=off -fno-lto,Mops/s,421.66665110438385
clang-O2,matrix_add,GLM,latency,30,7.062062114600101,6.902664360019661,7.345354760027642,7.582477190286425,7.676283904163905,7.098438347719871,0.2463234300039469,7.676878600721827,7.030242063423812,7.137142054854632,141.60171948965427,136.1447274995385,144.87172200668053,1.6913059999998268,Intel i9-9980HK macOS x86-64,C++20 -O2 -DNDEBUG -march=x86-64 -fno-fast-math -ffp-contract=off -fno-lto,ns/op,7.062062114600101
clang-O2,matrix_add,GLM,throughput,30,3.5137996474912008,3.4617684495184298,3.548373973487051,3.5635290886641284,3.588551945348551,3.5105547132770334,0.03813811994505804,3.5967036004894775,3.5038223509766975,3.5244209911815867,284.592208003663,281.81942348663495,288.86969746528473,1.6700389999999459,Intel i9-9980HK macOS x86-64,C++20 -O2 -DNDEBUG -march=x86-64 -fno-fast-math -ffp-contract=off -fno-lto,Mops/s,284.592208003663
clang-O2,matrix_add,Raw,latency,30,6.695243467132773,6.480142561619053,6.784206198795179,6.808416423066268,6.816807717557207,6.664396941432874,0.1461658444482035,6.818716311462314,6.667684461789577,6.739974410395249,149.36035314652742,147.40131739858373,154.32236066493186,1.6864669999998796,Intel i9-9980HK macOS x86-64,C++20 -O2 -DNDEBUG -march=x86-64 -fno-fast-math -ffp-contract=off -fno-lto,ns/op,6.695243467132773
clang-O2,matrix_add,Raw,throughput,30,2.3732239735562053,2.3228746976637185,2.458753385321473,2.4779732106806445,2.562574154039538,2.3831788490363572,0.061088256162715834,2.593825476200763,2.3567498444379256,2.3805181485800566,421.36783448606377,406.7108159634994,430.50108811178046,1.7498929999999717,Intel i9-9980HK macOS x86-64,C++20 -O2 -DNDEBUG -march=x86-64 -fno-fast-math -ffp-contract=off -fno-lto,Mops/s,421.36783448606377
clang-O2,matrix_add,Vectoris,latency,30,6.682203745249779,6.502068253306267,6.764681860630011,6.788130576502126,6.831157558346217,6.6334413164307575,0.16778613267457676,6.841081198796048,6.597831847312657,6.70871012738373,149.65128253875102,147.82661200491185,153.79734366425637,1.6879449999999923,Intel i9-9980HK macOS x86-64,C++20 -O2 -DNDEBUG -march=x86-64 -fno-fast-math -ffp-contract=off -fno-lto,ns/op,6.682203745249779
clang-O2,matrix_add,Vectoris,throughput,30,2.331522785276647,2.286048126326964,2.361583225189642,2.3644459235245754,2.365508653030918,2.3267071041839467,0.02996130975032591,2.365729125695737,2.3141427214272188,2.3455475823753886,428.90424064305324,423.4447838855949,437.4361125993044,1.6783710000000838,Intel i9-9980HK macOS x86-64,C++20 -O2 -DNDEBUG -march=x86-64 -fno-fast-math -ffp-contract=off -fno-lto,Mops/s,428.90424064305324
clang-O2,matrix_determinant,Eigen,latency,30,13.428827108993165,13.205693653974123,13.867794635021678,14.439183427656541,15.54624485269414,13.518399071728863,0.6119774195281539,15.946679844112651,13.356809438080129,13.576290302867243,74.46668348656439,72.11656050940464,75.73933762731514,1.6686450000000264,Intel i9-9980HK macOS x86-64,C++20 -O2 -DNDEBUG -march=x86-64 -fno-fast-math -ffp-contract=off -fno-lto,ns/op,13.428827108993165
clang-O2,matrix_determinant,Eigen,throughput,30,2.477715311533464,2.4475789085533783,2.5735612600424633,2.889595562608635,3.0310192783090164,2.5183451600662905,0.15152546920803586,3.045817557535062,2.467635948487378,2.488371515146791,403.5976408318993,388.7818909445633,408.57340365657825,1.742400000000018,Intel i9-9980HK macOS x86-64,C++20 -O2 -DNDEBUG -march=x86-64 -fno-fast-math -ffp-contract=off -fno-lto,Mops/s,403.5976408318993
clang-O2,matrix_determinant,GLM,latency,30,12.784182679906543,12.500972588107189,13.086028249761029,13.278738777984032,13.492873643205545,12.800351333444631,0.2603978155950569,13.546440799042497,12.726060237701128,12.869196603076766,78.22167721359921,76.41779109543734,79.99378403682947,1.6617080000000328,Intel i9-9980HK macOS x86-64,C++20 -O2 -DNDEBUG -march=x86-64 -fno-fast-math -ffp-contract=off -fno-lto,ns/op,12.784182679906543
clang-O2,matrix_determinant,GLM,throughput,30,2.3622742234909353,2.3338167106614103,2.379051246494173,2.3800235930491818,2.386492353998294,2.3569461593668763,0.02987935744786516,2.3889287888484607,2.357857849209963,2.371443414294003,423.32087881085045,420.3356291594518,428.4828521463432,1.692467000000022,Intel i9-9980HK macOS x86-64,C++20 -O2 -DNDEBUG -march=x86-64 -fno-fast-math -ffp-contract=off -fno-lto,Mops/s,423.32087881085045
clang-O2,matrix_determinant,Raw,latency,30,11.95048323590326,11.78713907315973,12.070804183957188,12.08663649904701,12.122551115049259,11.937714296482548,0.11235161225028575,12.136597748223606,11.898790882340835,12.00648068818927,83.67869131003613,82.84453408491063,84.83824096279193,1.6430719999998757,Intel i9-9980HK macOS x86-64,C++20 -O2 -DNDEBUG -march=x86-64 -fno-fast-math -ffp-contract=off -fno-lto,ns/op,11.95048323590326
clang-O2,matrix_determinant,Raw,throughput,30,2.167948264213424,2.152642753822934,2.267743517966619,2.385991900158823,2.4171605176704674,2.196279554043957,0.07213198557246661,2.421548963105422,2.1647930611833424,2.184561500571492,461.26562185259843,441.04697399611797,464.54552105645354,1.6946870000000729,Intel i9-9980HK macOS x86-64,C++20 -O2 -DNDEBUG -march=x86-64 -fno-fast-math -ffp-contract=off -fno-lto,Mops/s,461.26562185259843
clang-O2,matrix_determinant,Vectoris,latency,30,11.97474284721762,11.753228114716343,12.126817703268195,12.159472332757973,12.213911340225788,11.957457328197352,0.16588796625220448,12.231746757549711,11.916486595424537,12.066488480044814,83.50916532567844,82.46188827062888,85.0832935662129,1.673899999999776,Intel i9-9980HK macOS x86-64,C++20 -O2 -DNDEBUG -march=x86-64 -fno-fast-math -ffp-contract=off -fno-lto,ns/op,11.97474284721762
clang-O2,matrix_determinant,Vectoris,throughput,30,2.1102895035223987,2.063166739064082,2.135796446758712,2.1360906066446654,2.52564567385403,2.1217458272128806,0.1092571488023254,2.684753889965271,2.0921312027473595,2.116043289397271,473.8686506415894,468.20941358090096,484.6920487226201,1.651638999999989,Intel i9-9980HK macOS x86-64,C++20 -O2 -DNDEBUG -march=x86-64 -fno-fast-math -ffp-contract=off -fno-lto,Mops/s,473.8686506415894
clang-O2,matrix_inverse_checked,Eigen,latency,30,55.60930081687126,54.76284103045268,56.85870682598353,57.32711220642748,58.95156792086164,55.80145802528936,1.129957869924384,59.59447212837135,55.309029942200695,56.187334199194595,17.982625691681747,17.58755529206645,18.260557379500042,1.701231000000064,Intel i9-9980HK macOS x86-64,C++20 -O2 -DNDEBUG -march=x86-64 -fno-fast-math -ffp-contract=off -fno-lto,ns/op,55.60930081687126
clang-O2,matrix_inverse_checked,Eigen,throughput,30,64.67160580382333,61.98644252840688,65.69829395544642,66.0227108726703,66.45774138457394,64.0737551808967,1.5331357936122993,66.55640419271806,63.190766472470955,65.01339290694905,15.462736974825177,15.221098428268084,16.132603878316548,1.5896330000000063,Intel i9-9980HK macOS x86-64,C++20 -O2 -DNDEBUG -march=x86-64 -fno-fast-math -ffp-contract=off -fno-lto,Mops/s,15.462736974825177
clang-O2,matrix_inverse_checked,GLM,latency,30,52.387141574173285,50.43422653362477,53.439450495504666,54.56788675897264,60.187970993435144,52.15778580761321,2.7953490752942565,62.22145394468596,51.84455127308058,52.804350981914496,19.088662727976775,18.71285308835347,19.840585937561393,1.715802999999994,Intel i9-9980HK macOS x86-64,C++20 -O2 -DNDEBUG -march=x86-64 -fno-fast-math -ffp-contract=off -fno-lto,ns/op,52.387141574173285
clang-O2,matrix_inverse_checked,GLM,throughput,30,46.41912590486501,45.094891765500606,46.79822319322199,46.92506844036249,48.69136591558416,46.20436176357503,0.946344628816054,49.393985880768895,46.08931195335654,46.5572879095087,21.542847059721495,21.368338019751373,22.175474223518624,1.6554469999998673,Intel i9-9980HK macOS x86-64,C++20 -O2 -DNDEBUG -march=x86-64 -fno-fast-math -ffp-contract=off -fno-lto,Mops/s,21.542847059721495
clang-O2,matrix_inverse_checked,Raw,latency,30,48.807583102708456,47.79244758066468,50.195356682814975,50.502156243391504,51.99255183482347,48.77126964835083,1.5166575805699956,52.5741784847056,48.372419008720776,49.30978180568048,20.48861968585944,19.92220599984412,20.92380935126916,1.7212760000000176,Intel i9-9980HK macOS x86-64,C++20 -O2 -DNDEBUG -march=x86-64 -fno-fast-math -ffp-contract=off -fno-lto,ns/op,48.807583102708456
clang-O2,matrix_inverse_checked,Raw,throughput,30,45.019145021941696,43.624810959264416,46.304363706099245,46.625414714817275,47.26080646603348,44.78065301594081,1.400206223869888,47.50829229393651,44.52589478758138,45.22437103486743,22.212773195362644,21.596327148482274,22.924047040780604,1.6597849999997154,Intel i9-9980HK macOS x86-64,C++20 -O2 -DNDEBUG -march=x86-64 -fno-fast-math -ffp-contract=off -fno-lto,Mops/s,22.212773195362644
clang-O2,matrix_inverse_checked,Vectoris,latency,30,71.50358993903595,70.17892609700088,72.50155870867798,73.16475878978612,73.8809219411752,71.30724077575582,1.368925959357411,73.9558050128211,71.10037545959099,71.8567734535389,13.985312289049114,13.792806952521106,14.249330503772372,1.679884000000243,Intel i9-9980HK macOS x86-64,C++20 -O2 -DNDEBUG -march=x86-64 -fno-fast-math -ffp-contract=off -fno-lto,ns/op,71.50358993903595
clang-O2,matrix_inverse_checked,Vectoris,throughput,30,74.87488268598452,73.66821307599763,76.9812503595954,79.5128357230314,82.89729019012795,75.42929741700196,2.240452971183218,83.66119597096632,74.43045151893293,75.57123140882314,13.355621141576481,12.990288156152001,13.574377441647144,1.5184690000001242,Intel i9-9980HK macOS x86-64,C++20 -O2 -DNDEBUG -march=x86-64 -fno-fast-math -ffp-contract=off -fno-lto,Mops/s,13.355621141576481
clang-O2,matrix_inverse_minimal,Eigen,latency,30,18.55117741648004,18.360158145795257,18.81352987676162,18.87299564784513,18.948276615044566,18.48189041107973,0.4647821730148231,18.962874360187165,18.47090695463654,18.649292062396057,53.9049352990176,53.15323841228898,54.46659029005221,1.687132000000247,Intel i9-9980HK macOS x86-64,C++20 -O2 -DNDEBUG -march=x86-64 -fno-fast-math -ffp-contract=off -fno-lto,ns/op,18.55117741648004
clang-O2,matrix_inverse_minimal,Eigen,throughput,30,6.081193675715536,6.000866583260337,6.143082375348229,6.159025748383962,6.173810302063406,6.070888335716634,0.06841842495533744,6.175791861647331,6.066807208193829,6.094387854585612,164.44139977296751,162.78473597707904,166.64265662911103,1.7340919999999755,Intel i9-9980HK macOS x86-64,C++20 -O2 -DNDEBUG -march=x86-64 -fno-fast-math -ffp-contract=off -fno-lto,Mops/s,164.44139977296751
clang-O2,matrix_inverse_minimal,GLM,latency,30,18.308925495951193,17.976191267031847,18.47073006334402,18.491088952497112,18.709047126365334,18.250156323351653,0.3531717004038826,18.794082802822672,18.273335808866243,18.38236382052204,54.61817658914954,54.13971292179811,55.62915768674923,1.7505529999999967,Intel i9-9980HK macOS x86-64,C++20 -O2 -DNDEBUG -march=x86-64 -fno-fast-math -ffp-contract=off -fno-lto,ns/op,18.308925495951193
clang-O2,matrix_inverse_minimal,GLM,throughput,30,7.348401013169178,7.228807944562672,7.462044868286403,7.490707290246885,7.531001992742074,7.33789966482879,0.11813163273068195,7.543906588365003,7.299935852580182,7.398042821482672,136.08402674398235,134.01161006390834,138.33679323502722,1.6771999999999994,Intel i9-9980HK macOS x86-64,C++20 -O2 -DNDEBUG -march=x86-64 -fno-fast-math -ffp-contract=off -fno-lto,Mops/s,136.08402674398235
clang-O2,matrix_inverse_minimal,Raw,latency,30,19.588064544772177,19.359384776682376,19.8061600381306,19.99335216726224,20.198340500802956,19.58896743305563,0.23508991582274374,20.261342445146944,19.50889702849458,19.661267120929168,51.05149998087197,50.48956543181377,51.65461188961013,1.6951760000000036,Intel i9-9980HK macOS x86-64,C++20 -O2 -DNDEBUG -march=x86-64 -fno-fast-math -ffp-contract=off -fno-lto,ns/op,19.588064544772177
clang-O2,matrix_inverse_minimal,Raw,throughput,30,6.8833500353241845,6.799857646223767,7.013429153474173,7.031270536571024,7.051033445085897,6.89338146498444,0.0870461178595534,7.058806777377068,6.874959615987299,6.914641796554411,145.27810808224734,142.58369557826083,147.06279634189966,1.6388069999999857,Intel i9-9980HK macOS x86-64,C++20 -O2 -DNDEBUG -march=x86-64 -fno-fast-math -ffp-contract=off -fno-lto,Mops/s,145.27810808224734
clang-O2,matrix_matrix,Eigen,latency,30,11.087818975871876,10.821671441458333,11.394988065113607,11.498323612542048,11.592439972444637,11.061980974737208,0.32787861993420186,11.624822579098646,10.987264527287211,11.182426401088643,90.18921727300993,87.75842199964387,92.41642688926156,1.6971199999999558,Intel i9-9980HK macOS x86-64,C++20 -O2 -DNDEBUG -march=x86-64 -fno-fast-math -ffp-contract=off -fno-lto,ns/op,11.087818975871876
clang-O2,matrix_matrix,Eigen,throughput,30,5.703239078090492,5.533945056780448,5.774435630256162,5.79992556916077,5.827927269884238,5.673377169159662,0.1448619551503099,5.837060460150961,5.683023041158684,5.7458598354163595,175.33896143247003,173.17729609939852,180.71226568360305,1.815006999999696,Intel i9-9980HK macOS x86-64,C++20 -O2 -DNDEBUG -march=x86-64 -fno-fast-math -ffp-contract=off -fno-lto,Mops/s,175.33896143247003
clang-O2,matrix_matrix,GLM,latency,30,12.53298568509177,12.248379728804403,13.780323674718229,14.696295880460697,15.59988952173775,12.772586493777446,0.8422469213959752,15.724439890745202,12.428819950911421,12.649106876809913,79.7896381262268,72.56866092138237,81.6434594436503,1.7549109999996517,Intel i9-9980HK macOS x86-64,C++20 -O2 -DNDEBUG -march=x86-64 -fno-fast-math -ffp-contract=off -fno-lto,ns/op,12.53298568509177
clang-O2,matrix_matrix,GLM,throughput,30,6.335233047234211,6.183684195547067,6.457603615500362,6.763701918851971,7.388631166586887,6.3689473980640035,0.28508889271194093,7.54639264292691,6.275649814713582,6.385971295254576,157.84757675124052,154.8562917104116,161.71636951700015,1.6508830000001353,Intel i9-9980HK macOS x86-64,C++20 -O2 -DNDEBUG -march=x86-64 -fno-fast-math -ffp-contract=off -fno-lto,Mops/s,157.84757675124052
clang-O2,matrix_matrix,Raw,latency,30,9.844327989499739,9.645931455801849,9.968490674052523,9.993265089288007,10.007709799233325,9.80812014167318,0.18679078826389206,10.010513380342305,9.808829847108024,9.886139423087775,101.5813610473016,100.31611617788418,103.67070179212166,1.7260589999998786,Intel i9-9980HK macOS x86-64,C++20 -O2 -DNDEBUG -march=x86-64 -fno-fast-math -ffp-contract=off -fno-lto,ns/op,9.844327989499739
clang-O2,matrix_matrix,Raw,throughput,30,5.446086353205141,5.386737542078042,5.811085453483308,6.13769802612991,6.317416341591463,5.544643808189499,0.2527275046808174,6.3177804677783325,5.409538149008374,5.515144314684884,183.61809630239534,172.0913926748632,185.64135917017288,1.6787439999999947,Intel i9-9980HK macOS x86-64,C++20 -O2 -DNDEBUG -march=x86-64 -fno-fast-math -ffp-contract=off -fno-lto,Mops/s,183.61809630239534
clang-O2,matrix_matrix,Vectoris,latency,30,11.292393071636964,11.007572175554143,11.405127814226665,11.50003820263981,11.90282735944578,11.26051425205014,0.2702253239432242,12.044295749322353,11.235752107923918,11.348432387095954,88.55519390712743,87.67990939012373,90.84670407680237,1.7214250000000249,Intel i9-9980HK macOS x86-64,C++20 -O2 -DNDEBUG -march=x86-64 -fno-fast-math -ffp-contract=off -fno-lto,ns/op,11.292393071636964
clang-O2,matrix_matrix,Vectoris,throughput,30,5.344457326298311,5.096779189292819,5.496136542786296,5.532676364156603,5.727301954353434,5.31833146232345,0.17929898444137318,5.80423908050106,5.2626922013044215,5.384997450866872,187.1101802254109,181.9465450104082,196.20411039775655,1.5992069999999958,Intel i9-9980HK macOS x86-64,C++20 -O2 -DNDEBUG -march=x86-64 -fno-fast-math -ffp-contract=off -fno-lto,Mops/s,187.1101802254109
clang-O2,matrix_transpose,Eigen,latency,30,5.089438522425581,4.941402882570875,5.1277930407814365,5.136374350077873,5.188576726870591,5.040843451245158,0.13468858060192374,5.209689111583199,5.032080965472839,5.0955494296227375,196.4853383233231,195.0157229448106,202.37236795750053,1.6585950000002188,Intel i9-9980HK macOS x86-64,C++20 -O2 -DNDEBUG -march=x86-64 -fno-fast-math -ffp-contract=off -fno-lto,ns/op,5.089438522425581
clang-O2,matrix_transpose,Eigen,throughput,30,1.6485755133878084,1.5738186458442127,1.672592773867516,1.6828128367791306,1.689453781006458,1.632342198434935,0.05041503125855048,1.69166212486256,1.6341711137815484,1.6551961234432,606.5849153298018,597.875953940408,635.4535732735067,1.6807699999999388,Intel i9-9980HK macOS x86-64,C++20 -O2 -DNDEBUG -march=x86-64 -fno-fast-math -ffp-contract=off -fno-lto,Mops/s,606.5849153298018
clang-O2,matrix_transpose,GLM,latency,30,4.570709159530612,4.477989382803534,4.620598670428104,4.628465280763295,4.664598678901596,4.5636115384516085,0.054924261576051146,4.676918661055931,4.555320019641485,4.585747066257484,218.7844362233747,216.42217232269425,223.3145176387615,1.6988380000000805,Intel i9-9980HK macOS x86-64,C++20 -O2 -DNDEBUG -march=x86-64 -fno-fast-math -ffp-contract=off -fno-lto,ns/op,4.570709159530612
clang-O2,matrix_transpose,GLM,throughput,30,1.6153616267165722,1.570124572451402,1.6905735395569703,1.8519261632380348,1.9414827148277742,1.6334150010928294,0.09562271536051213,1.970981087222076,1.600874306843008,1.6258421555035751,619.0564799101313,591.9363017440025,636.8933151720345,1.6921729999999968,Intel i9-9980HK macOS x86-64,C++20 -O2 -DNDEBUG -march=x86-64 -fno-fast-math -ffp-contract=off -fno-lto,Mops/s,619.0564799101313
clang-O2,matrix_transpose,Raw,latency,30,4.921548287304255,4.8364443075013455,4.959841906332608,4.977153497278288,5.020904902028061,4.9088514832206265,0.0591747760559269,5.034649327948365,4.889231675513232,4.94073904201988,203.1881138766065,201.61935201882832,206.76357870273966,1.6832779999999161,Intel i9-9980HK macOS x86-64,C++20 -O2 -DNDEBUG -march=x86-64 -fno-fast-math -ffp-contract=off -fno-lto,ns/op,4.921548287304255
clang-O2,matrix_transpose,Raw,throughput,30,2.6136389956680013,2.5647493811224353,2.655177654830603,2.6896289021945385,2.8202847862405647,2.608349858124441,0.08631614849957671,2.863756103836097,2.5996677725636683,2.6320713589791955,382.60841074921143,376.62277212250905,389.9017229667307,1.6615720000001206,Intel i9-9980HK macOS x86-64,C++20 -O2 -DNDEBUG -march=x86-64 -fno-fast-math -ffp-contract=off -fno-lto,Mops/s,382.60841074921143
clang-O2,matrix_transpose,Vectoris,latency,30,4.89178936655243,4.837941309976387,4.942926959424319,4.9704902913599245,4.976489490847452,4.891727399408743,0.047183329865033485,4.9765324546538965,4.874110925328244,4.9143132924874795,204.42419673817096,202.30966113702516,206.70004903231072,1.707616999999978,Intel i9-9980HK macOS x86-64,C++20 -O2 -DNDEBUG -march=x86-64 -fno-fast-math -ffp-contract=off -fno-lto,ns/op,4.89178936655243
clang-O2,matrix_transpose,Vectoris,throughput,30,2.6048576426007166,2.5338021611016606,2.639301781548707,2.644869028930864,2.6517324839774576,2.591347845410452,0.053709429081030775,2.6542754374805217,2.589228061710455,2.619048201092431,383.89814860234014,378.88822417506526,394.67621049154457,1.6728170000000093,Intel i9-9980HK macOS x86-64,C++20 -O2 -DNDEBUG -march=x86-64 -fno-fast-math -ffp-contract=off -fno-lto,Mops/s,383.89814860234014
clang-O2,matrix_vector,Eigen,latency,30,9.735762421678904,9.502229837112306,10.50795202740733,11.4184169967089,11.860970203972254,9.91529790930425,0.6208582355045563,12.03737150153567,9.692679037158483,9.784125965571654,102.71409780543081,95.23775956077718,105.23846558532743,1.6982930000000351,Intel i9-9980HK macOS x86-64,C++20 -O2 -DNDEBUG -march=x86-64 -fno-fast-math -ffp-contract=off -fno-lto,ns/op,9.735762421678904
clang-O2,matrix_vector,Eigen,throughput,30,2.1043051195412534,2.06544053226521,2.1667001283065304,2.2467487708888583,2.2979307237249555,2.1205615948553675,0.05971651267722607,2.3163933020311114,2.087701992277003,2.122524076814313,475.2170366689203,461.5874618344637,484.1582235633118,1.7168759999998429,Intel i9-9980HK macOS x86-64,C++20 -O2 -DNDEBUG -march=x86-64 -fno-fast-math -ffp-contract=off -fno-lto,Mops/s,475.2170366689203
clang-O2,matrix_vector,GLM,latency,30,10.111930373452228,9.980198344131555,10.183947968722586,10.191183146144372,10.301890240188024,10.073471653723901,0.1654519679760477,10.3448489622473,10.06530214913625,10.1459294530849,98.89309433782506,98.1937460120004,100.19940268686906,1.6715239999999199,Intel i9-9980HK macOS x86-64,C++20 -O2 -DNDEBUG -march=x86-64 -fno-fast-math -ffp-contract=off -fno-lto,ns/op,10.111930373452228
clang-O2,matrix_vector,GLM,throughput,30,2.366266173933131,2.30914594961519,2.391849777029054,2.412906329840999,2.415606668259315,2.354834226903885,0.04162633628938092,2.4166526064378404,2.3487983912042374,2.372267261499216,422.60678120681064,418.0899723092011,433.0607885761503,1.7109029999999166,Intel i9-9980HK macOS x86-64,C++20 -O2 -DNDEBUG -march=x86-64 -fno-fast-math -ffp-contract=off -fno-lto,Mops/s,422.60678120681064
clang-O2,matrix_vector,Raw,latency,30,9.518192687254514,9.31793266035544,10.32643595265461,10.959283135511951,11.587584863440155,9.670397955233362,0.59619171787271,11.648209458918858,9.469135874119667,9.641320377629519,105.06200175679803,96.83904809641231,107.32019191081962,1.7317880000000514,Intel i9-9980HK macOS x86-64,C++20 -O2 -DNDEBUG -march=x86-64 -fno-fast-math -ffp-contract=off -fno-lto,ns/op,9.518192687254514
clang-O2,matrix_vector,Raw,throughput,30,2.3533832265829986,2.29860988025379,2.390050409234845,2.396881091272858,2.4024971054861757,2.3494115507593203,0.03434742941533017,2.4033138826260942,2.3318383684720727,2.3698378888824827,424.92079423199164,418.4012642903841,435.04586870504596,1.6623499999999893,Intel i9-9980HK macOS x86-64,C++20 -O2 -DNDEBUG -march=x86-64 -fno-fast-math -ffp-contract=off -fno-lto,Mops/s,424.92079423199164
clang-O2,matrix_vector,Vectoris,latency,30,10.723827639343472,10.428344597366102,10.959800811087423,11.091482566626828,11.330971454086471,10.662593460171573,0.382283532019263,11.38601270449093,10.627052200990615,10.802194962353166,93.25034619612904,91.2425353094263,95.91221810779706,1.6954069999999988,Intel i9-9980HK macOS x86-64,C++20 -O2 -DNDEBUG -march=x86-64 -fno-fast-math -ffp-contract=off -fno-lto,ns/op,10.723827639343472
clang-O2,matrix_vector,Vectoris,throughput,30,2.382499480821493,2.348819675146345,2.5078220630271257,2.537165772161561,2.5473770718261037,2.4009581062982575,0.06296808189798968,2.5479949179524413,2.3720054100564902,2.3985384084639216,419.7273141187504,398.7548239444354,425.74587677493844,1.6680570000000472,Intel i9-9980HK macOS x86-64,C++20 -O2 -DNDEBUG -march=x86-64 -fno-fast-math -ffp-contract=off -fno-lto,Mops/s,419.7273141187504
clang-O2,quaternion_conjugate,Eigen,latency,30,5.393298993414367,5.3421139079844675,5.533364332727075,5.641805500565402,5.820276504862385,5.425604573556251,0.1244644047529514,5.89140241731845,5.370156756613282,5.421325778804389,185.41527367105215,180.72874261226784,187.19184555805063,1.7134610000000239,Intel i9-9980HK macOS x86-64,C++20 -O2 -DNDEBUG -march=x86-64 -fno-fast-math -ffp-contract=off -fno-lto,ns/op,5.393298993414367
clang-O2,quaternion_conjugate,Eigen,throughput,30,0.8805670007786253,0.8507766048372902,0.892544235042467,0.9200831558822948,0.942586489232097,0.8790885528927425,0.027051871369220847,0.9437796902211334,0.8778945488052639,0.8852660976150253,1135.6320535144425,1120.3946731055344,1175.4048426306488,1.664262999999977,Intel i9-9980HK macOS x86-64,C++20 -O2 -DNDEBUG -march=x86-64 -fno-fast-math -ffp-contract=off -fno-lto,Mops/s,1135.6320535144425
clang-O2,quaternion_conjugate,GLM,latency,30,4.566045066998398,4.527874954889418,4.841771350097218,5.287449106300337,6.70006212692967,4.712639265857829,0.5181622430050596,7.261734083771883,4.5591266045390935,4.581195741028111,219.0079135749643,206.68189942317414,220.854159726122,1.658611999999991,Intel i9-9980HK macOS x86-64,C++20 -O2 -DNDEBUG -march=x86-64 -fno-fast-math -ffp-contract=off -fno-lto,ns/op,4.566045066998398
clang-O2,quaternion_conjugate,GLM,throughput,30,1.000606188183727,0.9884983915029375,1.011038397909016,1.0168635083705122,1.022049061940211,0.9982740261430275,0.017168069623088682,1.0235504035654952,0.9970899916770477,1.0056201526929414,999.3943015245428,989.0838148767152,1011.6370047647604,1.7242170000000672,Intel i9-9980HK macOS x86-64,C++20 -O2 -DNDEBUG -march=x86-64 -fno-fast-math -ffp-contract=off -fno-lto,Mops/s,999.3943015245428
clang-O2,quaternion_conjugate,Raw,latency,30,4.593697826095736,4.510123000932494,4.654974802829718,4.680237372126267,4.698793379073486,4.571928137309317,0.10487317367501728,4.706320316495996,4.56765786182517,4.608185093165061,217.68979260739317,214.8246250583044,221.73613504658124,1.6738050000000015,Intel i9-9980HK macOS x86-64,C++20 -O2 -DNDEBUG -march=x86-64 -fno-fast-math -ffp-contract=off -fno-lto,ns/op,4.593697826095736
clang-O2,quaternion_conjugate,Raw,throughput,30,0.9949581436064501,0.9561191731428107,1.0044496045666478,1.0077781159830146,1.0143454998690757,0.9878932864923919,0.021685849365816363,1.0167971673921727,0.9900974467710206,0.9971666642635453,1005.0676078322913,995.5708678835318,1045.908081072225,1.7050319999999983,Intel i9-9980HK macOS x86-64,C++20 -O2 -DNDEBUG -march=x86-64 -fno-fast-math -ffp-contract=off -fno-lto,Mops/s,1005.0676078322913
clang-O2,quaternion_conjugate,Vectoris,latency,30,4.5620038757264005,4.527071153796432,4.620375640302562,4.730822706282271,4.8474525198760094,4.569609188664123,0.10242467801083449,4.886805591562285,4.551446436939364,4.5847191585068865,219.2019207549593,216.44075037727916,220.8938940196837,1.762921000000006,Intel i9-9980HK macOS x86-64,C++20 -O2 -DNDEBUG -march=x86-64 -fno-fast-math -ffp-contract=off -fno-lto,ns/op,4.5620038757264005
clang-O2,quaternion_conjugate,Vectoris,throughput,30,1.0001893974041511,0.9808093754351521,1.005606967321979,1.006817362873335,1.007867930212878,0.9955212082836273,0.012128321448849951,1.008270702114011,0.9958386955135541,1.0024598937464384,999.8106387910543,994.4244352440146,1019.5727890083792,1.661426999999989,Intel i9-9980HK macOS x86-64,C++20 -O2 -DNDEBUG -march=x86-64 -fno-fast-math -ffp-contract=off -fno-lto,Mops/s,999.8106387910543
clang-O2,quaternion_multiply,Eigen,latency,30,11.594926374497366,11.32468099068378,13.469991984279158,13.848230072290015,13.870070800127582,12.191376376603273,0.9479944311315565,13.873708165611443,11.426794201594255,12.750743840993609,86.24462296233828,74.24492660507853,88.30274608129261,1.5496940000001302,Intel i9-9980HK macOS x86-64,C++20 -O2 -DNDEBUG -march=x86-64 -fno-fast-math -ffp-contract=off -fno-lto,ns/op,11.594926374497366
clang-O2,quaternion_multiply,Eigen,throughput,30,3.5512314413330106,3.471292195547417,3.60241456210055,3.6853800490185122,3.7452119927516057,3.549931603464832,0.06700609643002339,3.749514977184218,3.517660756343188,3.562217835907968,281.59265594802605,277.5928131776347,288.07725077999,1.7151030000000278,Intel i9-9980HK macOS x86-64,C++20 -O2 -DNDEBUG -march=x86-64 -fno-fast-math -ffp-contract=off -fno-lto,Mops/s,281.59265594802605
clang-O2,quaternion_multiply,GLM,latency,30,11.893448460976813,11.722428545053603,12.3352645534571,13.447509214354932,14.190202050229349,12.016673375976408,0.6443960932183117,14.20768740401634,11.820441297356021,11.96360771447669,84.07996188859087,81.07222105423719,85.30666246448361,1.7280329999999928,Intel i9-9980HK macOS x86-64,C++20 -O2 -DNDEBUG -march=x86-64 -fno-fast-math -ffp-contract=off -fno-lto,ns/op,11.893448460976813
clang-O2,quaternion_multiply,GLM,throughput,30,3.6642862325787795,3.581105898938224,3.7229845622677797,3.740950341454241,4.076655618213435,3.668754998758572,0.12889673378448044,4.208104402731892,3.652857647026437,3.6827642300897105,272.9046680618319,268.60170684668697,279.245028755947,1.666462999999986,Intel i9-9980HK macOS x86-64,C++20 -O2 -DNDEBUG -march=x86-64 -fno-fast-math -ffp-contract=off -fno-lto,Mops/s,272.9046680618319
clang-O2,quaternion_multiply,Raw,latency,30,11.466388742743021,11.335606123900599,11.581442257132554,11.5987121447747,11.694574214506405,11.458278162164053,0.11008694067753348,11.730303853866245,11.441440342605588,11.492542321634835,87.21142564716874,86.34503532479829,88.21763218738711,1.6918289999996432,Intel i9-9980HK macOS x86-64,C++20 -O2 -DNDEBUG -march=x86-64 -fno-fast-math -ffp-contract=off -fno-lto,ns/op,11.466388742743021
clang-O2,quaternion_multiply,Raw,throughput,30,3.9383329970721124,3.8653506066816723,4.009847725794698,5.700325034062794,9.088978888260723,4.236455772963963,1.2163321039957347,9.917093127967377,3.9202359536647817,3.967683039534441,253.91466587328648,249.38725791317577,258.70874766359987,1.7649550000000005,Intel i9-9980HK macOS x86-64,C++20 -O2 -DNDEBUG -march=x86-64 -fno-fast-math -ffp-contract=off -fno-lto,Mops/s,253.91466587328648
clang-O2,quaternion_multiply,Vectoris,latency,30,12.170034194407112,12.065801644148271,12.298498939934142,12.356335426078926,12.384496893144203,12.180237080058854,0.11199962889217423,12.387139719388305,12.142066471838652,12.222179784479962,82.16903891158731,81.31079443898142,82.87888080651277,1.6540819999999883,Intel i9-9980HK macOS x86-64,C++20 -O2 -DNDEBUG -march=x86-64 -fno-fast-math -ffp-contract=off -fno-lto,ns/op,12.170034194407112
clang-O2,quaternion_multiply,Vectoris,throughput,30,4.153703604727603,4.068286218725494,4.669295877591005,5.025458112249142,5.222960802655186,4.261768787035792,0.3217016244018904,5.265981409961453,4.1201684623842,4.17394049973624,240.74906724834318,214.2269196769834,245.8037604687544,1.7200960000000407,Intel i9-9980HK macOS x86-64,C++20 -O2 -DNDEBUG -march=x86-64 -fno-fast-math -ffp-contract=off -fno-lto,Mops/s,240.74906724834318
clang-O2,quaternion_normalize_checked,Eigen,latency,30,32.80452784711848,32.21401459913506,33.30658172217186,33.47194189509698,34.71566254136724,32.72202142418696,0.8888837386056205,35.198571819218955,32.65511849690962,32.97465384500127,30.48360114589586,30.024120242043026,31.042390204872127,1.6089509999998484,Intel i9-9980HK macOS x86-64,C++20 -O2 -DNDEBUG -march=x86-64 -fno-fast-math -ffp-contract=off -fno-lto,ns/op,32.80452784711848
clang-O2,quaternion_normalize_checked,Eigen,throughput,30,10.150101758174275,9.860496047719517,10.291798608626584,10.302892793716103,10.328160558808875,10.07924195282606,0.2745011098439778,10.337436984381853,10.088639223728512,10.19839139424894,98.52117986085908,97.16475269365056,101.41506803818409,1.6677529999999765,Intel i9-9980HK macOS x86-64,C++20 -O2 -DNDEBUG -march=x86-64 -fno-fast-math -ffp-contract=off -fno-lto,Mops/s,98.52117986085908
clang-O2,quaternion_normalize_checked,GLM,latency,30,33.79156072278536,32.31894249963787,34.18244610528078,34.34454066463955,34.44053590868009,33.57782206209758,0.7470038893827259,34.47396612114919,33.61470921194376,33.94744880115495,29.593208548177223,29.254839847234834,30.94165277790618,1.6632699999999403,Intel i9-9980HK macOS x86-64,C++20 -O2 -DNDEBUG -march=x86-64 -fno-fast-math -ffp-contract=off -fno-lto,ns/op,33.79156072278536
clang-O2,quaternion_normalize_checked,GLM,throughput,30,12.211190926100418,12.040232272937338,12.483261081690186,12.560857015427011,13.1560192000897,12.277801769333243,0.2726383805994506,13.39501758231273,12.176696819265267,12.316230456800486,81.89215336508994,80.1075154481894,83.05511894314827,1.6790840000001312,Intel i9-9980HK macOS x86-64,C++20 -O2 -DNDEBUG -march=x86-64 -fno-fast-math -ffp-contract=off -fno-lto,Mops/s,81.89215336508994
clang-O2,quaternion_normalize_checked,Raw,latency,30,42.65123579808319,40.52770332258442,43.19457553421655,43.35867566105055,43.688719485852786,42.3418500416604,1.0020294241443335,43.7726557887573,42.369397803732085,42.888663175481454,23.44600390799725,23.151055335853407,24.67449783747801,1.680210000000006,Intel i9-9980HK macOS x86-64,C++20 -O2 -DNDEBUG -march=x86-64 -fno-fast-math -ffp-contract=off -fno-lto,ns/op,42.65123579808319
clang-O2,quaternion_normalize_checked,Raw,throughput,30,16.90397053028952,16.427925149923663,17.09760059196577,17.273134961891692,17.46496575280333,16.798606371369125,0.48900977906863546,17.54282745089685,16.79221347908198,16.995886851315987,59.15769941038394,58.48840645374147,60.87198275798848,1.6838810000001558,Intel i9-9980HK macOS x86-64,C++20 -O2 -DNDEBUG -march=x86-64 -fno-fast-math -ffp-contract=off -fno-lto,Mops/s,59.15769941038394
clang-O2,quaternion_normalize_checked,Vectoris,latency,30,36.440301672253334,36.05787665614434,36.892403064894374,37.21879650153388,38.35857587567194,36.37729781811376,1.0897259616893207,38.73841619019876,36.38465284202446,36.67572031602503,27.442145677831256,27.1058623343825,27.733250585499654,1.6685249999995904,Intel i9-9980HK macOS x86-64,C++20 -O2 -DNDEBUG -march=x86-64 -fno-fast-math -ffp-contract=off -fno-lto,ns/op,36.440301672253334
clang-O2,quaternion_normalize_checked,Vectoris,throughput,30,15.166777475063391,14.864030709473,15.670253532633128,16.51262040207057,16.993345041809622,15.30256019177166,0.5333921772189119,17.166514089515086,15.06273256190249,15.32408735212994,65.93360289521085,63.831710052784345,67.27650410251343,1.7337819999999342,Intel i9-9980HK macOS x86-64,C++20 -O2 -DNDEBUG -march=x86-64 -fno-fast-math -ffp-contract=off -fno-lto,Mops/s,65.93360289521085
clang-O2,quaternion_normalize_minimal,Eigen,latency,30,21.566204478642376,20.81415876470039,21.842928149766927,21.863983143517277,21.898370910093828,21.4279733377753,0.5457339391778732,21.90801511957789,21.430416266317454,21.75904999258703,46.36892705530221,45.78140840893676,48.047390271019836,1.6514820000000443,Intel i9-9980HK macOS x86-64,C++20 -O2 -DNDEBUG -march=x86-64 -fno-fast-math -ffp-contract=off -fno-lto,ns/op,21.566204478642376
clang-O2,quaternion_normalize_minimal,Eigen,throughput,30,4.162480104056988,4.006770206715477,4.2116883654050525,4.233003690657479,4.258397517405966,4.1455195091212875,0.07644785185373582,4.264054426388569,4.149579804102073,4.179653421995432,240.24138879519995,237.43454833097553,249.577897113934,1.6993609999999961,Intel i9-9980HK macOS x86-64,C++20 -O2 -DNDEBUG -march=x86-64 -fno-fast-math -ffp-contract=off -fno-lto,Mops/s,240.24138879519995
clang-O2,quaternion_normalize_minimal,GLM,latency,30,20.876298949386147,20.45536116128848,21.09830813791661,21.141773468475673,21.21072539527126,20.768222062779966,0.5157073182732907,21.227649621960825,20.78784184036063,20.993478646039357,47.90128253374674,47.39716652117729,48.8869919680291,1.664277999999989,Intel i9-9980HK macOS x86-64,C++20 -O2 -DNDEBUG -march=x86-64 -fno-fast-math -ffp-contract=off -fno-lto,ns/op,20.876298949386147
clang-O2,quaternion_normalize_minimal,GLM,throughput,30,3.5448250522240685,3.4747844720971126,3.5754639765655565,3.5930561065412765,3.715671529499533,3.535088296271748,0.0657216606973815,3.763764117423683,3.521915422731298,3.555951114398219,282.1014921968323,279.684309609018,287.78792945340973,1.661176999999924,Intel i9-9980HK macOS x86-64,C++20 -O2 -DNDEBUG -march=x86-64 -fno-fast-math -ffp-contract=off -fno-lto,Mops/s,282.1014921968323
clang-O2,quaternion_normalize_minimal,Raw,latency,30,20.298491652471817,19.298053959996828,20.653107180448455,20.813708078078633,20.885423631163423,20.152298357879317,0.622575222578861,20.893278816810515,20.183813579493226,20.349654645128723,49.264749151683965,48.41898144707944,51.81895122182294,1.6640150000000278,Intel i9-9980HK macOS x86-64,C++20 -O2 -DNDEBUG -march=x86-64 -fno-fast-math -ffp-contract=off -fno-lto,ns/op,20.298491652471817
clang-O2,quaternion_normalize_minimal,Raw,throughput,30,4.028524119959275,3.9292074505832195,4.062167698414057,4.0679846065881895,4.071270877550958,4.0064821240223445,0.08234196785343528,4.071992187134862,4.020044739415938,4.038013249510367,248.2298861703336,246.17400847952607,254.51260293151714,1.7666840000001685,Intel i9-9980HK macOS x86-64,C++20 -O2 -DNDEBUG -march=x86-64 -fno-fast-math -ffp-contract=off -fno-lto,Mops/s,248.2298861703336
clang-O2,quaternion_rotate,Eigen,latency,30,13.602325250184485,13.34078811715162,14.507294473995389,15.627485471019934,16.52197171244317,13.812053714191842,0.814104927620163,16.764671885946612,13.5293452735132,13.704618474417657,73.51687554670559,68.95057899561391,74.95860698246906,1.7356260000000248,Intel i9-9980HK macOS x86-64,C++20 -O2 -DNDEBUG -march=x86-64 -fno-fast-math -ffp-contract=off -fno-lto,ns/op,13.602325250184485
clang-O2,quaternion_rotate,Eigen,throughput,30,4.0305400759209284,3.976564181175553,4.077493396089945,4.088091408054807,4.102759306437311,4.029516715675281,0.03869235312818913,4.106141425312924,4.0041084366743025,4.053365381565518,248.10570821942798,245.2487238817922,251.47337320060075,1.679777999999743,Intel i9-9980HK macOS x86-64,C++20 -O2 -DNDEBUG -march=x86-64 -fno-fast-math -ffp-contract=off -fno-lto,Mops/s,248.10570821942798
clang-O2,quaternion_rotate,GLM,latency,30,14.988989895481465,14.498956229528762,15.13038083625591,15.158038474596642,15.177478786984885,14.85586409541827,0.4136435220185884,15.179447243355915,14.92539177225767,15.033185609750198,66.71566567926527,66.09219274057654,68.97072198669122,1.5488399999999842,Intel i9-9980HK macOS x86-64,C++20 -O2 -DNDEBUG -march=x86-64 -fno-fast-math -ffp-contract=off -fno-lto,ns/op,14.988989895481465
clang-O2,quaternion_rotate,GLM,throughput,30,4.1433512645912005,4.084287976338723,4.2030815165187185,4.23348610481843,4.476946911800282,4.148305808869378,0.1015303905246534,4.574876041630122,4.125151750330483,4.159319989110344,241.35052945655718,237.92167371173304,244.8407314241039,1.6821499999999787,Intel i9-9980HK macOS x86-64,C++20 -O2 -DNDEBUG -march=x86-64 -fno-fast-math -ffp-contract=off -fno-lto,Mops/s,241.35052945655718
clang-O2,quaternion_rotate,Raw,latency,30,14.538562158319468,14.10066416490088,14.756222263312551,14.834606536335883,14.914664912658981,14.406654888860412,0.434005040364574,14.927661945196334,14.448910320845055,14.559256402306742,68.78259641614898,67.76803537566146,70.93941419040415,1.7190470000000462,Intel i9-9980HK macOS x86-64,C++20 -O2 -DNDEBUG -march=x86-64 -fno-fast-math -ffp-contract=off -fno-lto,ns/op,14.538562158319468
clang-O2,quaternion_rotate,Raw,throughput,30,4.146057432897393,4.069509865431708,4.211410876489341,4.233210508748404,4.266514509305661,4.142243833356862,0.05866755419941915,4.277327904288726,4.127666160456915,4.158423322983448,241.1930469468648,237.45038415215276,245.72998724848682,1.691632000000084,Intel i9-9980HK macOS x86-64,C++20 -O2 -DNDEBUG -march=x86-64 -fno-fast-math -ffp-contract=off -fno-lto,Mops/s,241.1930469468648
clang-O2,quaternion_rotate,Vectoris,latency,30,46.62744349382006,45.801669815761095,47.210828764039896,47.31888023558423,47.35671701815537,46.40211146392984,0.8675998259718456,47.35811361098695,46.31828502575287,46.707687063428175,21.446598683472885,21.181585728669635,21.833287678734624,1.6783919999998602,Intel i9-9980HK macOS x86-64,C++20 -O2 -DNDEBUG -march=x86-64 -fno-fast-math -ffp-contract=off -fno-lto,ns/op,46.62744349382006
clang-O2,quaternion_rotate,Vectoris,throughput,30,34.404536603829,33.470307917302875,34.96606878024453,35.06238065685343,35.56730149541008,34.34068392612105,0.625794153603672,35.763545832985905,34.24229286601416,34.59337387360718,29.065934319285923,28.5991658507614,29.877229340714386,1.6627870000002076,Intel i9-9980HK macOS x86-64,C++20 -O2 -DNDEBUG -march=x86-64 -fno-fast-math -ffp-contract=off -fno-lto,Mops/s,29.065934319285923
clang-O2,quaternion_to_matrix_checked,Eigen,latency,30,12.670048743646209,12.441405415737304,12.860785223913114,12.89897527934953,13.207151017257688,12.654602462451999,0.2773250314295324,13.328329107229434,12.627338941705979,12.719222007607808,78.92644267727692,77.75578032707615,80.37678539240841,1.6605179999998543,Intel i9-9980HK macOS x86-64,C++20 -O2 -DNDEBUG -march=x86-64 -fno-fast-math -ffp-contract=off -fno-lto,ns/op,12.670048743646209
clang-O2,quaternion_to_matrix_checked,Eigen,throughput,30,18.90081290051431,18.374845049033087,19.38474003576795,19.90730898494972,21.10149026614996,18.964267774609223,0.620063466647167,21.434541466244376,18.792951015851173,19.009152605816162,52.90777887372603,51.58702392598021,54.422250433386374,1.6881990000000542,Intel i9-9980HK macOS x86-64,C++20 -O2 -DNDEBUG -march=x86-64 -fno-fast-math -ffp-contract=off -fno-lto,Mops/s,52.90777887372603
clang-O2,quaternion_to_matrix_checked,GLM,latency,30,14.852023839017654,14.407170567626387,15.195553142210567,15.233761133463476,15.344266256720056,14.798616595068829,0.3473732689230216,15.377360519014763,14.726627241734793,14.955078723236076,67.33090644876218,65.80872660035133,69.41008180695928,1.718785000000011,Intel i9-9980HK macOS x86-64,C++20 -O2 -DNDEBUG -march=x86-64 -fno-fast-math -ffp-contract=off -fno-lto,ns/op,14.852023839017654
clang-O2,quaternion_to_matrix_checked,GLM,throughput,30,25.82820473951354,25.226643755914072,26.170981731182728,26.47034842913137,26.892471830288272,25.734041224491726,0.5364533091922572,27.012138294314454,25.57669860865955,25.916856699378247,38.717388310309,38.210382926712334,39.64068223335839,1.7038610000000034,Intel i9-9980HK macOS x86-64,C++20 -O2 -DNDEBUG -march=x86-64 -fno-fast-math -ffp-contract=off -fno-lto,Mops/s,38.717388310309
clang-O2,quaternion_to_matrix_checked,Raw,latency,30,14.042272894536922,13.772225551621618,14.147730651268217,14.15323641035361,14.188591125667378,13.992593561655367,0.17503560111195354,14.201646000937302,13.957703475163505,14.103612739553256,71.2135619703285,70.68271411680773,72.60996249438236,1.6840520000000012,Intel i9-9980HK macOS x86-64,C++20 -O2 -DNDEBUG -march=x86-64 -fno-fast-math -ffp-contract=off -fno-lto,ns/op,14.042272894536922
clang-O2,quaternion_to_matrix_checked,Raw,throughput,30,24.859873282041363,24.59830839602151,25.044358379075288,25.160444748403926,25.452594317699987,24.816896875288254,0.3026314472886717,25.541686589182458,24.76951062933465,24.890222744129833,40.22546704171852,39.92915693563302,40.6532464784021,1.7002910000000497,Intel i9-9980HK macOS x86-64,C++20 -O2 -DNDEBUG -march=x86-64 -fno-fast-math -ffp-contract=off -fno-lto,Mops/s,40.22546704171852
clang-O2,quaternion_to_matrix_checked,Vectoris,latency,30,46.13319928088538,45.192852417904454,46.77898346408356,46.90697429646653,47.224711893955835,46.00043999726631,0.8025770671370382,47.31663059725648,45.925767184823414,46.36228659307575,21.676363714411984,21.3771214530949,22.128173358262558,1.6987329999999758,Intel i9-9980HK macOS x86-64,C++20 -O2 -DNDEBUG -march=x86-64 -fno-fast-math -ffp-contract=off -fno-lto,ns/op,46.13319928088538
clang-O2,quaternion_to_matrix_checked,Vectoris,throughput,30,52.08549008311289,51.126304220640606,53.39597229109906,55.09155615548623,56.37190895111437,52.282854874577794,1.2859526289616028,56.46555994924657,51.84642652048008,52.32490780077144,19.199210791411076,18.728126740946273,19.55940337050963,1.682928000000061,Intel i9-9980HK macOS x86-64,C++20 -O2 -DNDEBUG -march=x86-64 -fno-fast-math -ffp-contract=off -fno-lto,Mops/s,19.199210791411076
clang-O2,rotation_matrix_compose,Eigen,latency,30,10.84111543812185,10.320197018516966,11.46667559720709,15.378068166659618,28.205522731413595,11.7582048807416,4.219039620950908,33.12236192490523,10.754434041093685,10.90209307486019,92.2414620057306,87.73312912973238,96.90655583017968,1.7458599999999933,Intel i9-9980HK macOS x86-64,C++20 -O2 -DNDEBUG -march=x86-64 -fno-fast-math -ffp-contract=off -fno-lto,ns/op,10.84111543812185
clang-O2,rotation_matrix_compose,Eigen,throughput,30,5.6907680451456155,5.545101363788384,5.872426524773325,5.9732469138806135,6.188603315061937,5.695997581079792,0.19609959586212394,6.2512468246877395,5.626449221657847,5.7391257906408555,175.72332609626463,170.28770154079007,180.34089176720477,1.6754139999998756,Intel i9-9980HK macOS x86-64,C++20 -O2 -DNDEBUG -march=x86-64 -fno-fast-math -ffp-contract=off -fno-lto,Mops/s,175.72332609626463
clang-O2,rotation_matrix_compose,GLM,latency,30,11.911954567156723,11.609561083280719,12.12800972830618,12.261151728480982,13.024651661303814,11.946256942541842,0.3121431085467154,13.300595407071876,11.847889725781632,11.978887631834507,83.94928548127507,82.45380075510953,86.13590681690847,1.6164249999999356,Intel i9-9980HK macOS x86-64,C++20 -O2 -DNDEBUG -march=x86-64 -fno-fast-math -ffp-contract=off -fno-lto,ns/op,11.911954567156723
clang-O2,rotation_matrix_compose,GLM,throughput,30,6.299201706390353,6.143614776870939,7.811185741570917,9.5813384894454,19.45994474316845,7.27346973470867,3.164478387016218,23.300005716527696,6.22438938734037,6.578535585173638,158.750398842646,128.31160818570655,162.7717907909811,1.8071169999998917,Intel i9-9980HK macOS x86-64,C++20 -O2 -DNDEBUG -march=x86-64 -fno-fast-math -ffp-contract=off -fno-lto,Mops/s,158.750398842646
clang-O2,rotation_matrix_compose,Raw,latency,30,9.473684325788378,9.263563526506488,9.587888643052635,9.61505624910616,9.857310374063083,9.455313606623017,0.18638333778420543,9.951746011221143,9.416727958283225,9.551702378703592,105.55556616878783,104.29827280651544,107.95002788909369,1.6084740000000013,Intel i9-9980HK macOS x86-64,C++20 -O2 -DNDEBUG -march=x86-64 -fno-fast-math -ffp-contract=off -fno-lto,ns/op,9.473684325788378
clang-O2,rotation_matrix_compose,Raw,throughput,30,5.546976945947632,5.44765936214983,5.624540592876128,5.639477135531891,5.64274101139534,5.525670568201348,0.10207612570834577,5.643993817272458,5.513876831445739,5.5679860354867,180.27839460550305,177.7924330519397,183.56507986218557,1.6212430000000104,Intel i9-9980HK macOS x86-64,C++20 -O2 -DNDEBUG -march=x86-64 -fno-fast-math -ffp-contract=off -fno-lto,Mops/s,180.27839460550305
clang-O2,rotation_matrix_compose,Vectoris,latency,30,10.963129510144364,10.686631181172457,11.14044081422794,11.190868285446326,11.205877863546092,10.943562074282625,0.18058634305733584,11.211789443999427,10.881904214895071,11.047542681862948,91.21484497389828,89.76325315122301,93.57501699374548,1.7227780000000052,Intel i9-9980HK macOS x86-64,C++20 -O2 -DNDEBUG -march=x86-64 -fno-fast-math -ffp-contract=off -fno-lto,ns/op,10.963129510144364
clang-O2,rotation_matrix_compose,Vectoris,throughput,30,5.733393054154868,5.626226999694665,5.816530818212323,5.862968142991797,5.964942223183387,5.723237558115161,0.1107312754099149,6.002818667907408,5.690382824507226,5.77797350147349,174.41680668898982,171.92447961318152,177.7390151849266,1.658118000000016,Intel i9-9980HK macOS x86-64,C++20 -O2 -DNDEBUG -march=x86-64 -fno-fast-math -ffp-contract=off -fno-lto,Mops/s,174.41680668898982
clang-O2,rotation_matrix_vector,Eigen,latency,30,9.285241921296347,9.063651381524307,9.460757914531388,9.465935823448135,9.808959332611172,9.28769647956685,0.17910697326212235,9.948136525954267,9.231471140965596,9.340491821961686,107.69783525270333,105.6997775585674,110.3308486951952,1.6829269999997223,Intel i9-9980HK macOS x86-64,C++20 -O2 -DNDEBUG -march=x86-64 -fno-fast-math -ffp-contract=off -fno-lto,ns/op,9.285241921296347
clang-O2,rotation_matrix_vector,Eigen,throughput,30,2.094430894731052,2.0399191696996164,2.1434488457324363,2.1560445860328845,2.1733556325476164,2.0886375186599726,0.0537148600317325,2.176539277811485,2.078036004861442,2.1103589866621224,477.4566756792356,466.53785298951726,490.21965270768334,1.673390999999981,Intel i9-9980HK macOS x86-64,C++20 -O2 -DNDEBUG -march=x86-64 -fno-fast-math -ffp-contract=off -fno-lto,Mops/s,477.4566756792356
clang-O2,rotation_matrix_vector,GLM,latency,30,10.136209358923484,9.9418900890049,10.280470559756127,10.331686731689619,10.422482131439228,10.070762574107428,0.28184121218534663,10.454310084665893,10.033252609322018,10.204414608324644,98.65627694430415,97.2719404097954,100.58453830174363,1.6537959999999998,Intel i9-9980HK macOS x86-64,C++20 -O2 -DNDEBUG -march=x86-64 -fno-fast-math -ffp-contract=off -fno-lto,ns/op,10.136209358923484
clang-O2,rotation_matrix_vector,GLM,throughput,30,2.381396094434729,2.2905441372848347,2.399605564748113,2.4153930913735815,2.4565311065723217,2.357285270834729,0.06400513512335132,2.4729138326259394,2.3544471339674518,2.385507108535473,419.9218097967646,416.73684500094095,436.5929213965908,1.9255309999999906,Intel i9-9980HK macOS x86-64,C++20 -O2 -DNDEBUG -march=x86-64 -fno-fast-math -ffp-contract=off -fno-lto,Mops/s,419.9218097967646
clang-O2,rotation_matrix_vector,Raw,latency,30,9.484083038958339,9.362102041370212,9.60062158014521,9.636340182641195,9.674544225884391,9.481110586535891,0.12681288643405647,9.688869886391194,9.444596433244719,9.534870435283423,105.43994010224984,104.16004986052666,106.81361934274364,1.6540219999999977,Intel i9-9980HK macOS x86-64,C++20 -O2 -DNDEBUG -march=x86-64 -fno-fast-math -ffp-contract=off -fno-lto,ns/op,9.484083038958339
clang-O2,rotation_matrix_vector,Raw,throughput,30,2.3943106195816855,2.3630387718159693,2.4205298491612814,2.4273352356551205,2.4583262029022137,2.3921734193055655,0.026577023732147778,2.469386288664068,2.3814845870088455,2.403935201015761,417.6567541499658,413.13271881531307,423.1839551011666,1.6556000000000497,Intel i9-9980HK macOS x86-64,C++20 -O2 -DNDEBUG -march=x86-64 -fno-fast-math -ffp-contract=off -fno-lto,Mops/s,417.6567541499658
clang-O2,rotation_matrix_vector,Vectoris,latency,30,11.03895422292537,10.646778590077348,11.185244829819226,11.19861281886323,11.215316315837338,10.940091632893656,0.31908435189129764,11.220007917392135,10.951985346288039,11.086951085628165,90.58829373150738,89.40350064767188,93.92577757838646,1.6357060000003119,Intel i9-9980HK macOS x86-64,C++20 -O2 -DNDEBUG -march=x86-64 -fno-fast-math -ffp-contract=off -fno-lto,ns/op,11.03895422292537
clang-O2,rotation_matrix_vector,Vectoris,throughput,30,10.38856647610134,9.98236021394668,10.516692110175814,10.54155807533762,10.572246942731717,10.25628620685824,0.3523770814405264,10.580259654759047,10.252642332069055,10.429007189148827,96.25967191889936,95.0869454439115,100.20357472162932,1.6131889999998779,Intel i9-9980HK macOS x86-64,C++20 -O2 -DNDEBUG -march=x86-64 -fno-fast-math -ffp-contract=off -fno-lto,Mops/s,96.25967191889936
clang-O2,units_add,Raw,latency,30,5.684756603814572,5.594796485405085,5.733210209182281,5.745304930789758,5.835999845158337,5.677088262651447,0.06288977302999574,5.87230267424404,5.671108239853114,5.695643319802493,175.90903058641516,174.42240781217748,178.73751369750394,1.8716830000000186,Intel i9-9980HK macOS x86-64,C++20 -O2 -DNDEBUG -march=x86-64 -fno-fast-math -ffp-contract=off -fno-lto,ns/op,5.684756603814572
clang-O2,units_add,Raw,throughput,30,0.44895164735043847,0.44424903096167984,0.4535034422376915,0.4537814889435284,0.4610842899500311,0.4489343629065013,0.005050548380223164,0.4640622618552066,0.4480064277495492,0.4506304466587805,2227.4114293908287,2205.055010291584,2250.9911228383585,1.6804540000003385,Intel i9-9980HK macOS x86-64,C++20 -O2 -DNDEBUG -march=x86-64 -fno-fast-math -ffp-contract=off -fno-lto,Mops/s,2227.4114293908287
clang-O2,units_add,Vectoris,latency,30,5.697989558906435,5.634563967437453,6.2852211432599345,6.688254741052946,6.98888145937116,5.8152917363635375,0.39177655640847614,7.00078275913823,5.669298157397815,5.7333615551581705,175.5005239313096,159.10563832631559,177.47618254660074,1.698191000000179,Intel i9-9980HK macOS x86-64,C++20 -O2 -DNDEBUG -march=x86-64 -fno-fast-math -ffp-contract=off -fno-lto,ns/op,5.697989558906435
clang-O2,units_add,Vectoris,throughput,30,0.44776561312373886,0.44362021659124906,0.4499970259299527,0.4513492734239654,0.4535356647673198,0.44682087023400796,0.005113499655549411,0.4540998388132835,0.4470556724952701,0.4491597748792983,2233.3112925289824,2222.2370742650464,2254.1929970995243,1.680322000000011,Intel i9-9980HK macOS x86-64,C++20 -O2 -DNDEBUG -march=x86-64 -fno-fast-math -ffp-contract=off -fno-lto,Mops/s,2233.3112925289824
clang-O2,vector_add,Eigen,latency,30,6.31914689794438,5.955853590425311,6.360676955928544,6.370721502622828,6.385989083309525,6.2546344362291695,0.1589999643587031,6.390456338210106,6.296941397826474,6.335854542833811,158.24921514374827,157.21598013793724,167.9022736239534,1.6654969999997888,Intel i9-9980HK macOS x86-64,C++20 -O2 -DNDEBUG -march=x86-64 -fno-fast-math -ffp-contract=off -fno-lto,ns/op,6.31914689794438
clang-O2,vector_add,Eigen,throughput,30,0.9339778466903292,0.9151913292501922,0.9490514365640377,0.9537629777883012,0.9611204970367593,0.9326329632438685,0.01435206676809753,0.9632412757208687,0.9274907341436796,0.9391830758616629,1070.6892665509292,1053.6842225291273,1092.6678122017686,2.0209700000000055,Intel i9-9980HK macOS x86-64,C++20 -O2 -DNDEBUG -march=x86-64 -fno-fast-math -ffp-contract=off -fno-lto,Mops/s,1070.6892665509292
clang-O2,vector_add,GLM,latency,30,6.479005484083991,6.371329721174458,6.560675058507713,6.563386583070863,6.580912736617128,6.450905687005613,0.13071942231033126,6.587913089432989,6.43424110594863,6.496445802933621,154.3446896717789,152.4233411971483,156.95320736688885,1.6615710000000663,Intel i9-9980HK macOS x86-64,C++20 -O2 -DNDEBUG -march=x86-64 -fno-fast-math -ffp-contract=off -fno-lto,ns/op,6.479005484083991
clang-O2,vector_add,GLM,throughput,30,0.8302882396408177,0.8213265294866241,0.8504946282984687,0.8658602096657135,0.8855375032501269,0.8342680131633446,0.0158442149647892,0.8920461693325311,0.8290394520097605,0.8337494959001797,1204.4010378894018,1175.8071794699617,1217.5433143566195,1.6608669999997971,Intel i9-9980HK macOS x86-64,C++20 -O2 -DNDEBUG -march=x86-64 -fno-fast-math -ffp-contract=off -fno-lto,Mops/s,1204.4010378894018
clang-O2,vector_add,Raw,latency,30,6.440494128139507,6.301181631746423,6.484817309351583,6.492900690168929,6.508602135367056,6.401241226507994,0.13295789830376106,6.51242569162089,6.4152449274923065,6.459127895501219,155.2675966856097,154.20634885933202,158.70293028058452,1.692284999999913,Intel i9-9980HK macOS x86-64,C++20 -O2 -DNDEBUG -march=x86-64 -fno-fast-math -ffp-contract=off -fno-lto,ns/op,6.440494128139507
clang-O2,vector_add,Raw,throughput,30,0.826865594816913,0.8125673766257001,0.8734870373739012,0.8900427105025894,0.9117579571184571,0.8337751669933249,0.026092795968255204,0.9161592379505312,0.8235287644527189,0.8313780287326775,1209.386545262426,1144.8383658395721,1230.680914681999,1.7062020000000475,Intel i9-9980HK macOS x86-64,C++20 -O2 -DNDEBUG -march=x86-64 -fno-fast-math -ffp-contract=off -fno-lto,Mops/s,1209.386545262426
clang-O2,vector_add,Vectoris,latency,30,6.486399325600225,6.436682590041391,6.808799995034125,7.073329095980098,7.620894423392687,6.573679097023017,0.2898779830064433,7.806860031126364,6.478170598183926,6.528937734567102,154.16874156551685,146.87670753941114,155.3605424637861,1.7227380000000494,Intel i9-9980HK macOS x86-64,C++20 -O2 -DNDEBUG -march=x86-64 -fno-fast-math -ffp-contract=off -fno-lto,ns/op,6.486399325600225
clang-O2,vector_add,Vectoris,throughput,30,0.8663222638359305,0.8498144155411193,0.8772533119573338,0.8929024483714999,0.929958634718854,0.8658790545825057,0.024361454796942766,0.941792841517766,0.8631999648076609,0.8718369939439483,1154.3052275745772,1139.927049098918,1176.7277022467326,1.72056899999987,Intel i9-9980HK macOS x86-64,C++20 -O2 -DNDEBUG -march=x86-64 -fno-fast-math -ffp-contract=off -fno-lto,Mops/s,1154.3052275745772
clang-O2,vector_cross,Eigen,latency,30,7.999040609171828,7.912449606369742,8.078402904567294,8.132162624472178,8.345851071126935,7.9943292633501075,0.13821512334300237,8.416582669601288,7.983153036375622,8.02547125853934,125.01500449671792,123.78684776863805,126.38337115386395,1.6466940000000818,Intel i9-9980HK macOS x86-64,C++20 -O2 -DNDEBUG -march=x86-64 -fno-fast-math -ffp-contract=off -fno-lto,ns/op,7.999040609171828
clang-O2,vector_cross,Eigen,throughput,30,1.5161676335821075,1.4933963191024722,1.5288602430352698,1.5389729167837267,1.6707069377720374,1.5195329397283683,0.04165438983789065,1.723213943283448,1.5072214778805542,1.5233389126472563,659.5578526962461,654.0832223472178,669.6148257216586,1.7013539999999523,Intel i9-9980HK macOS x86-64,C++20 -O2 -DNDEBUG -march=x86-64 -fno-fast-math -ffp-contract=off -fno-lto,Mops/s,659.5578526962461
clang-O2,vector_cross,GLM,latency,30,8.108939473173699,8.034707973660888,8.573024630205055,10.134381308727335,15.166756557723536,8.564206713537152,1.6871214033477315,17.057128396394585,8.094789982648315,8.16969312245875,123.32069863273944,116.82609084191083,124.46045504731786,1.7321539999999518,Intel i9-9980HK macOS x86-64,C++20 -O2 -DNDEBUG -march=x86-64 -fno-fast-math -ffp-contract=off -fno-lto,ns/op,8.108939473173699
clang-O2,vector_cross,GLM,throughput,30,1.4803849594037923,1.4609776349638453,1.487931072166112,1.5008786104330625,1.5054453617286092,1.4743433790423766,0.025340648059442066,1.5056113313537947,1.4763832137118327,1.4831863957504914,675.5000072695635,672.0762183089744,684.5008830905408,1.6727160000000048,Intel i9-9980HK macOS x86-64,C++20 -O2 -DNDEBUG -march=x86-64 -fno-fast-math -ffp-contract=off -fno-lto,Mops/s,675.5000072695635
clang-O2,vector_cross,Raw,latency,30,7.974054986566362,7.893407073823844,8.034757886065611,8.070451251795426,8.136768145579968,7.978761576859403,0.059748673040296886,8.157722278488503,7.961924220977509,7.99322267680216,125.40671276466587,124.45932170721662,126.6880086946802,1.6749329999999532,Intel i9-9980HK macOS x86-64,C++20 -O2 -DNDEBUG -march=x86-64 -fno-fast-math -ffp-contract=off -fno-lto,ns/op,7.974054986566362
clang-O2,vector_cross,Raw,throughput,30,1.4669529301398687,1.4340197760580782,1.49890744741895,1.5010426632281753,1.503618637177184,1.463090339592131,0.02917213483999433,1.5044110619025572,1.4603153943726328,1.4744146090975452,681.6854347292993,667.1526603272957,697.3409890182918,1.649086000000068,Intel i9-9980HK macOS x86-64,C++20 -O2 -DNDEBUG -march=x86-64 -fno-fast-math -ffp-contract=off -fno-lto,Mops/s,681.6854347292993
clang-O2,vector_dot,Eigen,latency,30,8.793677201574447,8.69871837198323,8.921341359427839,9.144508270104888,9.429918440725956,8.831254252708517,0.17332552727405537,9.521843443063991,8.760666913298763,8.842596388594544,113.71808224073166,112.09420925069129,114.9594799806567,1.6840049999999567,Intel i9-9980HK macOS x86-64,C++20 -O2 -DNDEBUG -march=x86-64 -fno-fast-math -ffp-contract=off -fno-lto,ns/op,8.793677201574447
clang-O2,vector_dot,Eigen,throughput,30,0.9572069005835251,0.9468194409603173,0.9682696698560858,0.9711407177343411,0.9771028247654624,0.9566231925641275,0.011302246590788722,0.9790445719029967,0.954156800325966,0.9602777471937287,1044.7062230236158,1032.7703750972478,1056.1688559410175,1.6895310000000165,Intel i9-9980HK macOS x86-64,C++20 -O2 -DNDEBUG -march=x86-64 -fno-fast-math -ffp-contract=off -fno-lto,Mops/s,1044.7062230236158
clang-O2,vector_dot,GLM,latency,30,8.750972820056809,8.592357522045896,8.840176894754865,8.935723182070085,9.095440454538227,8.738748107093791,0.1487438621919817,9.134663637533937,8.729026802601677,8.769644001954317,114.27300947968442,113.11995866279145,116.38265945590378,1.6510050000001402,Intel i9-9980HK macOS x86-64,C++20 -O2 -DNDEBUG -march=x86-64 -fno-fast-math -ffp-contract=off -fno-lto,ns/op,8.750972820056809
clang-O2,vector_dot,GLM,throughput,30,1.0921323884379022,1.0675607022903408,1.1892582591771745,1.2236881798244492,1.2450980453179916,1.1064710802363718,0.050564313534320726,1.2530983386705519,1.0860705722887394,1.1012064820350262,915.6412139642594,840.9271479218812,936.7175478933499,1.7138319999999967,Intel i9-9980HK macOS x86-64,C++20 -O2 -DNDEBUG -march=x86-64 -fno-fast-math -ffp-contract=off -fno-lto,Mops/s,915.6412139642594
clang-O2,vector_dot,Raw,latency,30,8.718195744683836,8.609796987370885,8.785209773526983,8.795949117072892,8.8265754508117,8.713249796040417,0.06890476142370651,8.837872185807655,8.688846609751817,8.750705607899395,114.70265129548756,113.82768294891225,116.14677732249133,1.6803439999998773,Intel i9-9980HK macOS x86-64,C++20 -O2 -DNDEBUG -march=x86-64 -fno-fast-math -ffp-contract=off -fno-lto,ns/op,8.718195744683836
clang-O2,vector_dot,Raw,throughput,30,1.0944548339433458,1.0661257432999656,1.1035093223654997,1.1159638561250287,1.1290859002849893,1.0870224397338695,0.02367150707532907,1.1318725826331022,1.08033524421719,1.0983306872168686,913.6970624923872,906.2017284754452,937.9771197068322,1.7734820000000158,Intel i9-9980HK macOS x86-64,C++20 -O2 -DNDEBUG -march=x86-64 -fno-fast-math -ffp-contract=off -fno-lto,Mops/s,913.6970624923872
clang-O2,vector_dot,Vectoris,latency,30,8.782390045953214,8.579377901666202,9.074723323909788,9.446928367962103,9.898390692115974,8.836782650052646,0.34078541460283523,10.016634892987001,8.737844721144175,8.88511511853939,113.8642345923157,110.20063565599696,116.5586865014635,1.693279999999973,Intel i9-9980HK macOS x86-64,C++20 -O2 -DNDEBUG -march=x86-64 -fno-fast-math -ffp-contract=off -fno-lto,ns/op,8.782390045953214
clang-O2,vector_dot,Vectoris,throughput,30,1.092788225627986,1.061952445306008,1.1033654269065123,1.1053134632891846,1.1068423814997213,1.081314697107522,0.036525606970584434,1.1070257490100701,1.0866188875587806,1.0982055048755095,915.0933968290722,906.318080662137,941.7470704978078,1.6884449999999875,Intel i9-9980HK macOS x86-64,C++20 -O2 -DNDEBUG -march=x86-64 -fno-fast-math -ffp-contract=off -fno-lto,Mops/s,915.0933968290722
clang-O2,vector_norm,Eigen,latency,30,13.873057723901116,13.553162963152516,14.257584136381517,14.603421303292246,15.13363607064341,13.850306440830671,0.5667932284571403,15.23902463073837,13.78281412170935,13.969664504882013,72.08221422915777,70.13811631391526,73.78439341722093,1.665995000000237,Intel i9-9980HK macOS x86-64,C++20 -O2 -DNDEBUG -march=x86-64 -fno-fast-math -ffp-contract=off -fno-lto,ns/op,13.873057723901116
clang-O2,vector_norm,Eigen,throughput,30,1.7034883043725415,1.694160785652897,1.7175120034609508,1.7239605308543047,1.7276171633761288,1.7049652517734823,0.010888423051771533,1.7290436653423302,1.6980620585564628,1.710349414944405,587.0307430097024,582.2384144091976,590.2627641891601,1.656822999999946,Intel i9-9980HK macOS x86-64,C++20 -O2 -DNDEBUG -march=x86-64 -fno-fast-math -ffp-contract=off -fno-lto,Mops/s,587.0307430097024
clang-O2,vector_norm,GLM,latency,30,13.856689722193803,13.679638284807487,14.09692686418991,14.205945333447264,14.457297299842757,13.867204018417706,0.2050735846764463,14.524427403873382,13.789316883805794,13.894064223506724,72.16732697238984,70.93744712364928,73.10136458793616,1.7079370000000154,Intel i9-9980HK macOS x86-64,C++20 -O2 -DNDEBUG -march=x86-64 -fno-fast-math -ffp-contract=off -fno-lto,ns/op,13.856689722193803
clang-O2,vector_norm,GLM,throughput,30,1.716377230688635,1.6768879680465032,1.761637116562106,1.9307259523472906,2.0845815104999543,1.73914380655043,0.0960342981297486,2.092631917104156,1.7063497582647154,1.7262282519059955,582.6227312198819,567.6543320893953,596.3429199384369,1.709315999999987,Intel i9-9980HK macOS x86-64,C++20 -O2 -DNDEBUG -march=x86-64 -fno-fast-math -ffp-contract=off -fno-lto,Mops/s,582.6227312198819
clang-O2,vector_norm,Raw,latency,30,13.759677191054767,13.612140188776817,13.981565517719805,14.093678339690234,14.662529003659749,13.802274167000508,0.2482973169599292,14.869511376801894,13.701017025632998,13.79143840791571,72.67613168535965,71.5228021034551,73.46392102931031,1.652716000000055,Intel i9-9980HK macOS x86-64,C++20 -O2 -DNDEBUG -march=x86-64 -fno-fast-math -ffp-contract=off -fno-lto,ns/op,13.759677191054767
clang-O2,vector_norm,Raw,throughput,30,1.6974564601492426,1.6727864678544304,1.7118791053892815,1.7173046898559383,1.7492198913700994,1.6956407714910726,0.022701570615001006,1.7604949529133744,1.6923182427153356,1.7042886784736342,589.1170508101695,584.1534006608023,597.8059412555094,1.6502269999999868,Intel i9-9980HK macOS x86-64,C++20 -O2 -DNDEBUG -march=x86-64 -fno-fast-math -ffp-contract=off -fno-lto,Mops/s,589.1170508101695
clang-O2,vector_norm,Vectoris,latency,30,13.96267666940199,13.769786573646279,14.114534969846007,14.180852739402836,14.258572873592055,13.955372737052558,0.1467996931336566,14.270585809436575,13.889723826151911,14.003583826354689,71.61951522862665,70.84895333972351,72.62303568819543,1.6825429999998394,Intel i9-9980HK macOS x86-64,C++20 -O2 -DNDEBUG -march=x86-64 -fno-fast-math -ffp-contract=off -fno-lto,ns/op,13.96267666940199
clang-O2,vector_norm,Vectoris,throughput,30,2.408827213498247,2.3635299045879097,2.4455354402776686,2.449041002147538,2.462985875171515,2.40474352474453,0.035907339671652105,2.467522884500989,2.3911582115970593,2.4209900067333106,415.1405528643869,408.9084065424187,423.09618280876725,1.6977510000000038,Intel i9-9980HK macOS x86-64,C++20 -O2 -DNDEBUG -march=x86-64 -fno-fast-math -ffp-contract=off -fno-lto,Mops/s,415.1405528643869
clang-O2,vector_normalize_checked,Eigen,latency,30,27.616447967515175,25.836386063968412,27.833852563442804,27.889689155240855,28.009473479689895,27.246873409401097,0.9709801624614166,28.052283429578353,27.42570471882907,27.732163662943268,36.21031165327835,35.9274807374907,38.705235995615375,1.6702010000000005,Intel i9-9980HK macOS x86-64,C++20 -O2 -DNDEBUG -march=x86-64 -fno-fast-math -ffp-contract=off -fno-lto,ns/op,27.616447967515175
clang-O2,vector_normalize_checked,Eigen,throughput,30,23.397910020739538,22.687196663878748,27.526060182598343,27.702123948716512,29.699460476289378,24.264928802046274,2.049516578102885,30.492693412053182,22.89256014848882,24.471986542758117,42.738868314274235,36.329271735065326,44.07787345345339,1.7560779999999738,Intel i9-9980HK macOS x86-64,C++20 -O2 -DNDEBUG -march=x86-64 -fno-fast-math -ffp-contract=off -fno-lto,Mops/s,42.738868314274235
clang-O2,vector_normalize_checked,GLM,latency,30,29.459326034870312,28.6712617918063,29.816015911488186,29.94611260379879,30.050645976815996,29.308136463597446,0.7709958978419345,30.083125490952714,29.34905041563496,29.67172370390374,33.94513012697567,33.53906294094593,34.87813933881103,1.6554809999999947,Intel i9-9980HK macOS x86-64,C++20 -O2 -DNDEBUG -march=x86-64 -fno-fast-math -ffp-contract=off -fno-lto,ns/op,29.459326034870312
clang-O2,vector_normalize_checked,GLM,throughput,30,22.42374674874512,22.121838870720364,22.792832325383223,22.862500781337797,22.92398413102191,22.437974857568857,0.2709983172245268,22.93975585861976,22.298363709335657,22.59084496448669,44.59558587551537,43.873457994141724,45.204210498982775,1.6835779999999403,Intel i9-9980HK macOS x86-64,C++20 -O2 -DNDEBUG -march=x86-64 -fno-fast-math -ffp-contract=off -fno-lto,Mops/s,44.59558587551537
clang-O2,vector_normalize_checked,Raw,latency,30,28.21058738003112,27.827161190739673,28.563870078402083,29.058853476366387,35.218352458498295,28.501292742600878,1.8079832173145511,37.72765226654927,28.13963884034112,28.370360134605242,35.44768466738533,35.01032334830369,35.93611544741906,1.67786499999999,Intel i9-9980HK macOS x86-64,C++20 -O2 -DNDEBUG -march=x86-64 -fno-fast-math -ffp-contract=off -fno-lto,ns/op,28.21058738003112
clang-O2,vector_normalize_checked,Raw,throughput,30,21.662362932130684,21.276628629354132,22.091315273587224,22.349372551311397,23.314454722916008,21.703210520341322,0.522152518441217,23.68350306129475,21.51089037182028,21.807622559666566,46.163016720258156,45.26699938332007,47.00039341628553,1.6570399999999952,Intel i9-9980HK macOS x86-64,C++20 -O2 -DNDEBUG -march=x86-64 -fno-fast-math -ffp-contract=off -fno-lto,Mops/s,46.163016720258156
clang-O2,vector_normalize_checked,Vectoris,latency,30,36.317794504012085,35.649583096138066,36.816578364167285,37.17318864835579,37.40551603050839,36.23886318557946,0.8188016197340566,37.431066242328484,36.21069225950004,36.54735996278172,27.534726224145142,27.16172606075355,28.050944667885314,1.6653529999999253,Intel i9-9980HK macOS x86-64,C++20 -O2 -DNDEBUG -march=x86-64 -fno-fast-math -ffp-contract=off -fno-lto,ns/op,36.317794504012085
clang-O2,vector_normalize_checked,Vectoris,throughput,30,26.119916986127137,25.619646385729695,26.67194419394142,26.775093934250798,28.611353722946824,26.12556963063601,0.8768946476620633,29.337582337311424,25.88351454211734,26.320995729572964,38.28501328994755,37.49258591826597,39.03255657383023,1.6598699999998985,Intel i9-9980HK macOS x86-64,C++20 -O2 -DNDEBUG -march=x86-64 -fno-fast-math -ffp-contract=off -fno-lto,Mops/s,38.28501328994755
clang-O2,vector_normalize_minimal,Eigen,latency,30,19.028904661007612,18.74876426277294,19.186370972690252,19.241509464035722,19.328132956300532,18.978705780179258,0.26327424021878537,19.358520323548667,18.91497265984512,19.117564668498705,52.55170754650848,52.12035606763214,53.336886006054314,1.6792299999999045,Intel i9-9980HK macOS x86-64,C++20 -O2 -DNDEBUG -march=x86-64 -fno-fast-math -ffp-contract=off -fno-lto,ns/op,19.028904661007612
clang-O2,vector_normalize_minimal,Eigen,throughput,30,4.134570406051644,4.0999777820137515,4.189788928652754,4.196194063030314,4.214158207497326,4.134160490799369,0.04453989218400125,4.220976183748775,4.12383121990863,4.141441919753185,241.86310338830322,238.67554327965425,243.90417720637558,1.6898340000001895,Intel i9-9980HK macOS x86-64,C++20 -O2 -DNDEBUG -march=x86-64 -fno-fast-math -ffp-contract=off -fno-lto,Mops/s,241.86310338830322
clang-O2,vector_normalize_minimal,GLM,latency,30,18.85931527794988,18.5778739269793,18.967394633098067,19.021235418195158,19.073058062972773,18.7701087827743,0.3200277592862936,19.08121787304074,18.78182653251283,18.915655496083247,53.02430225798771,52.722057406237624,53.82750124845503,1.6931289999999992,Intel i9-9980HK macOS x86-64,C++20 -O2 -DNDEBUG -march=x86-64 -fno-fast-math -ffp-contract=off -fno-lto,ns/op,18.85931527794988
clang-O2,vector_normalize_minimal,GLM,throughput,30,3.026624135616007,2.9966480080195335,3.054433015957703,3.0858828636718107,3.1047026825396573,3.029284051907544,0.02817254885193925,3.1061085024192026,3.020056970234039,3.035980071203114,330.4011186036903,327.3936259030324,333.70620514994505,1.8603350000000205,Intel i9-9980HK macOS x86-64,C++20 -O2 -DNDEBUG -march=x86-64 -fno-fast-math -ffp-contract=off -fno-lto,Mops/s,330.4011186036903
clang-O2,vector_normalize_minimal,Raw,latency,30,18.318969263093262,17.984575723555047,18.44970645456335,18.534668323526017,18.587895697542418,18.17792520088616,0.4830324061882688,18.595891906332877,18.208576711932622,18.375582792998614,54.58822426930628,54.201438289584104,55.613428483566416,1.6731829999999945,Intel i9-9980HK macOS x86-64,C++20 -O2 -DNDEBUG -march=x86-64 -fno-fast-math -ffp-contract=off -fno-lto,ns/op,18.318969263093262
clang-O2,vector_normalize_minimal,Raw,throughput,30,4.04501915192499,3.9884125086084223,4.211233381946315,4.641519975654846,4.9991906002671085,4.117377647479762,0.24601284521588962,5.00346901602376,4.03162825843894,4.068421122644148,247.21765644586947,237.46017610404738,250.72653100866276,1.7051270000000045,Intel i9-9980HK macOS x86-64,C++20 -O2 -DNDEBUG -march=x86-64 -fno-fast-math -ffp-contract=off -fno-lto,Mops/s,247.21765644586947
clang-O2,vector_scalar,Eigen,latency,30,6.24079372621917,6.044922750151631,6.300708117146371,6.314547848664717,6.322876604209338,6.192740124638083,0.15864518195881444,6.325372288928553,6.211766276331661,6.257672276135217,160.23604355374454,158.71237445955492,165.42813982636218,1.6653659999999493,Intel i9-9980HK macOS x86-64,C++20 -O2 -DNDEBUG -march=x86-64 -fno-fast-math -ffp-contract=off -fno-lto,ns/op,6.24079372621917
clang-O2,vector_scalar,Eigen,throughput,30,0.6575766217750738,0.6470504259012478,0.6659025138631818,0.6688246011103295,0.6746775302196476,0.6566741381914809,0.010167077143673358,0.6767260962940722,0.6556243116188646,0.6608965326687783,1520.736037413601,1501.7226696869025,1545.4913927494151,1.7261249999993995,Intel i9-9980HK macOS x86-64,C++20 -O2 -DNDEBUG -march=x86-64 -fno-fast-math -ffp-contract=off -fno-lto,Mops/s,1520.736037413601
clang-O2,vector_scalar,GLM,latency,30,5.891217206213792,5.827525836053382,6.00484696294919,6.278480481516987,6.82660302427276,5.942774868708335,0.22865260103059032,6.959372242058789,5.857753880354965,5.908325940820129,169.74421736490837,166.53213799251753,171.59941195942727,1.7788380000000077,Intel i9-9980HK macOS x86-64,C++20 -O2 -DNDEBUG -march=x86-64 -fno-fast-math -ffp-contract=off -fno-lto,ns/op,5.891217206213792
clang-O2,vector_scalar,GLM,throughput,30,0.6579693955416951,0.6496139790594947,0.6621286521893488,0.6629514945894254,0.663678641901742,0.6564314643681683,0.0049440166341576525,0.6638306955625861,0.6549324020963141,0.659158731893567,1519.8275471373474,1510.2805701645038,1539.3757607438463,1.6548020000001316,Intel i9-9980HK macOS x86-64,C++20 -O2 -DNDEBUG -march=x86-64 -fno-fast-math -ffp-contract=off -fno-lto,Mops/s,1519.8275471373474
clang-O2,vector_scalar,Raw,latency,30,5.8574886944293,5.8091532580767,5.923254158154915,5.946253115585608,5.98125493992118,5.862868773791372,0.05327779823245109,5.988441713475518,5.8396134914237745,5.8877578529291075,170.72168697490065,168.8261186691807,172.14212805514828,1.6925970000004895,Intel i9-9980HK macOS x86-64,C++20 -O2 -DNDEBUG -march=x86-64 -fno-fast-math -ffp-contract=off -fno-lto,ns/op,5.8574886944293
clang-O2,vector_scalar,Raw,throughput,30,0.6589342364084132,0.652326471978537,0.689729223833717,0.7208810331623745,0.7399858626407411,0.6666703985633797,0.023183517396580797,0.7471094239513951,0.6569017893654856,0.6613073393422597,1517.6021357163938,1450.1210915339223,1532.9803623998557,1.4336799999999528,Intel i9-9980HK macOS x86-64,C++20 -O2 -DNDEBUG -march=x86-64 -fno-fast-math -ffp-contract=off -fno-lto,Mops/s,1517.6021357163938
clang-O2,vector_scalar,Vectoris,latency,30,6.336153400385063,6.275516633459729,6.400586764075088,6.45261297343151,6.646782960872494,6.3499375568158785,0.08731330743492959,6.715213104657221,6.323905876947901,6.3651488036388955,157.8244627374446,156.23583627254553,159.34970181792602,1.456999000000053,Intel i9-9980HK macOS x86-64,C++20 -O2 -DNDEBUG -march=x86-64 -fno-fast-math -ffp-contract=off -fno-lto,ns/op,6.336153400385063
clang-O2,vector_scalar,Vectoris,throughput,30,0.6582151248980543,0.6486245038565567,0.663641297585583,0.6642877031996912,0.6650189720425419,0.6564226534180392,0.007283302831690715,0.6651739314164511,0.6559965058153581,0.659344971193895,1519.2601721492424,1506.8381299364044,1541.7243915789054,1.6884819999999507,Intel i9-9980HK macOS x86-64,C++20 -O2 -DNDEBUG -march=x86-64 -fno-fast-math -ffp-contract=off -fno-lto,Mops/s,1519.2601721492424
clang-O2,vector_subtract,Eigen,latency,30,6.6693103130247104,6.482557821931715,6.72167457099677,6.834058928295823,7.133244770739181,6.634571750837177,0.19923955671487706,7.219224834778052,6.621447082144661,6.685766629570027,149.94056157678824,148.77245672178557,154.26394154814523,1.648511999999812,Intel i9-9980HK macOS x86-64,C++20 -O2 -DNDEBUG -march=x86-64 -fno-fast-math -ffp-contract=off -fno-lto,ns/op,6.6693103130247104
clang-O2,vector_subtract,Eigen,throughput,30,0.9341535131896093,0.9161680369946017,0.9486387385080756,0.9642941280392932,0.991944091112368,0.9333729958244913,0.020417781705575056,0.9982071583833637,0.928161678673755,0.9365561789532695,1070.4881895403532,1054.1421134904351,1091.5092050010064,1.674826000000053,Intel i9-9980HK macOS x86-64,C++20 -O2 -DNDEBUG -march=x86-64 -fno-fast-math -ffp-contract=off -fno-lto,Mops/s,1070.4881895403532
clang-O2,vector_subtract,GLM,latency,30,6.356232926405283,6.312482886955247,6.48665056509142,7.142609525918704,7.664725151200183,6.450112815283551,0.3310640135687505,7.6852427823067435,6.341982379371283,6.369901537704752,157.3259327125154,154.1652940811552,158.41627809041404,1.6972010000000068,Intel i9-9980HK macOS x86-64,C++20 -O2 -DNDEBUG -march=x86-64 -fno-fast-math -ffp-contract=off -fno-lto,ns/op,6.356232926405283
clang-O2,vector_subtract,GLM,throughput,30,0.8335499282282877,0.8211935624954678,0.8577009798006483,0.9079890214477555,0.9539836863217162,0.8411890005687025,0.033099672181464174,0.9589266958243544,0.8313516719438309,0.8370395215421711,1199.6886238658844,1165.9212026546852,1217.7397335605212,1.7258149999999546,Intel i9-9980HK macOS x86-64,C++20 -O2 -DNDEBUG -march=x86-64 -fno-fast-math -ffp-contract=off -fno-lto,Mops/s,1199.6886238658844
clang-O2,vector_subtract,Raw,latency,30,6.303439541468029,6.209659158518411,6.489693376884248,6.644261237679167,6.839315499288513,6.331158817974807,0.15399425800458413,6.892320321285537,6.253078800590487,6.328492054695225,158.64375770894407,154.0927350792165,161.0394789995391,1.6856600000002686,Intel i9-9980HK macOS x86-64,C++20 -O2 -DNDEBUG -march=x86-64 -fno-fast-math -ffp-contract=off -fno-lto,ns/op,6.303439541468029
clang-O2,vector_subtract,Raw,throughput,30,0.8246029077152927,0.813004414390352,0.8317575358867388,0.8335077940732105,0.8459519469443595,0.824111448943892,0.008492103814113241,0.8509516398191497,0.8225228362983728,0.8264889791406864,1212.7063628706624,1202.2738819489107,1230.0085068791013,1.7000749999999414,Intel i9-9980HK macOS x86-64,C++20 -O2 -DNDEBUG -march=x86-64 -fno-fast-math -ffp-contract=off -fno-lto,Mops/s,1212.7063628706624
clang-O2,vector_subtract,Vectoris,latency,30,6.350349119556785,6.292842292996352,6.435645934589585,6.5123563559352515,6.637060268835059,6.361800507876713,0.09834214986698189,6.673381990717942,6.3263295154505155,6.37842831410166,157.47177643464767,155.38500954037448,158.91091924435034,1.6091729999999913,Intel i9-9980HK macOS x86-64,C++20 -O2 -DNDEBUG -march=x86-64 -fno-fast-math -ffp-contract=off -fno-lto,ns/op,6.350349119556785
clang-O2,vector_subtract,Vectoris,throughput,30,0.8665868768332106,0.851110050244775,0.878964024217968,0.8906358268874465,0.9458920312912058,0.8689791719136548,0.02194034200840612,0.9656357299815211,0.8625855903432402,0.871259925678652,1153.9536671568221,1137.7046788264504,1174.9364199200293,1.6678810000001079,Intel i9-9980HK macOS x86-64,C++20 -O2 -DNDEBUG -march=x86-64 -fno-fast-math -ffp-contract=off -fno-lto,Mops/s,1153.9536671568221
clang-O2,velocity_time,Raw,latency,30,9.683714706464238,9.595368382616359,9.810331068345649,9.856805100974396,9.98154251251189,9.701283401337168,0.10622881023191609,10.032184647862865,9.659270555906634,9.728554786210733,103.26622297933358,101.93360235362354,104.2169503751096,1.720869999999877,Intel i9-9980HK macOS x86-64,C++20 -O2 -DNDEBUG -march=x86-64 -fno-fast-math -ffp-contract=off -fno-lto,ns/op,9.683714706464238
clang-O2,velocity_time,Raw,throughput,30,1.1354073884530185,1.1224301650056403,1.156315717750101,1.176633659096239,1.219578338102386,1.1392265446867293,0.02484026480947571,1.2363454159902483,1.1304567781334334,1.1422162890625684,880.7411537504233,864.8386859813681,890.9251524563733,1.7103849999998888,Intel i9-9980HK macOS x86-64,C++20 -O2 -DNDEBUG -march=x86-64 -fno-fast-math -ffp-contract=off -fno-lto,Mops/s,880.7411537504233
clang-O2,velocity_time,Vectoris,latency,30,9.6679070811889,9.545019862982032,9.885936409344188,10.182602781239245,10.76954276474002,9.74122873240457,0.2941678882895683,11.000101457929935,9.642773612500719,9.751638071671422,103.43503278397662,101.16193451064362,104.76667717694843,1.714616999999919,Intel i9-9980HK macOS x86-64,C++20 -O2 -DNDEBUG -march=x86-64 -fno-fast-math -ffp-contract=off -fno-lto,ns/op,9.6679070811889
clang-O2,velocity_time,Vectoris,throughput,30,1.1304153128558654,1.1112998241851968,1.1397715795915224,1.1427983613906147,1.1455981278487404,1.1267649391007788,0.017453718301674526,1.1457345915793276,1.125833421749425,1.1370752465388325,884.6306284647369,877.3687797806529,899.870194880528,1.6553650000000462,Intel i9-9980HK macOS x86-64,C++20 -O2 -DNDEBUG -march=x86-64 -fno-fast-math -ffp-contract=off -fno-lto,Mops/s,884.6306284647369
gcc-O3,almost_equal,Raw,latency,30,6.142700569478806,5.987746156508989,6.973248778172655,7.037301285234861,7.079755996575563,6.338857682465704,0.381070817465608,7.092936337650096,6.068567530068337,6.462122560103264,162.79523289055965,143.40604743333458,167.0077490717588,1.5068050000000013,Intel i9-9980HK macOS x86-64,C++20 -O3 -DNDEBUG -march=x86-64 -fno-fast-math -ffp-contract=off -fno-lto,ns/op,6.142700569478806
gcc-O3,almost_equal,Raw,throughput,30,1.1765460804532013,1.1615117955547551,1.188309355895864,1.1918217599213763,1.1966984326119365,1.1761101803040481,0.010114774665471827,1.1981058056559286,1.1734991333868017,1.1791785623374444,849.945461491924,841.5319120280392,860.9475331979417,1.668061000000023,Intel i9-9980HK macOS x86-64,C++20 -O3 -DNDEBUG -march=x86-64 -fno-fast-math -ffp-contract=off -fno-lto,Mops/s,849.945461491924
gcc-O3,almost_equal,Vectoris,latency,30,9.358806899616635,9.07762656368316,10.434722656492609,10.463166664321,10.471134136022465,9.514205011497356,0.4760326442404218,10.47270967815851,9.221252071447225,9.52868356920765,106.85216406511177,95.83393747486218,110.16115306474619,1.7241540000000006,Intel i9-9980HK macOS x86-64,C++20 -O3 -DNDEBUG -march=x86-64 -fno-fast-math -ffp-contract=off -fno-lto,ns/op,9.358806899616635
gcc-O3,almost_equal,Vectoris,throughput,30,4.13027710900805,4.1041662238107,4.174556938439333,4.186168473556553,4.244959708121083,4.129653364966217,0.05547623277454597,4.2663372756717495,4.117475362303313,4.14681232365549,242.11450561577436,239.54640052108198,243.65566928337878,1.6363470000000575,Intel i9-9980HK macOS x86-64,C++20 -O3 -DNDEBUG -march=x86-64 -fno-fast-math -ffp-contract=off -fno-lto,Mops/s,242.11450561577436
gcc-O3,core_abs,Eigen,latency,30,4.4780344388178595,4.322354251095757,5.065248893308461,5.090730414832674,5.109091343289098,4.671154301760339,0.32979873656284164,5.111298274647196,4.386456042993698,4.963199400052726,223.32110451765794,197.4237442597153,231.35561358422564,1.6202250000000067,Intel i9-9980HK macOS x86-64,C++20 -O3 -DNDEBUG -march=x86-64 -fno-fast-math -ffp-contract=off -fno-lto,ns/op,4.4780344388178595
gcc-O3,core_abs,Eigen,throughput,30,0.3668172563158837,0.3623403697747891,0.3705656841138053,0.3741493653213645,0.3748028986399912,0.3666409823421533,0.004000337010624081,0.3749999013650164,0.36577902160897185,0.3675566519528535,2726.1531005338184,2698.601577193567,2759.8374345983393,1.696673000000118,Intel i9-9980HK macOS x86-64,C++20 -O3 -DNDEBUG -march=x86-64 -fno-fast-math -ffp-contract=off -fno-lto,Mops/s,2726.1531005338184
gcc-O3,core_abs,GLM,latency,30,5.914231681798331,5.87051388351676,6.879546511883497,6.922657328841508,6.983753469325331,6.11839866235407,0.3945050453382364,7.005725436088967,5.892905310970523,5.962777568528848,169.0837328653147,145.35881540842317,170.34298480852428,1.7277339999999974,Intel i9-9980HK macOS x86-64,C++20 -O3 -DNDEBUG -march=x86-64 -fno-fast-math -ffp-contract=off -fno-lto,ns/op,5.914231681798331
gcc-O3,core_abs,GLM,throughput,30,0.7237095794006541,0.7051315553085795,0.7278723379330937,0.7284053153085027,0.729672551421691,0.7199057669302608,0.01047596596946354,0.7301261419103194,0.7211302052296982,0.7257712130056495,1381.7697658421066,1373.8673285451525,1418.203780070264,1.6506130000000354,Intel i9-9980HK macOS x86-64,C++20 -O3 -DNDEBUG -march=x86-64 -fno-fast-math -ffp-contract=off -fno-lto,Mops/s,1381.7697658421066
gcc-O3,core_abs,Raw,latency,30,4.388849586321348,4.34087193729526,4.446243222257787,4.478232266939198,4.501729988828045,4.391114206134572,0.04592257901915365,4.502247494819135,4.360452309998218,4.401869177582034,227.85024396738078,224.90900303098528,230.36847745670374,1.7203870000000006,Intel i9-9980HK macOS x86-64,C++20 -O3 -DNDEBUG -march=x86-64 -fno-fast-math -ffp-contract=off -fno-lto,ns/op,4.388849586321348
gcc-O3,core_abs,Raw,throughput,30,0.3667887069737903,0.35823373329062946,0.3696644625040275,0.37008061615690957,0.3702801101565558,0.36429778338576824,0.007883281569951302,0.37032276610157394,0.36509326616575244,0.36757657448357073,2726.36532374515,2705.1560930062433,2791.495217711654,1.6585139999999683,Intel i9-9980HK macOS x86-64,C++20 -O3 -DNDEBUG -march=x86-64 -fno-fast-math -ffp-contract=off -fno-lto,Mops/s,2726.36532374515
gcc-O3,core_abs,Vectoris,latency,30,5.938062779999505,5.8587591669592305,6.067604175384413,6.111995002653553,6.3230387404161705,5.953894610618493,0.11517071465478923,6.404766342369652,5.890966389347442,5.957626084460642,168.40520391041315,164.8101720626025,170.6846063976664,1.7347630000000027,Intel i9-9980HK macOS x86-64,C++20 -O3 -DNDEBUG -march=x86-64 -fno-fast-math -ffp-contract=off -fno-lto,ns/op,5.938062779999505
gcc-O3,core_abs,Vectoris,throughput,30,0.7232971941452052,0.7161804197098496,0.7302489921240036,0.7374552427406781,0.7421987260291615,0.722256900614354,0.01135281787604204,0.743433132742507,0.7223097659982233,0.7243864033473377,1382.557605121703,1369.4033157678257,1396.297015141944,1.6948540000002765,Intel i9-9980HK macOS x86-64,C++20 -O3 -DNDEBUG -march=x86-64 -fno-fast-math -ffp-contract=off -fno-lto,Mops/s,1382.557605121703
gcc-O3,core_sqrt,Eigen,latency,30,9.639328142775835,9.589294141904526,9.70515931210181,9.710217213658778,9.774000861856505,9.63773989287196,0.05628382709224705,9.799157831976062,9.611664517933635,9.659890060942125,103.74168949850811,103.03797954390602,104.28296850769516,1.6645519999999865,Intel i9-9980HK macOS x86-64,C++20 -O3 -DNDEBUG -march=x86-64 -fno-fast-math -ffp-contract=off -fno-lto,ns/op,9.639328142775835
gcc-O3,core_sqrt,Eigen,throughput,30,1.6939552178797075,1.6847621380843845,1.7046523217401726,1.7083022531266927,1.7242791942634186,1.693595012432195,0.015148039343643508,1.7305757090392584,1.691877383685448,1.696710219307088,590.3343809007927,586.6300843991609,593.5557776949142,1.694504999999964,Intel i9-9980HK macOS x86-64,C++20 -O3 -DNDEBUG -march=x86-64 -fno-fast-math -ffp-contract=off -fno-lto,Mops/s,590.3343809007927
gcc-O3,core_sqrt,GLM,latency,30,9.882390211117478,9.799749621992044,9.964442922584535,10.03357274893004,10.207591623696228,9.897957155920029,0.09918294886525503,10.263718513494359,9.866088071796533,9.924583983477572,101.19009906876289,100.35690625711754,102.0436293828623,1.6917050000001839,Intel i9-9980HK macOS x86-64,C++20 -O3 -DNDEBUG -march=x86-64 -fno-fast-math -ffp-contract=off -fno-lto,ns/op,9.882390211117478
gcc-O3,core_sqrt,GLM,throughput,30,1.694855870793972,1.6505851729118093,1.7042176174040848,1.7068175032453352,1.7085808946960026,1.6865738739145177,0.023615169723304158,1.7089125149896127,1.691382164400268,1.7000808142619346,590.0211980625131,586.7795689481171,605.8486501694937,1.672530000000137,Intel i9-9980HK macOS x86-64,C++20 -O3 -DNDEBUG -march=x86-64 -fno-fast-math -ffp-contract=off -fno-lto,Mops/s,590.0211980625131
gcc-O3,core_sqrt,Raw,latency,30,9.837407247402655,9.696039666094995,9.881324780131099,9.91125669464435,9.948535251300427,9.807553318325292,0.10950679511255679,9.959126639685568,9.80831798967898,9.855999527428178,101.65280443684236,101.20103482236877,103.13489347617008,1.6882849999999792,Intel i9-9980HK macOS x86-64,C++20 -O3 -DNDEBUG -march=x86-64 -fno-fast-math -ffp-contract=off -fno-lto,ns/op,9.837407247402655
gcc-O3,core_sqrt,Raw,throughput,30,1.6914263756513725,1.6575914506275589,1.7014532158714104,1.7073256275982438,1.7125776964252353,1.6807997987460108,0.041377417966309976,1.7138284457250321,1.6860711559482195,1.696652207495926,591.216986991824,587.7331107489374,603.2867116407265,1.6663810000000066,Intel i9-9980HK macOS x86-64,C++20 -O3 -DNDEBUG -march=x86-64 -fno-fast-math -ffp-contract=off -fno-lto,Mops/s,591.216986991824
gcc-O3,core_sqrt,Vectoris,latency,30,10.811625414290114,10.689770717845967,11.258472018471364,11.452893340333674,11.610981269510837,10.911217957826786,0.2578734213954118,11.642188248882404,10.766479426013646,10.91289551367531,92.49309757511236,88.82269125945594,93.54737596070865,1.5770359999999641,Intel i9-9980HK macOS x86-64,C++20 -O3 -DNDEBUG -march=x86-64 -fno-fast-math -ffp-contract=off -fno-lto,ns/op,10.811625414290114
gcc-O3,core_sqrt,Vectoris,throughput,30,1.844998041313246,1.8204859888709908,1.8547986656862618,1.8633659548059291,1.8699891283176717,1.840947282364158,0.018393812712286035,1.8706517254424384,1.8404509432871965,1.8478618348914368,542.0060065747432,539.1421791103197,549.3081882482884,1.6887980000000766,Intel i9-9980HK macOS x86-64,C++20 -O3 -DNDEBUG -march=x86-64 -fno-fast-math -ffp-contract=off -fno-lto,Mops/s,542.0060065747432
gcc-O3,matrix_add,Eigen,latency,30,7.873361876715792,7.732091251953717,8.012781189753696,8.016145982595436,8.028811252036883,7.855291317568738,0.1349712775452846,8.033611824956674,7.8091064953404015,7.947076515075992,127.01055782060536,124.80061355440854,129.33112052063834,1.655983999999954,Intel i9-9980HK macOS x86-64,C++20 -O3 -DNDEBUG -march=x86-64 -fno-fast-math -ffp-contract=off -fno-lto,ns/op,7.873361876715792
gcc-O3,matrix_add,Eigen,throughput,30,4.26908654409636,4.147563207716053,4.337278218046103,4.341093898510716,4.427585279427496,4.252801182043025,0.1014746326680251,4.462122084223871,4.248667299393668,4.301614556500379,234.24214759833887,230.55934208916207,241.1057886971242,1.655126999999997,Intel i9-9980HK macOS x86-64,C++20 -O3 -DNDEBUG -march=x86-64 -fno-fast-math -ffp-contract=off -fno-lto,Mops/s,234.24214759833887
gcc-O3,matrix_add,GLM,latency,30,8.385822881995434,8.18878565943273,8.484404578833637,8.566752259042339,8.899460228741537,8.36811453253732,0.1960437406872002,9.020358441315564,8.347603548803576,8.422219743544948,119.24888235508607,117.86356363363974,122.11837117328682,1.7022589999999413,Intel i9-9980HK macOS x86-64,C++20 -O3 -DNDEBUG -march=x86-64 -fno-fast-math -ffp-contract=off -fno-lto,ns/op,8.385822881995434
gcc-O3,matrix_add,GLM,throughput,30,2.781006511258102,2.7188589081155725,2.8339266467451907,2.835635768469579,2.8555304225831297,2.775560786122081,0.04780706911289546,2.863426147363345,2.7667720328127046,2.7979605215223686,359.58204237557675,352.8672894694784,367.8016112649411,1.6572939999999363,Intel i9-9980HK macOS x86-64,C++20 -O3 -DNDEBUG -march=x86-64 -fno-fast-math -ffp-contract=off -fno-lto,Mops/s,359.58204237557675
gcc-O3,matrix_add,Raw,latency,30,9.967492833106864,9.819678941057926,10.075995198732286,10.085757135678039,10.122216874638168,9.965114570848124,0.09751313678292606,10.13433282322571,9.946411814337544,10.019780566845501,100.32613808644207,99.24577995457334,101.83634422754554,1.670670000000257,Intel i9-9980HK macOS x86-64,C++20 -O3 -DNDEBUG -march=x86-64 -fno-fast-math -ffp-contract=off -fno-lto,ns/op,9.967492833106864
gcc-O3,matrix_add,Raw,throughput,30,2.0562858864213163,2.0043944653024095,2.0941411988955787,2.1080734226041686,2.212432199345228,2.056912181236954,0.048178148341312045,2.252664237955649,2.037649287117096,2.0669520035627515,486.3144769009132,477.5232723520996,498.903810636778,1.6367350000000302,Intel i9-9980HK macOS x86-64,C++20 -O3 -DNDEBUG -march=x86-64 -fno-fast-math -ffp-contract=off -fno-lto,Mops/s,486.3144769009132
gcc-O3,matrix_add,Vectoris,latency,30,7.743338002608843,7.425885403452772,7.829604570506239,7.8461914470805025,7.869799414577351,7.650828819479014,0.2646495255501529,7.8762229658469485,7.6798333169668895,7.773198887745934,129.14328141523055,127.7203821186605,134.6892344007184,1.6931590000000158,Intel i9-9980HK macOS x86-64,C++20 -O3 -DNDEBUG -march=x86-64 -fno-fast-math -ffp-contract=off -fno-lto,ns/op,7.743338002608843
gcc-O3,matrix_add,Vectoris,throughput,30,4.254657662556374,4.143870903338713,4.329806342880451,4.332333979202336,4.433415064801369,4.253846044812677,0.08193151455810072,4.4743192869996165,4.2223803933959285,4.29283931022178,235.0372771397404,230.95721428334355,241.32041674291912,1.6183459999999459,Intel i9-9980HK macOS x86-64,C++20 -O3 -DNDEBUG -march=x86-64 -fno-fast-math -ffp-contract=off -fno-lto,Mops/s,235.0372771397404
gcc-O3,matrix_determinant,Eigen,latency,30,11.313498501521375,11.175488143114961,11.43167622603891,11.469365625490521,11.557949233300882,11.302442882723378,0.12324517773027738,11.58200860773774,11.273842477572044,11.345875010584903,88.39000439358662,87.47623549927995,89.48155068084377,1.7437099999999646,Intel i9-9980HK macOS x86-64,C++20 -O3 -DNDEBUG -march=x86-64 -fno-fast-math -ffp-contract=off -fno-lto,ns/op,11.313498501521375
gcc-O3,matrix_determinant,Eigen,throughput,30,1.9490434805814667,1.8864160811837092,1.9722533644780047,2.0564611635479126,2.2900783990108726,1.9484200232935704,0.10035418279061872,2.3587768442832453,1.9312838382813833,1.9578195803402445,513.0721948415212,507.03450766257663,530.1096202443714,1.6403850000000304,Intel i9-9980HK macOS x86-64,C++20 -O3 -DNDEBUG -march=x86-64 -fno-fast-math -ffp-contract=off -fno-lto,Mops/s,513.0721948415212
gcc-O3,matrix_determinant,GLM,latency,30,11.31943070287021,11.023868432611122,11.39815761520228,11.452608389939597,11.492503867633474,11.266061752446383,0.17959481959257437,11.507384892142941,11.279186838408323,11.353962534956862,88.34372729794639,87.7336655795042,90.71324418597187,1.7003890000000865,Intel i9-9980HK macOS x86-64,C++20 -O3 -DNDEBUG -march=x86-64 -fno-fast-math -ffp-contract=off -fno-lto,ns/op,11.31943070287021
gcc-O3,matrix_determinant,GLM,throughput,30,1.9938530407274513,1.9725101647969037,2.0132317970450297,2.0229224288971883,2.0273621750180792,1.9939636443425364,0.017471137651417324,2.0274227701976284,1.9897534634076153,2.000033749041455,501.54148238484316,496.71406054461386,506.96971650520345,1.6985030000000167,Intel i9-9980HK macOS x86-64,C++20 -O3 -DNDEBUG -march=x86-64 -fno-fast-math -ffp-contract=off -fno-lto,Mops/s,501.54148238484316
gcc-O3,matrix_determinant,Raw,latency,30,11.221288849025454,11.106760247145457,11.322158425185346,11.428146571526362,11.43485441735147,11.225775320939086,0.10361908584197141,11.435323025540754,11.193462267400117,11.266272383625594,89.11632487684753,88.32312927475436,90.03525582858592,1.6844020000001196,Intel i9-9980HK macOS x86-64,C++20 -O3 -DNDEBUG -march=x86-64 -fno-fast-math -ffp-contract=off -fno-lto,ns/op,11.221288849025454
gcc-O3,matrix_determinant,Raw,throughput,30,1.7683187260462003,1.7195708635774292,1.7951025728618828,1.8075519264839552,1.829935312493341,1.7615594508799677,0.037861955564036626,1.8386679907020902,1.7563517309166463,1.7731047733455045,565.5089215291325,557.0736370188845,581.5648838187651,1.6726370000001511,Intel i9-9980HK macOS x86-64,C++20 -O3 -DNDEBUG -march=x86-64 -fno-fast-math -ffp-contract=off -fno-lto,Mops/s,565.5089215291325
gcc-O3,matrix_determinant,Vectoris,latency,30,12.907156660475575,12.679144442403231,13.227765522774042,13.326135633272122,13.38111570604246,12.937317066796057,0.2282418255654614,13.400736984294994,12.737327144253896,13.053166374789384,77.47728209152842,75.5989436065108,78.86968139455327,1.6246979999999098,Intel i9-9980HK macOS x86-64,C++20 -O3 -DNDEBUG -march=x86-64 -fno-fast-math -ffp-contract=off -fno-lto,ns/op,12.907156660475575
gcc-O3,matrix_determinant,Vectoris,throughput,30,1.8092774107108451,1.7823178685644403,1.838048681972545,1.8420957210890492,1.8441820871591785,1.8073145123301062,0.027854310065794266,1.8446026753540508,1.8004758296212922,1.8183705873378027,552.7068811641918,544.0553665441861,561.0681778755416,1.678515000000104,Intel i9-9980HK macOS x86-64,C++20 -O3 -DNDEBUG -march=x86-64 -fno-fast-math -ffp-contract=off -fno-lto,Mops/s,552.7068811641918
gcc-O3,matrix_inverse_checked,Eigen,latency,30,51.22373021970013,50.122191881940694,51.855701242298174,51.99381552088041,54.24167052284507,51.16982212541568,1.0078968389175884,55.153564473779504,51.07860937510219,51.334136714493,19.522205254694214,19.284293996896864,19.951254854708008,1.718845000000016,Intel i9-9980HK macOS x86-64,C++20 -O3 -DNDEBUG -march=x86-64 -fno-fast-math -ffp-contract=off -fno-lto,ns/op,51.22373021970013
gcc-O3,matrix_inverse_checked,Eigen,throughput,30,38.34479636886907,37.37671108709494,39.05430533223205,39.1178803256231,39.14381556520403,38.12065782507093,0.9412493136779889,39.15231282079802,37.96047967364388,38.59227002899244,26.07915934259384,25.605377701357085,26.7550949196618,1.7151980000000009,Intel i9-9980HK macOS x86-64,C++20 -O3 -DNDEBUG -march=x86-64 -fno-fast-math -ffp-contract=off -fno-lto,Mops/s,26.07915934259384
gcc-O3,matrix_inverse_checked,GLM,latency,30,55.916831636167935,54.29078776508466,57.59161142788646,59.465474743090375,61.92934818969186,56.158912404220814,1.965017658555614,62.35028721691963,55.60234647752867,56.621461115534004,17.883702986414328,17.36364851263703,18.419332056014177,1.4017849999999896,Intel i9-9980HK macOS x86-64,C++20 -O3 -DNDEBUG -march=x86-64 -fno-fast-math -ffp-contract=off -fno-lto,ns/op,55.916831636167935
gcc-O3,matrix_inverse_checked,GLM,throughput,30,49.998663785744725,49.11482844265852,50.69673601133782,51.04629071989309,51.71842892411512,49.98582942268183,0.725603910968777,51.91842061585376,49.894521290522974,50.17625637414116,20.00053463629375,19.725149366390387,20.360475660437505,1.6831760000000031,Intel i9-9980HK macOS x86-64,C++20 -O3 -DNDEBUG -march=x86-64 -fno-fast-math -ffp-contract=off -fno-lto,Mops/s,20.00053463629375
gcc-O3,matrix_inverse_checked,Raw,latency,30,46.947140441400855,46.13710984194941,47.576527686931406,52.316693025155146,55.727843694836814,47.30300531131169,2.42588873747353,56.08016634181371,46.73120172380635,47.086559131053704,21.300558171444393,21.021413396163567,21.67458708613357,1.6836609999999441,Intel i9-9980HK macOS x86-64,C++20 -O3 -DNDEBUG -march=x86-64 -fno-fast-math -ffp-contract=off -fno-lto,ns/op,46.947140441400855
gcc-O3,matrix_inverse_checked,Raw,throughput,30,42.82295656627099,42.32111915060593,43.25937407252651,43.34526156126229,43.41749066713329,42.75700345763685,0.39906385473195993,43.428349754068904,42.51276185827605,42.92774839115179,23.351963661766078,23.11637824646184,23.62886554132347,1.677302000000168,Intel i9-9980HK macOS x86-64,C++20 -O3 -DNDEBUG -march=x86-64 -fno-fast-math -ffp-contract=off -fno-lto,Mops/s,23.351963661766078
gcc-O3,matrix_inverse_checked,Vectoris,latency,30,57.062568652105085,56.34170755112032,58.12374168629637,59.00605589139498,66.56591443131514,57.50440197707312,2.379752027778136,69.44308077031354,56.849618609950454,57.376231820171625,17.52462666621254,17.204709307214014,17.748844216940437,1.7064220000001455,Intel i9-9980HK macOS x86-64,C++20 -O3 -DNDEBUG -march=x86-64 -fno-fast-math -ffp-contract=off -fno-lto,ns/op,57.062568652105085
gcc-O3,matrix_inverse_checked,Vectoris,throughput,30,53.52582765599422,52.89242686013411,54.047120320815004,54.186032507314984,54.24279894302183,53.47816347775288,0.49270276123334206,54.26051576992387,53.328798686502196,53.72296934228802,18.682576365867952,18.502383922442423,18.90631208234409,1.6911900000000912,Intel i9-9980HK macOS x86-64,C++20 -O3 -DNDEBUG -march=x86-64 -fno-fast-math -ffp-contract=off -fno-lto,Mops/s,18.682576365867952
gcc-O3,matrix_inverse_minimal,Eigen,latency,30,19.043140058141198,18.82034528013156,19.262225683837773,19.272481121524542,19.31025552170351,19.0327003910349,0.16786103776781078,19.323291595428948,18.971004005430245,19.09975989974122,52.512376672290216,51.915080805398674,53.13404391509654,1.6580160000001456,Intel i9-9980HK macOS x86-64,C++20 -O3 -DNDEBUG -march=x86-64 -fno-fast-math -ffp-contract=off -fno-lto,ns/op,19.043140058141198
gcc-O3,matrix_inverse_minimal,Eigen,throughput,30,6.607638444108616,6.51560281736675,6.677717569622464,6.714021403672349,6.727074277781553,6.601246465698643,0.08040855208924441,6.728969715400178,6.585316370458537,6.63443324095285,151.34005557544344,149.75201796563692,153.47836870920673,1.6981560000001537,Intel i9-9980HK macOS x86-64,C++20 -O3 -DNDEBUG -march=x86-64 -fno-fast-math -ffp-contract=off -fno-lto,Mops/s,151.34005557544344
gcc-O3,matrix_inverse_minimal,GLM,latency,30,18.02035078513125,17.45052830736778,18.46465919224956,18.501568148195602,18.548933623537767,17.891016721031676,0.616276545176257,18.563294844132287,17.93466564410678,18.101515464818398,55.492837014054004,54.15752043029531,57.30594773191506,1.5667819999999895,Intel i9-9980HK macOS x86-64,C++20 -O3 -DNDEBUG -march=x86-64 -fno-fast-math -ffp-contract=off -fno-lto,ns/op,18.02035078513125
gcc-O3,matrix_inverse_minimal,GLM,throughput,30,5.041193685203831,4.973839121010565,5.112654429447097,5.2277499956799085,5.42691080861149,5.05778887473647,0.10820447169622976,5.480375957754468,5.028195398589926,5.067019789099,198.3657326927022,195.5939428191236,201.052422515479,1.6916029999999582,Intel i9-9980HK macOS x86-64,C++20 -O3 -DNDEBUG -march=x86-64 -fno-fast-math -ffp-contract=off -fno-lto,Mops/s,198.3657326927022
gcc-O3,matrix_inverse_minimal,Raw,latency,30,16.479025181070984,16.261198832478424,16.683689433046016,17.171916985435224,18.06251431014482,16.543391777480416,0.4080550221078622,18.27653040222545,16.41204488238758,16.535543985997947,60.683260123661974,59.93881901431981,61.49612254178807,1.7653649999999743,Intel i9-9980HK macOS x86-64,C++20 -O3 -DNDEBUG -march=x86-64 -fno-fast-math -ffp-contract=off -fno-lto,ns/op,16.479025181070984
gcc-O3,matrix_inverse_minimal,Raw,throughput,30,8.594892606955387,8.469015383532444,8.695748208625787,8.708077624535026,8.771871694911026,8.594151306190112,0.08821152717536983,8.794681023645635,8.572454049533395,8.63677670484333,116.34817300038468,114.99873110759683,118.07749904005291,1.6898380000000088,Intel i9-9980HK macOS x86-64,C++20 -O3 -DNDEBUG -march=x86-64 -fno-fast-math -ffp-contract=off -fno-lto,Mops/s,116.34817300038468
gcc-O3,matrix_matrix,Eigen,latency,30,11.287645164968401,11.068369679375117,11.439600824564335,11.50518159002446,11.714087052971905,11.227514699154435,0.33618090968367825,11.793021751919225,11.210249977520792,11.325433598357732,88.59249245827365,87.41579717335873,90.34803724122169,1.7163209999999227,Intel i9-9980HK macOS x86-64,C++20 -O3 -DNDEBUG -march=x86-64 -fno-fast-math -ffp-contract=off -fno-lto,ns/op,11.287645164968401
gcc-O3,matrix_matrix,Eigen,throughput,30,7.365344102209713,7.148560012955036,8.108309520365939,8.388067414810267,8.9270181554812,7.5281785101363585,0.4548039554402554,9.065519201941251,7.314894473824555,7.429307293235558,135.77140874758663,123.3305311026242,139.88832903235848,1.778825000000154,Intel i9-9980HK macOS x86-64,C++20 -O3 -DNDEBUG -march=x86-64 -fno-fast-math -ffp-contract=off -fno-lto,Mops/s,135.77140874758663
gcc-O3,matrix_matrix,GLM,latency,30,10.72030543638041,10.552227481426893,10.932599454404237,11.246734039657635,11.45265977072156,10.769371156140384,0.2212702972256093,11.463272248369378,10.695316068474622,10.758634324520603,93.28095060361107,91.4703032327538,94.7668887804926,1.7247600000000605,Intel i9-9980HK macOS x86-64,C++20 -O3 -DNDEBUG -march=x86-64 -fno-fast-math -ffp-contract=off -fno-lto,ns/op,10.72030543638041
gcc-O3,matrix_matrix,GLM,throughput,30,6.759651476356133,6.63318512178431,6.853661250748884,6.8647500049962975,6.87583269744912,6.749350274310682,0.10496157630590994,6.879675009248867,6.740686718994295,6.807669549219785,147.93662364245432,145.90744370439697,150.76238086888745,1.6675420000000258,Intel i9-9980HK macOS x86-64,C++20 -O3 -DNDEBUG -march=x86-64 -fno-fast-math -ffp-contract=off -fno-lto,Mops/s,147.93662364245432
gcc-O3,matrix_matrix,Raw,latency,30,9.867955196085134,9.650888284466914,9.988665782349376,10.025883893721353,10.07862779359901,9.843706584406647,0.13479212069219823,10.090135530521575,9.802769620075964,9.904636609359661,101.33814028702902,100.11347654406275,103.61793720466446,1.661361000000028,Intel i9-9980HK macOS x86-64,C++20 -O3 -DNDEBUG -march=x86-64 -fno-fast-math -ffp-contract=off -fno-lto,ns/op,9.867955196085134
gcc-O3,matrix_matrix,Raw,throughput,30,6.184331145922208,6.039009594562518,6.264900568731627,6.276525574455586,6.496979658395245,6.176718832529361,0.11090414154309725,6.583355426482504,6.149964129441866,6.211950476449335,161.6990482075634,159.61945288873753,165.59006662261734,1.7164729999997805,Intel i9-9980HK macOS x86-64,C++20 -O3 -DNDEBUG -march=x86-64 -fno-fast-math -ffp-contract=off -fno-lto,Mops/s,161.6990482075634
gcc-O3,matrix_matrix,Vectoris,latency,30,11.542340067308325,11.300769184474346,11.77711836405626,12.037950807715697,12.365023844915223,11.534343832423792,0.3284219616368905,12.416026912476894,11.492922095502546,11.59295055773876,86.63754600606201,84.91042708210627,88.48955429966915,1.7197400000000158,Intel i9-9980HK macOS x86-64,C++20 -O3 -DNDEBUG -march=x86-64 -fno-fast-math -ffp-contract=off -fno-lto,ns/op,11.542340067308325
gcc-O3,matrix_matrix,Vectoris,throughput,30,6.3734939707445,6.297641973232473,6.44212412817264,6.461155157444307,6.5245843628061255,6.374294322434626,0.07029459421964192,6.548104031139905,6.352978289087652,6.4110304650113195,156.8998688903974,155.22836221071256,158.78959211765164,1.7025000000000032,Intel i9-9980HK macOS x86-64,C++20 -O3 -DNDEBUG -march=x86-64 -fno-fast-math -ffp-contract=off -fno-lto,Mops/s,156.8998688903974
gcc-O3,matrix_transpose,Eigen,latency,30,7.3313453528888335,7.255574500060467,7.440569693130419,7.447197300290426,7.4566702185356215,7.337722056290506,0.0663770327396654,7.459930926299546,7.3105286697024745,7.357815178845982,136.4006196599598,134.39831727770866,137.82507046771005,1.6749299999999039,Intel i9-9980HK macOS x86-64,C++20 -O3 -DNDEBUG -march=x86-64 -fno-fast-math -ffp-contract=off -fno-lto,ns/op,7.3313453528888335
gcc-O3,matrix_transpose,Eigen,throughput,30,3.9712765774022145,3.8827123861504313,4.006050377627315,4.009511126489216,4.047723663746002,3.9524273852106773,0.051587977680021435,4.062405554500769,3.9417725723816677,3.977227924090526,251.8081987479855,249.62242334186888,257.551921146816,1.7280139999998598,Intel i9-9980HK macOS x86-64,C++20 -O3 -DNDEBUG -march=x86-64 -fno-fast-math -ffp-contract=off -fno-lto,Mops/s,251.8081987479855
gcc-O3,matrix_transpose,GLM,latency,30,5.9636240225464565,5.898028075089777,6.0159138739780875,6.019906252510701,6.050909648652849,5.960812178664279,0.04520226078882838,6.062395879737145,5.944383644076028,5.977971847634404,167.68328291549716,166.22578408306288,169.5482204949277,1.5467969999996853,Intel i9-9980HK macOS x86-64,C++20 -O3 -DNDEBUG -march=x86-64 -fno-fast-math -ffp-contract=off -fno-lto,ns/op,5.9636240225464565
gcc-O3,matrix_transpose,GLM,throughput,30,1.4137507505091147,1.3821540118437492,1.4364692041997187,1.5660175553977578,1.6731924027302207,1.4204806481343926,0.07495005925139453,1.6807497561983333,1.40637891078365,1.4177604135346495,707.3384045136272,696.167951676934,723.5678272006497,1.7054749999999217,Intel i9-9980HK macOS x86-64,C++20 -O3 -DNDEBUG -march=x86-64 -fno-fast-math -ffp-contract=off -fno-lto,Mops/s,707.3384045136272
gcc-O3,matrix_transpose,Raw,latency,30,6.684332028662342,6.563768808285118,6.958555096379111,7.314796323586226,7.607274718719062,6.740010610487684,0.2619174167833543,7.637872300155245,6.650349012554592,6.7219892707438795,149.60358143424543,143.7106546672796,152.35203115603682,1.6790699999999958,Intel i9-9980HK macOS x86-64,C++20 -O3 -DNDEBUG -march=x86-64 -fno-fast-math -ffp-contract=off -fno-lto,ns/op,6.684332028662342
gcc-O3,matrix_transpose,Raw,throughput,30,1.740484361051367,1.7057606754061452,1.7656072234214202,1.8024446871500008,1.8276356768330855,1.7403283275279722,0.032772014736676895,1.8298556749206332,1.7321332710668618,1.7454767012482444,574.5531299205684,566.3806147720064,586.2553553872334,1.6933949999998958,Intel i9-9980HK macOS x86-64,C++20 -O3 -DNDEBUG -march=x86-64 -fno-fast-math -ffp-contract=off -fno-lto,Mops/s,574.5531299205684
gcc-O3,matrix_transpose,Vectoris,latency,30,6.468685903750664,6.331847293615343,6.536952334817457,6.616242073304078,6.807338123251526,6.459485254805486,0.11954371297892163,6.869666218352404,6.444512702363196,6.4809294732845775,154.5909039588612,152.97689791539412,157.93179815472578,1.6872709999999813,Intel i9-9980HK macOS x86-64,C++20 -O3 -DNDEBUG -march=x86-64 -fno-fast-math -ffp-contract=off -fno-lto,ns/op,6.468685903750664
gcc-O3,matrix_transpose,Vectoris,throughput,30,1.7374164042541422,1.7170091948778516,1.9348811394971202,2.8028935892895643,3.785075869359761,1.8899298424625013,0.4932149277155105,4.016779629772695,1.7309662003185706,1.755092480562503,575.5688084858689,518.5470827364794,582.4090708732031,1.6764879999998927,Intel i9-9980HK macOS x86-64,C++20 -O3 -DNDEBUG -march=x86-64 -fno-fast-math -ffp-contract=off -fno-lto,Mops/s,575.5688084858689
gcc-O3,matrix_vector,Eigen,latency,30,10.363977169546878,10.16299924108046,10.511745044644801,10.627715903510229,10.654595088745255,10.317049169681257,0.2405594688917438,10.65916798169681,10.282468757268738,10.410028638533923,96.4880589795003,95.13257238356846,98.39623692659222,1.6416959999999678,Intel i9-9980HK macOS x86-64,C++20 -O3 -DNDEBUG -march=x86-64 -fno-fast-math -ffp-contract=off -fno-lto,ns/op,10.363977169546878
gcc-O3,matrix_vector,Eigen,throughput,30,2.0738523807664095,2.038561121454161,2.2337008134636416,2.2694642358983566,2.331358682230219,2.097186387364795,0.07904330353658015,2.3472375370667153,2.0622198342406537,2.090662471283257,482.1975465264527,447.6881086075241,490.54462407947057,1.6561889999998698,Intel i9-9980HK macOS x86-64,C++20 -O3 -DNDEBUG -march=x86-64 -fno-fast-math -ffp-contract=off -fno-lto,Mops/s,482.1975465264527
gcc-O3,matrix_vector,GLM,latency,30,9.947441191802247,9.806920352804317,10.055169390457579,10.106789673162057,10.214494121112185,9.943827195606929,0.11423560608898559,10.256762876152003,9.908023354744945,9.994796764546033,100.52836523344439,99.45156804301472,101.96912672206597,1.7014999999998963,Intel i9-9980HK macOS x86-64,C++20 -O3 -DNDEBUG -march=x86-64 -fno-fast-math -ffp-contract=off -fno-lto,ns/op,9.947441191802247
gcc-O3,matrix_vector,GLM,throughput,30,2.6854519630093847,2.646358278395469,2.726040315268892,2.7639346034872636,2.8677987835085146,2.693794711029152,0.04992372693361971,2.8985222148608947,2.678756859083877,2.6971998675897835,372.3767993919156,366.83247809898177,377.87778328837965,1.6756899999997472,Intel i9-9980HK macOS x86-64,C++20 -O3 -DNDEBUG -march=x86-64 -fno-fast-math -ffp-contract=off -fno-lto,Mops/s,372.3767993919156
gcc-O3,matrix_vector,Raw,latency,30,9.072019726133705,8.830215213669868,9.19303431497641,9.315324545331462,9.41119757272565,9.03479637987399,0.17159504474465134,9.418651507831363,8.972196017936362,9.106154560244253,110.2290451687571,108.77811954009735,113.2478353487576,1.6915249999999278,Intel i9-9980HK macOS x86-64,C++20 -O3 -DNDEBUG -march=x86-64 -fno-fast-math -ffp-contract=off -fno-lto,ns/op,9.072019726133705
gcc-O3,matrix_vector,Raw,throughput,30,2.5791769014746486,2.534717581091363,2.611777607460625,2.6136078244695526,2.617577911120935,2.5707782451088885,0.0444843104994406,2.618893217514026,2.5678601240091354,2.5923531396938806,387.7212585165571,382.88099673519247,394.5230422308197,1.6609370000000185,Intel i9-9980HK macOS x86-64,C++20 -O3 -DNDEBUG -march=x86-64 -fno-fast-math -ffp-contract=off -fno-lto,Mops/s,387.7212585165571
gcc-O3,matrix_vector,Vectoris,latency,30,11.637296055062333,11.363757614671298,11.809466457553258,11.82591497553873,11.838435707161048,11.561881258984348,0.2855399985041806,11.839282590466114,11.543652176961881,11.690153254447516,85.93067634484184,84.67783149882561,88.00314061308666,1.691922000000001,Intel i9-9980HK macOS x86-64,C++20 -O3 -DNDEBUG -march=x86-64 -fno-fast-math -ffp-contract=off -fno-lto,ns/op,11.637296055062333
gcc-O3,matrix_vector,Vectoris,throughput,30,2.63742469660497,2.5962794793801267,2.8504459170428746,2.908512327498714,2.9737863526463317,2.6849612651132295,0.10864882868694291,2.998701517775007,2.6176118374742,2.6961541011815564,379.1589043873119,350.8354817968628,385.16671264569084,1.739448000000053,Intel i9-9980HK macOS x86-64,C++20 -O3 -DNDEBUG -march=x86-64 -fno-fast-math -ffp-contract=off -fno-lto,Mops/s,379.1589043873119
gcc-O3,quaternion_conjugate,Eigen,latency,30,5.74494131614326,5.661522065232929,5.803313220134703,5.883672448257624,5.99361270458565,5.733504304241324,0.11700279565653511,6.028160058882957,5.731004578695649,5.759883922467523,174.0661852496208,172.3167338402704,176.64283078512335,1.6864849999999194,Intel i9-9980HK macOS x86-64,C++20 -O3 -DNDEBUG -march=x86-64 -fno-fast-math -ffp-contract=off -fno-lto,ns/op,5.74494131614326
gcc-O3,quaternion_conjugate,Eigen,throughput,30,0.8518913695942985,0.8398632700142787,0.8613798537666826,0.8665399686126931,0.8732991893779339,0.8514252723847141,0.01015985146340605,0.8746391085048572,0.8486569925730674,0.8553754671130884,1173.8585951960295,1160.9281538990838,1190.670027453716,1.6964879999999953,Intel i9-9980HK macOS x86-64,C++20 -O3 -DNDEBUG -march=x86-64 -fno-fast-math -ffp-contract=off -fno-lto,Mops/s,1173.8585951960295
gcc-O3,quaternion_conjugate,GLM,latency,30,6.029960224546813,5.794687875858315,6.07829075111519,6.100207555934905,6.124912398893155,5.986678028573362,0.13518697501380525,6.13260122040823,6.017597479798143,6.036305258511508,165.83857397202138,164.5200422344627,172.57588470903588,1.6958160000000222,Intel i9-9980HK macOS x86-64,C++20 -O3 -DNDEBUG -march=x86-64 -fno-fast-math -ffp-contract=off -fno-lto,ns/op,6.029960224546813
gcc-O3,quaternion_conjugate,GLM,throughput,30,1.2300753169208185,1.2066837120896134,1.2390250566692156,1.2411518057790378,1.2426866492506123,1.2249249121166517,0.015842573613230482,1.243022923335387,1.220703916878033,1.2350588145251233,812.9586120328352,807.0862722963327,828.7180466992073,1.657743000000096,Intel i9-9980HK macOS x86-64,C++20 -O3 -DNDEBUG -march=x86-64 -fno-fast-math -ffp-contract=off -fno-lto,Mops/s,812.9586120328352
gcc-O3,quaternion_conjugate,Raw,latency,30,5.115463935885565,5.042541432817632,5.199616464790575,5.2487379189814565,5.283344454679625,5.106355137151048,0.11245651099174607,5.2841235101974995,5.093499326527754,5.139410314508742,195.48576003286854,192.32194350213808,198.31333309933598,1.6509269999999674,Intel i9-9980HK macOS x86-64,C++20 -O3 -DNDEBUG -march=x86-64 -fno-fast-math -ffp-contract=off -fno-lto,ns/op,5.115463935885565
gcc-O3,quaternion_conjugate,Raw,throughput,30,1.2993169354587182,1.2732396274515774,1.3150052374885361,1.3171306414906574,1.3195999116687311,1.2941961963820108,0.018073658992013412,1.3203257151177639,1.2870399821026428,1.304046558579095,769.63594415489,760.4533248635203,785.4012716364693,1.6548479999999988,Intel i9-9980HK macOS x86-64,C++20 -O3 -DNDEBUG -march=x86-64 -fno-fast-math -ffp-contract=off -fno-lto,Mops/s,769.63594415489
gcc-O3,quaternion_conjugate,Vectoris,latency,30,7.029869216954239,6.936614752978155,7.065390888196947,7.078907455879198,7.093353492861091,7.015239953397695,0.04908059466172067,7.0986612910428315,7.001952294526794,7.043439528444372,142.25016113400568,141.5350293147614,144.16254338019485,1.675566999999944,Intel i9-9980HK macOS x86-64,C++20 -O3 -DNDEBUG -march=x86-64 -fno-fast-math -ffp-contract=off -fno-lto,ns/op,7.029869216954239
gcc-O3,quaternion_conjugate,Vectoris,throughput,30,1.2216725402287136,1.195996099101103,1.235820994261227,1.2368327425906143,1.236997620096144,1.2172914847552376,0.01800674919144757,1.2370051145282135,1.2154289030287149,1.226616281107686,818.5500891212228,809.1787201010071,836.124083078575,1.6781680000000103,Intel i9-9980HK macOS x86-64,C++20 -O3 -DNDEBUG -march=x86-64 -fno-fast-math -ffp-contract=off -fno-lto,Mops/s,818.5500891212228
gcc-O3,quaternion_multiply,Eigen,latency,30,11.90023713788572,11.733725699445468,12.00872066280617,12.036889732300335,12.26720388872169,11.88530199528204,0.14671420311512878,12.355578568663091,11.84608514469748,11.931128328539177,84.031950569224,83.2728250817667,85.22446701371675,1.6047559999999523,Intel i9-9980HK macOS x86-64,C++20 -O3 -DNDEBUG -march=x86-64 -fno-fast-math -ffp-contract=off -fno-lto,ns/op,11.90023713788572
gcc-O3,quaternion_multiply,Eigen,throughput,30,3.368306261930119,3.312916954374246,3.3980818327718394,3.4045880461583975,3.4140739880208466,3.3567491501400455,0.049953345850945324,3.4169454364296965,3.354619256129717,3.3808496680919893,296.88512531455206,294.2837068947268,301.84885892965417,1.6535629999999912,Intel i9-9980HK macOS x86-64,C++20 -O3 -DNDEBUG -march=x86-64 -fno-fast-math -ffp-contract=off -fno-lto,Mops/s,296.88512531455206
gcc-O3,quaternion_multiply,GLM,latency,30,11.590032635505649,11.325124762913832,11.892569029217038,12.790415707625082,13.95530152958041,11.708225094061314,0.6061011638255028,14.207573562636838,11.532329787457646,11.629810256435608,86.28104440821073,84.0895265844912,88.2993785286272,1.7313669999999954,Intel i9-9980HK macOS x86-64,C++20 -O3 -DNDEBUG -march=x86-64 -fno-fast-math -ffp-contract=off -fno-lto,ns/op,11.590032635505649
gcc-O3,quaternion_multiply,GLM,throughput,30,4.423901249907298,4.355999948359679,4.478368721006597,4.498274492479462,4.537781158100539,4.418656645030007,0.05789823526292494,4.551324810944761,4.410349092298409,4.442278937033131,226.04496968167803,223.29577526451803,229.5684640299166,1.7041300000000135,Intel i9-9980HK macOS x86-64,C++20 -O3 -DNDEBUG -march=x86-64 -fno-fast-math -ffp-contract=off -fno-lto,Mops/s,226.04496968167803
gcc-O3,quaternion_multiply,Raw,latency,30,13.310685795830636,13.087701571424727,13.420766688535567,13.45893599135948,13.497402544916108,13.286959607896543,0.13020771220269292,13.505688048349304,13.247599378188813,13.358678802481302,75.12763703671817,74.51140310627613,76.40770215713665,1.6403749999998354,Intel i9-9980HK macOS x86-64,C++20 -O3 -DNDEBUG -march=x86-64 -fno-fast-math -ffp-contract=off -fno-lto,ns/op,13.310685795830636
gcc-O3,quaternion_multiply,Raw,throughput,30,4.2571612729578225,4.209884652083502,4.307203113185811,4.344839222893443,4.44464925810519,4.262833748289957,0.058914092433349025,4.481345408984408,4.2504370074293965,4.2652339874558525,234.8983338416789,232.170119141231,237.53719677242904,1.6901450000000013,Intel i9-9980HK macOS x86-64,C++20 -O3 -DNDEBUG -march=x86-64 -fno-fast-math -ffp-contract=off -fno-lto,Mops/s,234.8983338416789
gcc-O3,quaternion_multiply,Vectoris,latency,30,12.346899866674118,12.15919244975098,12.450635495026802,12.460282438510788,12.492024394308414,12.320515372959086,0.11922358360541513,12.504514810534522,12.27978957193408,12.383334120571075,80.99204915756569,80.31718934194255,82.24240219998661,1.7011960000000101,Intel i9-9980HK macOS x86-64,C++20 -O3 -DNDEBUG -march=x86-64 -fno-fast-math -ffp-contract=off -fno-lto,ns/op,12.346899866674118
gcc-O3,quaternion_multiply,Vectoris,throughput,30,4.532255740359283,4.48518988897252,4.561155689186294,4.574048117802708,4.619383791381434,4.5161588501318475,0.0726973508507241,4.6362207167842895,4.509225279904468,4.549412854743336,220.64072829343684,219.24275291636053,222.9569934680271,1.669129999999939,Intel i9-9980HK macOS x86-64,C++20 -O3 -DNDEBUG -march=x86-64 -fno-fast-math -ffp-contract=off -fno-lto,Mops/s,220.64072829343684
gcc-O3,quaternion_normalize_checked,Eigen,latency,30,35.51581057603163,35.100820348510666,36.147723857578264,36.251172043843454,36.48214138839881,35.46785765900511,0.8497762955724361,36.54895197324295,35.37729581384173,35.65486152439776,28.156483268181354,27.664260180770782,28.489439661893325,1.4154709999999113,Intel i9-9980HK macOS x86-64,C++20 -O3 -DNDEBUG -march=x86-64 -fno-fast-math -ffp-contract=off -fno-lto,ns/op,35.51581057603163
gcc-O3,quaternion_normalize_checked,Eigen,throughput,30,12.507597957828256,12.175611230345604,12.64618488251151,12.656139950819751,12.68965650305967,12.426296899923837,0.32946320090215875,12.700885756108782,12.465862940677452,12.570773840020111,79.95140913537361,79.07523209234365,82.1318810173505,1.6612510000000285,Intel i9-9980HK macOS x86-64,C++20 -O3 -DNDEBUG -march=x86-64 -fno-fast-math -ffp-contract=off -fno-lto,Mops/s,79.95140913537361
gcc-O3,quaternion_normalize_checked,GLM,latency,30,32.54686245238135,32.04844956567055,44.16825573695887,45.44564613300677,75.8501307892908,36.01276099845574,10.580251150601704,87.90283175810855,32.44784347136401,32.91938721276588,30.72492981187374,22.640737449721875,31.2027589991634,1.8728230000000112,Intel i9-9980HK macOS x86-64,C++20 -O3 -DNDEBUG -march=x86-64 -fno-fast-math -ffp-contract=off -fno-lto,ns/op,32.54686245238135
gcc-O3,quaternion_normalize_checked,GLM,throughput,30,11.28413933664571,11.095846601209917,11.391362443767221,11.419518986404878,11.438937340658873,11.274345001682894,0.1084168045275159,11.443839874899163,11.243754278738304,11.335376099400413,88.61997401812938,87.78583919324234,90.12381679665023,1.6971800000000314,Intel i9-9980HK macOS x86-64,C++20 -O3 -DNDEBUG -march=x86-64 -fno-fast-math -ffp-contract=off -fno-lto,Mops/s,88.61997401812938
gcc-O3,quaternion_normalize_checked,Raw,latency,30,46.34639354001753,45.80244950731373,46.78174724968092,46.985718818813574,47.20166886719224,46.32685614746661,0.4619790491356082,47.28254096940905,46.17837725697292,46.56045799514288,21.576652944544527,21.375894130310748,21.83292828976561,1.6639139999999841,Intel i9-9980HK macOS x86-64,C++20 -O3 -DNDEBUG -march=x86-64 -fno-fast-math -ffp-contract=off -fno-lto,ns/op,46.34639354001753
gcc-O3,quaternion_normalize_checked,Raw,throughput,30,20.681729409485445,20.336543001537695,21.01094262669544,21.114840317800503,21.462508146539104,20.699798182116165,0.3344886100109374,21.596545341856615,20.567416766311503,20.856795939727835,48.35189265096135,47.59432384122485,49.172982326415664,1.641648999999859,Intel i9-9980HK macOS x86-64,C++20 -O3 -DNDEBUG -march=x86-64 -fno-fast-math -ffp-contract=off -fno-lto,Mops/s,48.35189265096135
gcc-O3,quaternion_normalize_checked,Vectoris,latency,30,37.247341012148,36.78521081252553,37.65835523032238,37.75213740853019,37.853847779778924,37.26717219406615,0.35275901893419137,37.88456551556908,37.14952251703777,37.476199378066255,26.847558956647482,26.554539854657754,27.184856029575414,1.65400499999987,Intel i9-9980HK macOS x86-64,C++20 -O3 -DNDEBUG -march=x86-64 -fno-fast-math -ffp-contract=off -fno-lto,ns/op,37.247341012148
gcc-O3,quaternion_normalize_checked,Vectoris,throughput,30,12.231742964194417,12.004497048063767,12.369799281593064,12.385909305622341,12.81079737473011,12.214162918183575,0.24476393025353685,12.980046141688872,12.162536808857567,12.316756283610125,81.75450961623991,80.84205611683856,83.3023329291104,1.6386879999999735,Intel i9-9980HK macOS x86-64,C++20 -O3 -DNDEBUG -march=x86-64 -fno-fast-math -ffp-contract=off -fno-lto,Mops/s,81.75450961623991
gcc-O3,quaternion_normalize_minimal,Eigen,latency,30,26.010764246243923,25.686807402599605,26.772715184063056,26.89332040282031,27.188330439414198,26.136878859594315,0.4670830977944019,27.30509259172465,25.84742559431563,26.328336336328846,38.44562560388462,37.351529072316815,38.9305638865634,1.6761090000002812,Intel i9-9980HK macOS x86-64,C++20 -O3 -DNDEBUG -march=x86-64 -fno-fast-math -ffp-contract=off -fno-lto,ns/op,26.010764246243923
gcc-O3,quaternion_normalize_minimal,Eigen,throughput,30,4.417462878674808,4.343146768766299,4.478372283481698,4.486870211959347,4.542779641936159,4.405142588793558,0.06953419291522955,4.565427702056277,4.398455352349856,4.430223043479489,226.3742870534826,223.29549330932755,230.24948410344066,1.6560260000000115,Intel i9-9980HK macOS x86-64,C++20 -O3 -DNDEBUG -march=x86-64 -fno-fast-math -ffp-contract=off -fno-lto,Mops/s,226.3742870534826
gcc-O3,quaternion_normalize_minimal,GLM,latency,30,21.399770965707923,21.106931158999355,21.604602712679192,21.6653519120619,21.941273673131857,21.323543767043894,0.5039651827832042,22.039853637098574,21.329650292736233,21.51500701506329,46.729490669424095,46.28643695390958,47.377843851362044,1.723829000000002,Intel i9-9980HK macOS x86-64,C++20 -O3 -DNDEBUG -march=x86-64 -fno-fast-math -ffp-contract=off -fno-lto,ns/op,21.399770965707923
gcc-O3,quaternion_normalize_minimal,GLM,throughput,30,3.7596014257968733,3.672316602658503,3.7976840603749866,3.816633487127398,3.858571369194233,3.737436362960663,0.08258484506760767,3.8718676901322673,3.741758680724921,3.7676798025401537,265.98570808018576,263.3184894503788,272.3315852898486,1.667664999999829,Intel i9-9980HK macOS x86-64,C++20 -O3 -DNDEBUG -march=x86-64 -fno-fast-math -ffp-contract=off -fno-lto,Mops/s,265.98570808018576
gcc-O3,quaternion_normalize_minimal,Raw,latency,30,22.437680829244258,21.996630703992743,22.69424157820253,22.821659763755534,23.01243597399744,22.331341019371543,0.6044171989249598,23.05150218295319,22.347936965330888,22.59735250219415,44.567897129592446,44.06404256105025,45.46159199452281,1.669936000000014,Intel i9-9980HK macOS x86-64,C++20 -O3 -DNDEBUG -march=x86-64 -fno-fast-math -ffp-contract=off -fno-lto,ns/op,22.437680829244258
gcc-O3,quaternion_normalize_minimal,Raw,throughput,30,4.20226596256839,4.168302574788342,4.248434014595975,4.270509867199484,4.281735886859328,4.204831533840659,0.03880134442151615,4.283478961025876,4.193627471510434,4.219834738374974,237.96689679111327,235.3811138706948,239.90586586241633,1.7169450000000666,Intel i9-9980HK macOS x86-64,C++20 -O3 -DNDEBUG -march=x86-64 -fno-fast-math -ffp-contract=off -fno-lto,Mops/s,237.96689679111327
gcc-O3,quaternion_rotate,Eigen,latency,30,18.154289731720873,17.828326905556146,18.394853382760576,18.467485277592576,18.668610427572027,18.093527147963812,0.3872475287913214,18.73869884378118,18.02911128772976,18.248000878326117,55.08348814385765,54.36305562548228,56.09074061219631,1.6791939999999954,Intel i9-9980HK macOS x86-64,C++20 -O3 -DNDEBUG -march=x86-64 -fno-fast-math -ffp-contract=off -fno-lto,ns/op,18.154289731720873
gcc-O3,quaternion_rotate,Eigen,throughput,30,11.466918061350466,11.324572232641037,11.593184246101218,11.629753727628598,11.676398355000472,11.458644069798916,0.12369092890490734,11.691989169977154,11.410668578691622,11.52911935396974,87.20739050872523,86.25762738291566,88.30374287221821,1.674851000000018,Intel i9-9980HK macOS x86-64,C++20 -O3 -DNDEBUG -march=x86-64 -fno-fast-math -ffp-contract=off -fno-lto,Mops/s,87.20739050872523
gcc-O3,quaternion_rotate,GLM,latency,30,15.161115729585676,14.778928124016824,15.989871769435736,16.99695551534017,18.371585779449802,15.269706551226767,0.9450859951051805,18.64499084394166,15.024897373747002,15.259159861462088,65.95820817630283,62.540156101499285,67.67078946214015,1.709370000000007,Intel i9-9980HK macOS x86-64,C++20 -O3 -DNDEBUG -march=x86-64 -fno-fast-math -ffp-contract=off -fno-lto,ns/op,15.161115729585676
gcc-O3,quaternion_rotate,GLM,throughput,30,4.717596146826991,4.52863340998874,4.777399959781541,4.795502564674429,4.831118649294423,4.683425833202573,0.11213419476482227,4.842861824898574,4.677734843258262,4.735708633054427,211.9723623888567,209.31897406972647,220.82523880670308,1.6895969999998215,Intel i9-9980HK macOS x86-64,C++20 -O3 -DNDEBUG -march=x86-64 -fno-fast-math -ffp-contract=off -fno-lto,Mops/s,211.9723623888567
gcc-O3,quaternion_rotate,Raw,latency,30,13.827036813286686,13.578876077639539,14.048007268457555,14.084736825050454,14.204247876706734,13.841940296789826,0.1894164208905937,14.247451115774878,13.746646388225837,13.964412856112183,72.32209709068236,71.18448933360311,73.64381299922884,1.6975759999998843,Intel i9-9980HK macOS x86-64,C++20 -O3 -DNDEBUG -march=x86-64 -fno-fast-math -ffp-contract=off -fno-lto,ns/op,13.827036813286686
gcc-O3,quaternion_rotate,Raw,throughput,30,4.937514662742615,4.884368181228638,5.052044987678528,5.160637199878693,5.4340580105781555,4.9789319435755415,0.1287630334469958,5.5227577686309814,4.913553595542908,5.003243684768677,202.53104854839344,197.94100428083786,204.7347901595214,1.191575999999941,Intel i9-9980HK macOS x86-64,C++20 -O3 -DNDEBUG -march=x86-64 -fno-fast-math -ffp-contract=off -fno-lto,Mops/s,202.53104854839344
gcc-O3,quaternion_rotate,Vectoris,latency,30,40.587388139011495,40.15483321818018,41.06356924334489,41.33293251262318,41.956482689972106,40.64259551511457,0.46471426738636606,42.15023714959858,40.45397419908333,40.76495282577041,24.63819621293031,24.352498249064716,24.903602969494774,1.655639000000008,Intel i9-9980HK macOS x86-64,C++20 -O3 -DNDEBUG -march=x86-64 -fno-fast-math -ffp-contract=off -fno-lto,ns/op,40.587388139011495
gcc-O3,quaternion_rotate,Vectoris,throughput,30,27.404143069610733,26.813508672800094,28.316582821134652,31.105602608871614,33.391418366960075,27.810134612111693,1.5861310093657404,34.21240017852686,27.234458681685474,27.618679972752915,36.490836923941536,35.342334110637566,37.29466922056826,1.7333990000000483,Intel i9-9980HK macOS x86-64,C++20 -O3 -DNDEBUG -march=x86-64 -fno-fast-math -ffp-contract=off -fno-lto,Mops/s,36.490836923941536
gcc-O3,quaternion_to_matrix_checked,Eigen,latency,30,16.42502337598561,16.15874649896081,16.57558820400929,16.66215115458321,16.768016128094956,16.402848489568427,0.16829549060727855,16.78403990576752,16.356126753409555,16.461391195166307,60.88271416870002,60.32968473242765,61.88600554006139,1.7064600000001633,Intel i9-9980HK macOS x86-64,C++20 -O3 -DNDEBUG -march=x86-64 -fno-fast-math -ffp-contract=off -fno-lto,ns/op,16.42502337598561
gcc-O3,quaternion_to_matrix_checked,Eigen,throughput,30,15.527638949930452,14.961578356829516,15.641911863640747,15.68788856887016,15.728056986229161,15.393148949467161,0.425510318269357,15.741169109146202,15.48894601426677,15.567335159639004,64.4012921275096,63.93084169722604,66.83876422244357,1.6420530000000895,Intel i9-9980HK macOS x86-64,C++20 -O3 -DNDEBUG -march=x86-64 -fno-fast-math -ffp-contract=off -fno-lto,Mops/s,64.4012921275096
gcc-O3,quaternion_to_matrix_checked,GLM,latency,30,19.93602784936244,19.441470284580607,20.21837863950873,20.65707029892504,22.077850009724628,19.904770098514756,0.6992930421024285,22.551470008430808,19.852531117646027,20.023327569871604,50.16044467680741,49.46014087071661,51.43699049608149,1.6760139999999808,Intel i9-9980HK macOS x86-64,C++20 -O3 -DNDEBUG -march=x86-64 -fno-fast-math -ffp-contract=off -fno-lto,ns/op,19.93602784936244
gcc-O3,quaternion_to_matrix_checked,GLM,throughput,30,18.43538849494559,18.052998625529188,18.698735434017788,18.800216913081485,18.922079758006735,18.422733012375197,0.27759486784963444,18.968336597049042,18.36938043855146,18.537708859212866,54.24350023039612,53.47969231057196,55.39246753568534,1.6671730000000766,Intel i9-9980HK macOS x86-64,C++20 -O3 -DNDEBUG -march=x86-64 -fno-fast-math -ffp-contract=off -fno-lto,Mops/s,54.24350023039612
gcc-O3,quaternion_to_matrix_checked,Raw,latency,30,17.5920140687085,17.215276230527483,19.138618416205823,19.53165608823755,19.567232978286953,17.886322992463974,0.7484212144539188,19.57623036430469,17.41338836957095,18.056402677760435,56.84403153730536,52.252583542822485,58.08801085109476,1.6625389999999884,Intel i9-9980HK macOS x86-64,C++20 -O3 -DNDEBUG -march=x86-64 -fno-fast-math -ffp-contract=off -fno-lto,ns/op,17.5920140687085
gcc-O3,quaternion_to_matrix_checked,Raw,throughput,30,14.137813664789888,13.999490952415755,14.2299550183052,14.255693093938136,14.283050119656215,14.132311468085154,0.0895025322809736,14.288879775838627,14.098147592859071,14.187620610313878,70.73229598379332,70.27429466936827,71.43118658696561,1.6830540000001408,Intel i9-9980HK macOS x86-64,C++20 -O3 -DNDEBUG -march=x86-64 -fno-fast-math -ffp-contract=off -fno-lto,Mops/s,70.73229598379332
gcc-O3,quaternion_to_matrix_checked,Vectoris,latency,30,43.1525740617535,42.82644356279231,43.84691160975021,44.00045378163654,44.373788212039535,43.20314039361275,0.5666052837515467,44.47658904340701,43.02141065676511,43.39032518761606,23.17358872920618,22.806623423442083,23.35006679792454,1.6531089999999153,Intel i9-9980HK macOS x86-64,C++20 -O3 -DNDEBUG -march=x86-64 -fno-fast-math -ffp-contract=off -fno-lto,ns/op,43.1525740617535
gcc-O3,quaternion_to_matrix_checked,Vectoris,throughput,30,47.00312737151938,46.13036741558695,47.572297128422115,47.69646522286712,49.70200959577764,47.016490487550996,0.8435027808670432,50.49337530689163,46.726164418508276,47.239803004346236,21.27523374083912,21.0206389590306,21.677710166404555,1.6939529999999081,Intel i9-9980HK macOS x86-64,C++20 -O3 -DNDEBUG -march=x86-64 -fno-fast-math -ffp-contract=off -fno-lto,Mops/s,21.27523374083912
gcc-O3,rotation_matrix_compose,Eigen,latency,30,11.24223280646564,10.842419377919777,11.444964550862098,11.481273816917822,11.513244742932788,11.155899084463707,0.2621296240792809,11.52205412082862,11.078048158861055,11.296514072668902,88.95031017048734,87.37471111521776,92.2317212956416,1.7176339999999473,Intel i9-9980HK macOS x86-64,C++20 -O3 -DNDEBUG -march=x86-64 -fno-fast-math -ffp-contract=off -fno-lto,ns/op,11.24223280646564
gcc-O3,rotation_matrix_compose,Eigen,throughput,30,7.287017956681826,7.130635746579838,7.364004261138801,7.475801290914562,7.823383692450943,7.290367816300831,0.15924831636932535,7.938713796189493,7.245673795770378,7.321393321183703,137.23034867277443,135.7959698437515,140.23995048760614,1.7189159999998653,Intel i9-9980HK macOS x86-64,C++20 -O3 -DNDEBUG -march=x86-64 -fno-fast-math -ffp-contract=off -fno-lto,Mops/s,137.23034867277443
gcc-O3,rotation_matrix_compose,GLM,latency,30,10.123341715077864,9.90221952713537,10.213159448094604,10.216946158510506,10.255583624960446,10.059522443525951,0.21023705947275798,10.270687065931611,10.033979689331805,10.169954058764734,98.78161067215427,97.9128944743104,100.98748396497511,1.6537140000001502,Intel i9-9980HK macOS x86-64,C++20 -O3 -DNDEBUG -march=x86-64 -fno-fast-math -ffp-contract=off -fno-lto,ns/op,10.123341715077864
gcc-O3,rotation_matrix_compose,GLM,throughput,30,6.978760588782988,6.828118861327567,7.120695503564219,7.349485999971861,7.691541939164472,7.003296234147756,0.20252995001271437,7.797812989496488,6.933628668515459,7.015752483350964,143.2919229913527,140.44073859190092,146.45338254362167,1.655666999999596,Intel i9-9980HK macOS x86-64,C++20 -O3 -DNDEBUG -march=x86-64 -fno-fast-math -ffp-contract=off -fno-lto,Mops/s,143.2919229913527
gcc-O3,rotation_matrix_compose,Raw,latency,30,11.173424331830764,10.97670326412846,11.296653323806005,11.387491310682488,11.690192184512261,11.165464446033466,0.17092888478718551,11.789090453579998,11.097959443020592,11.206105033996337,89.49813743701365,88.5218141128065,91.10203477408446,1.65940999999998,Intel i9-9980HK macOS x86-64,C++20 -O3 -DNDEBUG -march=x86-64 -fno-fast-math -ffp-contract=off -fno-lto,ns/op,11.173424331830764
gcc-O3,rotation_matrix_compose,Raw,throughput,30,6.417404560059126,6.259093350818915,6.535911381605277,6.589685424650979,6.705891204979777,6.410113842114896,0.14653888867764134,6.742248029413408,6.369661686793615,6.484700419109256,155.82625627804754,153.00101784622595,159.76760811074288,1.7150459999999832,Intel i9-9980HK macOS x86-64,C++20 -O3 -DNDEBUG -march=x86-64 -fno-fast-math -ffp-contract=off -fno-lto,Mops/s,155.82625627804754
gcc-O3,rotation_matrix_compose,Vectoris,latency,30,11.76334805784979,11.571445778532482,12.138334680785013,12.301819410319801,12.990791094611504,11.845547957016683,0.36844605432597055,13.219038494948451,11.729719909699448,11.90859947437323,85.00994274264146,82.38362517614085,86.41962516368028,1.675018000000023,Intel i9-9980HK macOS x86-64,C++20 -O3 -DNDEBUG -march=x86-64 -fno-fast-math -ffp-contract=off -fno-lto,ns/op,11.76334805784979
gcc-O3,rotation_matrix_compose,Vectoris,throughput,30,6.500263821016805,6.346456983349729,6.6229132741188215,6.646286828100161,6.673498658576248,6.475847367029888,0.128547490191428,6.68036056371652,6.44152313317508,6.531288832200816,153.83992559926503,150.99099828072374,157.5690722401516,1.6711040000001134,Intel i9-9980HK macOS x86-64,C++20 -O3 -DNDEBUG -march=x86-64 -fno-fast-math -ffp-contract=off -fno-lto,Mops/s,153.83992559926503
gcc-O3,rotation_matrix_vector,Eigen,latency,30,10.378931846341011,10.115767140300296,10.536313384371958,10.610178468991844,10.796504132214567,10.355523805307017,0.2261906724518041,10.865557853264857,10.339788255290465,10.420700922157145,96.34918878495826,94.91012063116507,98.85557729920505,1.7004359999999965,Intel i9-9980HK macOS x86-64,C++20 -O3 -DNDEBUG -march=x86-64 -fno-fast-math -ffp-contract=off -fno-lto,ns/op,10.378931846341011
gcc-O3,rotation_matrix_vector,Eigen,throughput,30,2.1257624038541922,2.0622787347309237,2.330749309695279,2.393003482978215,2.5110171316097376,2.1611798822006,0.12445831149940036,2.554049923876021,2.1143037478208937,2.1676826074700895,470.42335404986403,429.06544266452636,484.91458054896566,1.758719999999954,Intel i9-9980HK macOS x86-64,C++20 -O3 -DNDEBUG -march=x86-64 -fno-fast-math -ffp-contract=off -fno-lto,Mops/s,470.42335404986403
gcc-O3,rotation_matrix_vector,GLM,latency,30,10.205309677649325,10.050718715937151,10.343345542671443,10.381446610788998,10.438636944809193,10.183793953947506,0.15960720728812944,10.459368440891513,10.1602700763602,10.241009371447534,97.98830018772678,96.68060909096434,99.49537560527277,1.6404550000000102,Intel i9-9980HK macOS x86-64,C++20 -O3 -DNDEBUG -march=x86-64 -fno-fast-math -ffp-contract=off -fno-lto,ns/op,10.205309677649325
gcc-O3,rotation_matrix_vector,GLM,throughput,30,2.251432241760943,2.1921444282919036,2.408580804357436,2.5390368720136656,2.6982661615933603,2.2888094584547596,0.12398636147642923,2.723350155437503,2.2331298222864926,2.2645871057582045,444.16177806697084,415.18319234922524,456.17434794356075,1.1115610000000036,Intel i9-9980HK macOS x86-64,C++20 -O3 -DNDEBUG -march=x86-64 -fno-fast-math -ffp-contract=off -fno-lto,Mops/s,444.16177806697084
gcc-O3,rotation_matrix_vector,Raw,latency,30,9.03571896484797,8.80192293555796,9.18578226625626,9.23642198843791,9.440695696550788,9.004894672879878,0.21450768399212852,9.523284039382974,8.93028628966304,9.103897589342205,110.67194137885429,108.86422125130642,113.61843174345908,1.6428579999999864,Intel i9-9980HK macOS x86-64,C++20 -O3 -DNDEBUG -march=x86-64 -fno-fast-math -ffp-contract=off -fno-lto,ns/op,9.03571896484797
gcc-O3,rotation_matrix_vector,Raw,throughput,30,2.610095624188559,2.5497997876989467,2.6445534901057113,2.651681876112719,2.7686466098335436,2.6057814858130914,0.052967533112041894,2.815135298656607,2.595003378361632,2.620673339836283,383.1277361719208,378.1357324076052,392.1876981674065,1.6234969999998725,Intel i9-9980HK macOS x86-64,C++20 -O3 -DNDEBUG -march=x86-64 -fno-fast-math -ffp-contract=off -fno-lto,Mops/s,383.1277361719208
gcc-O3,rotation_matrix_vector,Vectoris,latency,30,13.591116873967152,13.404719627254082,13.74092617673184,13.777210532946171,13.80576633253084,13.582211633768281,0.14046392138312283,13.807282584602579,13.504088390205478,13.666732707726489,73.57747869709542,72.77529969624533,74.60061188616201,1.7228049999998802,Intel i9-9980HK macOS x86-64,C++20 -O3 -DNDEBUG -march=x86-64 -fno-fast-math -ffp-contract=off -fno-lto,ns/op,13.591116873967152
gcc-O3,rotation_matrix_vector,Vectoris,throughput,30,10.448896159201148,10.165652288176076,11.272464665924668,11.599674743126771,11.918824163863297,10.609522153178082,0.48020359729368467,11.961236685400982,10.327554856706385,10.658685841465276,95.70395211018776,88.71206066886593,98.37068563127171,1.6990370000000183,Intel i9-9980HK macOS x86-64,C++20 -O3 -DNDEBUG -march=x86-64 -fno-fast-math -ffp-contract=off -fno-lto,Mops/s,95.70395211018776
gcc-O3,units_add,Raw,latency,30,6.599852170293678,6.558750804922599,6.637018842170882,6.6558307082871595,6.662434804589324,6.598212241523865,0.03366474618177044,6.6627476496275815,6.583287281017517,6.6137059251638854,151.5185472629729,150.6701076397343,152.46806354444468,1.657042999999817,Intel i9-9980HK macOS x86-64,C++20 -O3 -DNDEBUG -march=x86-64 -fno-fast-math -ffp-contract=off -fno-lto,ns/op,6.599852170293678
gcc-O3,units_add,Raw,throughput,30,0.4872272084129464,0.4835964812090739,0.49128308662070813,0.4921323491394793,0.49462259058436164,0.4873366319557567,0.0033267807034763524,0.49563667448009285,0.4859184917530531,0.4883831201888014,2052.4308443876307,2035.4869761580221,2067.8397761870647,1.671625000000006,Intel i9-9980HK macOS x86-64,C++20 -O3 -DNDEBUG -march=x86-64 -fno-fast-math -ffp-contract=off -fno-lto,Mops/s,2052.4308443876307
gcc-O3,units_add,Vectoris,latency,30,5.707298982349889,5.6376501180619325,5.766937913774498,5.790704333885936,5.9180945924208,5.705879235425144,0.06970559347111492,5.965685752214322,5.6762509814198765,5.719470205039332,175.21431476981854,173.40231176697208,177.37891581863553,1.7005259999997409,Intel i9-9980HK macOS x86-64,C++20 -O3 -DNDEBUG -march=x86-64 -fno-fast-math -ffp-contract=off -fno-lto,ns/op,5.707298982349889
gcc-O3,units_add,Vectoris,throughput,30,0.4345937705924097,0.42783051348816886,0.43680072627411964,0.4385322363148561,0.44074960505919053,0.43381155769058416,0.0037445704060000335,0.4411222374977869,0.43362465193914435,0.4355295024764285,2300.999401207774,2289.373507611087,2337.3743128860096,1.7116869999999944,Intel i9-9980HK macOS x86-64,C++20 -O3 -DNDEBUG -march=x86-64 -fno-fast-math -ffp-contract=off -fno-lto,Mops/s,2300.999401207774
gcc-O3,vector_add,Eigen,latency,30,7.961169055641564,7.887365115058862,8.028882838376969,8.041849307411407,8.05616337148419,7.957327138890618,0.05672546044063177,8.057768069031102,7.927917806009922,7.9855802977607855,125.6097211757847,124.55032913780657,126.7851562138526,1.6817400000001612,Intel i9-9980HK macOS x86-64,C++20 -O3 -DNDEBUG -march=x86-64 -fno-fast-math -ffp-contract=off -fno-lto,ns/op,7.961169055641564
gcc-O3,vector_add,Eigen,throughput,30,0.9451219388778216,0.927909514769557,0.9605435146261468,0.9623446645049625,1.0335193127531097,0.9460377641049775,0.026736270446765367,1.0620300387837223,0.9384744293441418,0.9481538172765008,1058.0645318786806,1041.0772511740904,1077.6923722991703,1.6669080000000491,Intel i9-9980HK macOS x86-64,C++20 -O3 -DNDEBUG -march=x86-64 -fno-fast-math -ffp-contract=off -fno-lto,Mops/s,1058.0645318786806
gcc-O3,vector_add,GLM,latency,30,6.886780163610834,6.857362785469245,6.959909135300859,6.976895232666494,7.030810787032816,6.901320426987799,0.04877309246840679,7.047341109825233,6.878973998844596,6.919630496764068,145.20574424604405,143.68003680262447,145.82866075083615,1.6797460000000513,Intel i9-9980HK macOS x86-64,C++20 -O3 -DNDEBUG -march=x86-64 -fno-fast-math -ffp-contract=off -fno-lto,ns/op,6.886780163610834
gcc-O3,vector_add,GLM,throughput,30,0.9845514391085644,0.9664610784578604,1.1253958138551086,1.178580152979042,1.188100356927581,1.0137098530579287,0.0680720341805891,1.1882844167081341,0.9797459374488031,1.006547511171146,1015.6911166879958,888.7099937549832,1034.7033881385835,1.6706240000000605,Intel i9-9980HK macOS x86-64,C++20 -O3 -DNDEBUG -march=x86-64 -fno-fast-math -ffp-contract=off -fno-lto,Mops/s,1015.6911166879958
gcc-O3,vector_add,Raw,latency,30,7.894220983044647,7.810179865326273,7.954147078545921,7.980100904368548,8.020464052872386,7.890321193973234,0.05884449600379023,8.030580954657305,7.869814139876624,7.909044160892619,126.67494745606925,125.72059248264584,128.03809512867176,1.6972280000001092,Intel i9-9980HK macOS x86-64,C++20 -O3 -DNDEBUG -march=x86-64 -fno-fast-math -ffp-contract=off -fno-lto,ns/op,7.894220983044647
gcc-O3,vector_add,Raw,throughput,30,0.9993674958091128,0.9832955437609653,1.0106025309436704,1.0125595388895572,1.0517900876921176,0.9981396962747079,0.0225464389209923,1.0671922994947654,0.9987326504642041,1.004085649137771,1000.6329087100786,989.5087043700169,1016.9882726157011,1.6472359999999995,Intel i9-9980HK macOS x86-64,C++20 -O3 -DNDEBUG -march=x86-64 -fno-fast-math -ffp-contract=off -fno-lto,Mops/s,1000.6329087100786
gcc-O3,vector_add,Vectoris,latency,30,6.850755986322341,6.772534260038893,6.915777964316692,6.943337927563884,6.952579842297186,6.8271921903647526,0.1118221716663213,6.955481755730736,6.810027638750079,6.8694250125289145,145.96929675090263,144.59710049179512,147.65521709928947,1.6298299999999983,Intel i9-9980HK macOS x86-64,C++20 -O3 -DNDEBUG -march=x86-64 -fno-fast-math -ffp-contract=off -fno-lto,ns/op,6.850755986322341
gcc-O3,vector_add,Vectoris,throughput,30,0.9976120787219951,0.9854056107537346,1.0060020205456273,1.006296208564755,1.0276215711957624,0.995944674899756,0.012949548712295653,1.036284910939724,0.9929810030033559,1.00001390361246,1002.3937487596397,994.0337913474585,1014.8141459320868,1.7485739999999055,Intel i9-9980HK macOS x86-64,C++20 -O3 -DNDEBUG -march=x86-64 -fno-fast-math -ffp-contract=off -fno-lto,Mops/s,1002.3937487596397
gcc-O3,vector_cross,Eigen,latency,30,10.15591881660708,9.929976847686989,10.293577553474133,10.373292557813548,10.731082900870982,10.147391095568393,0.20166231907822973,10.86052176742884,10.068829465499459,10.234544404583803,98.4648287648117,97.14804400523755,100.70541097693295,1.6972220000000107,Intel i9-9980HK macOS x86-64,C++20 -O3 -DNDEBUG -march=x86-64 -fno-fast-math -ffp-contract=off -fno-lto,ns/op,10.15591881660708
gcc-O3,vector_cross,Eigen,throughput,30,1.95240399143189,1.9251567577043196,1.9710049264610885,1.9733598525304903,2.0177449208699425,1.9473157395200713,0.046366861176626965,2.0352000396080467,1.948116368104559,1.958308661271243,512.1890822069962,507.35540527775765,519.4386022181436,1.7007220000000702,Intel i9-9980HK macOS x86-64,C++20 -O3 -DNDEBUG -march=x86-64 -fno-fast-math -ffp-contract=off -fno-lto,Mops/s,512.1890822069962
gcc-O3,vector_cross,GLM,latency,30,8.644955678466388,8.563786461115585,8.759041630456048,8.802944650345736,9.024598403555798,8.65971638177056,0.11368881232007248,9.104570282467362,8.621129778964246,8.687424749139309,115.67439932435539,114.16776639160285,116.77082837822094,1.6860459999999053,Intel i9-9980HK macOS x86-64,C++20 -O3 -DNDEBUG -march=x86-64 -fno-fast-math -ffp-contract=off -fno-lto,ns/op,8.644955678466388
gcc-O3,vector_cross,GLM,throughput,30,1.7475445550145459,1.717292550860775,1.766772179261702,1.7736742422650489,1.80145610830633,1.7450301449553944,0.021163503411980592,1.8105526260147404,1.7379362861230208,1.7517500203986058,572.2315588569302,566.0039323248695,582.3122712439572,1.6845510000000026,Intel i9-9980HK macOS x86-64,C++20 -O3 -DNDEBUG -march=x86-64 -fno-fast-math -ffp-contract=off -fno-lto,Mops/s,572.2315588569302
gcc-O3,vector_cross,Raw,latency,30,7.6932456930344415,7.613634016606582,7.742655382384621,7.75076171266228,7.7667075051417775,7.6840089979770285,0.057364990693474685,7.7705524451896,7.677080626785639,7.70944475521647,129.98417561264344,129.15465698019685,131.34339759933323,1.6117279999999428,Intel i9-9980HK macOS x86-64,C++20 -O3 -DNDEBUG -march=x86-64 -fno-fast-math -ffp-contract=off -fno-lto,ns/op,7.6932456930344415
gcc-O3,vector_cross,Raw,throughput,30,1.5472465133765343,1.5175079476595028,1.5743394615938138,1.5919885934823113,1.6004704392190814,1.5447800916634438,0.02915448126118625,1.6032931365404863,1.5371791486092952,1.5532704012602483,646.3104148994562,635.1940083714283,658.9768262101454,1.6655470000001458,Intel i9-9980HK macOS x86-64,C++20 -O3 -DNDEBUG -march=x86-64 -fno-fast-math -ffp-contract=off -fno-lto,Mops/s,646.3104148994562
gcc-O3,vector_dot,Eigen,latency,30,8.819487073132777,8.66003972917008,8.879808636975913,8.88901067329252,9.079362856989839,8.772874842768744,0.2063808582818193,9.154182748549612,8.783837095933716,8.849465378413505,113.38538243719859,112.6150394844611,115.47853868811166,1.6808999999999517,Intel i9-9980HK macOS x86-64,C++20 -O3 -DNDEBUG -march=x86-64 -fno-fast-math -ffp-contract=off -fno-lto,ns/op,8.819487073132777
gcc-O3,vector_dot,Eigen,throughput,30,0.9315691668043344,0.9169879943626241,0.952283506661442,0.9584041582195195,0.9728753500483391,0.9341669025235537,0.014661488644177727,0.9782990074187975,0.9272417594699899,0.9352742578997335,1073.4581424318958,1050.1102304684114,1090.5274567961176,1.6718970000000015,Intel i9-9980HK macOS x86-64,C++20 -O3 -DNDEBUG -march=x86-64 -fno-fast-math -ffp-contract=off -fno-lto,Mops/s,1073.4581424318958
gcc-O3,vector_dot,GLM,latency,30,8.346316224073984,8.253049034529786,8.441674749752568,8.559460010117148,8.975601045257605,8.360660371403874,0.1744110398942762,9.112854937820144,8.302088732864659,8.376974927268545,119.81337509432716,118.45997914778445,121.16806300332799,1.6770259999999553,Intel i9-9980HK macOS x86-64,C++20 -O3 -DNDEBUG -march=x86-64 -fno-fast-math -ffp-contract=off -fno-lto,ns/op,8.346316224073984
gcc-O3,vector_dot,GLM,throughput,30,1.4047637443492365,1.3805904723055662,1.4261198148495915,1.4275117069486771,1.4359320424913817,1.4017770691269755,0.021616687004834257,1.4391179686340647,1.3979310907438642,1.4107490295598817,711.8640738980289,701.2033712175177,724.3288573632883,1.6737949999999986,Intel i9-9980HK macOS x86-64,C++20 -O3 -DNDEBUG -march=x86-64 -fno-fast-math -ffp-contract=off -fno-lto,Mops/s,711.8640738980289
gcc-O3,vector_dot,Raw,latency,30,9.683595094604591,9.601316992208368,9.76694748548688,9.780826466351085,9.848503748658043,9.691372667785117,0.06888434244868878,9.874901082700063,9.663844713976161,9.725678280106802,103.2674335825513,102.38614689189926,104.15238698629395,1.6721219999997174,Intel i9-9980HK macOS x86-64,C++20 -O3 -DNDEBUG -march=x86-64 -fno-fast-math -ffp-contract=off -fno-lto,ns/op,9.683595094604591
gcc-O3,vector_dot,Raw,throughput,30,1.1650469352892445,1.1450952768931715,1.1898636474533166,1.1970604116817765,1.2225448636446732,1.1672701872649058,0.019709367737480103,1.231876761003963,1.1595358334193804,1.170843144829176,858.3345183505547,840.4334710531731,873.2904643310104,1.4140549999999337,Intel i9-9980HK macOS x86-64,C++20 -O3 -DNDEBUG -march=x86-64 -fno-fast-math -ffp-contract=off -fno-lto,Mops/s,858.3345183505547
gcc-O3,vector_dot,Vectoris,latency,30,8.393302802203063,8.276840628995009,8.75184798371244,8.901267408825294,9.672837521976996,8.48908654574907,0.3355193938373271,9.94364922370429,8.370388287384952,8.413788342730243,119.14268002170445,114.26162887256925,120.81905460564607,1.6862079999999935,Intel i9-9980HK macOS x86-64,C++20 -O3 -DNDEBUG -march=x86-64 -fno-fast-math -ffp-contract=off -fno-lto,ns/op,8.393302802203063
gcc-O3,vector_dot,Vectoris,throughput,30,1.4337646562692674,1.3816122651803011,1.6169703914016647,1.9173059571455797,3.092599990563421,1.5450558335220481,0.39491116376929203,3.4994423468824825,1.411572741483588,1.4762597382342588,697.5061540176205,618.6067384148104,723.7922458529927,1.507954999999985,Intel i9-9980HK macOS x86-64,C++20 -O3 -DNDEBUG -march=x86-64 -fno-fast-math -ffp-contract=off -fno-lto,Mops/s,697.5061540176205
gcc-O3,vector_norm,Eigen,latency,30,18.206793723068202,18.00814092926576,18.372653953202555,18.388599210921647,18.392227622163652,18.19045576331799,0.14026491145076522,18.3931522215993,18.125570500987777,18.28062948119684,54.92455498318438,54.42872159883573,55.530445566302696,1.6681869999999892,Intel i9-9980HK macOS x86-64,C++20 -O3 -DNDEBUG -march=x86-64 -fno-fast-math -ffp-contract=off -fno-lto,ns/op,18.206793723068202
gcc-O3,vector_norm,Eigen,throughput,30,1.7092246241895865,1.676887004684935,1.7297923170763523,1.7558394836383058,2.3922546056377922,1.7368424969225054,0.17451732676640028,2.649656636063382,1.7046154871709769,1.7196264702618398,585.0608505964142,578.111313520841,596.3431070218306,1.7002900000000807,Intel i9-9980HK macOS x86-64,C++20 -O3 -DNDEBUG -march=x86-64 -fno-fast-math -ffp-contract=off -fno-lto,Mops/s,585.0608505964142
gcc-O3,vector_norm,GLM,latency,30,14.244271861398659,13.229220942076282,16.690951813148878,17.442310325254365,39.2784013175133,15.678502077469993,6.2475007508198335,48.06131339760948,13.727147041590488,15.071646760529152,70.20955856699982,59.915481414855506,75.590372280273,1.6701920000000428,Intel i9-9980HK macOS x86-64,C++20 -O3 -DNDEBUG -march=x86-64 -fno-fast-math -ffp-contract=off -fno-lto,ns/op,14.244271861398659
gcc-O3,vector_norm,GLM,throughput,30,0.8553442307201273,0.8429068884558194,0.8812565182044172,0.9334357354799039,1.0164738423219137,0.8643820035166746,0.041234851045414946,1.0402207277535014,0.8503682701046523,0.8596035945092739,1169.1199508439886,1134.8185162020686,1186.3997896674048,1.6840050000000417,Intel i9-9980HK macOS x86-64,C++20 -O3 -DNDEBUG -march=x86-64 -fno-fast-math -ffp-contract=off -fno-lto,Mops/s,1169.1199508439886
gcc-O3,vector_norm,Raw,latency,30,13.23300530381583,13.087118656474168,13.363272324553815,14.44610377027465,15.540719775300708,13.352552538233194,0.5905393989256996,15.63348361805319,13.184533467531528,13.259056490841127,75.56863089948149,74.83199410882132,76.41118592883753,1.7158760000000086,Intel i9-9980HK macOS x86-64,C++20 -O3 -DNDEBUG -march=x86-64 -fno-fast-math -ffp-contract=off -fno-lto,ns/op,13.23300530381583
gcc-O3,vector_norm,Raw,throughput,30,0.8516998571968989,0.8455169497957409,0.8586178329049511,0.863194559073506,0.8644272586523107,0.8522248042338959,0.005825697475116289,0.8645956049646503,0.8504426909549723,0.8530976978483329,1174.1226047915484,1164.6647432354662,1182.7087526570217,1.705430999999983,Intel i9-9980HK macOS x86-64,C++20 -O3 -DNDEBUG -march=x86-64 -fno-fast-math -ffp-contract=off -fno-lto,Mops/s,1174.1226047915484
gcc-O3,vector_norm,Vectoris,latency,30,14.086021762476577,13.930138953208713,14.197743154764137,14.302450956196859,14.541591991934583,14.04491042576861,0.2703530960943608,14.621857713128756,14.045649537317294,14.136016383269677,70.99237445935421,70.43383652866291,71.78681460885491,1.6755020000001084,Intel i9-9980HK macOS x86-64,C++20 -O3 -DNDEBUG -march=x86-64 -fno-fast-math -ffp-contract=off -fno-lto,ns/op,14.086021762476577
gcc-O3,vector_norm,Vectoris,throughput,30,2.0377026151982003,1.9982759003390158,2.0656363699523155,2.0726690942248887,2.082452786465891,2.0326881903540053,0.03097374633843118,2.085748392995067,2.0263515975751787,2.044278407344922,490.7487558990456,484.11261912782504,500.431404292453,1.6526100000000001,Intel i9-9980HK macOS x86-64,C++20 -O3 -DNDEBUG -march=x86-64 -fno-fast-math -ffp-contract=off -fno-lto,Mops/s,490.7487558990456
gcc-O3,vector_normalize_checked,Eigen,latency,30,31.664944504988544,30.9430649498988,32.05145224598452,32.1728598711769,32.367126811924834,31.434801566328254,0.8372452897548266,32.44411077064091,31.398008534366905,31.79445937226054,31.580667744393857,31.19987829865919,32.31741975900614,1.6692989999999996,Intel i9-9980HK macOS x86-64,C++20 -O3 -DNDEBUG -march=x86-64 -fno-fast-math -ffp-contract=off -fno-lto,ns/op,31.664944504988544
gcc-O3,vector_normalize_checked,Eigen,throughput,30,24.43088951941582,23.777968347544387,24.718619769141625,25.086062214832246,25.84024927297155,24.341190060753675,0.5838196147568112,26.054671775128213,24.139792312462163,24.57062857246116,40.93179963823296,40.455389110518574,42.056298208181886,1.6803980000000038,Intel i9-9980HK macOS x86-64,C++20 -O3 -DNDEBUG -march=x86-64 -fno-fast-math -ffp-contract=off -fno-lto,Mops/s,40.93179963823296
gcc-O3,vector_normalize_checked,GLM,latency,30,28.814700580276615,28.316044272956397,29.148773854232875,29.341063449315588,29.52552252606289,28.736086378835022,0.48105056071231556,29.565490925490778,28.649190492650376,28.925761680898106,34.70451591840336,34.30679381289417,35.31595525630588,1.6567110000000014,Intel i9-9980HK macOS x86-64,C++20 -O3 -DNDEBUG -march=x86-64 -fno-fast-math -ffp-contract=off -fno-lto,ns/op,28.814700580276615
gcc-O3,vector_normalize_checked,GLM,throughput,30,22.950798370739665,22.50066783038949,23.404009514626864,24.04057697295756,26.026045080496207,23.059941670781043,0.8223433177153978,26.722322890586405,22.788865338409806,23.078099781607623,43.57153710815968,42.72845929553462,44.44372443997899,1.631410000000045,Intel i9-9980HK macOS x86-64,C++20 -O3 -DNDEBUG -march=x86-64 -fno-fast-math -ffp-contract=off -fno-lto,Mops/s,43.57153710815968
gcc-O3,vector_normalize_checked,Raw,latency,30,28.350305261635537,27.485962371155654,28.757394257336323,28.774973563792386,28.81062278989732,28.206276102564924,0.5609539650048911,28.82154583081093,28.25979972276756,28.452626301601583,35.27300198648446,34.77366541174431,36.3824774341065,1.6766639999999955,Intel i9-9980HK macOS x86-64,C++20 -O3 -DNDEBUG -march=x86-64 -fno-fast-math -ffp-contract=off -fno-lto,ns/op,28.350305261635537
gcc-O3,vector_normalize_checked,Raw,throughput,30,22.07327010202529,21.440066558398467,22.421627054958353,22.42353631284906,22.512544447053724,21.938560330945172,0.4690545174006373,22.548427480449575,21.860084936104222,22.183190117607843,45.303663962005785,44.59979633071093,46.6429248158068,1.70449400000021,Intel i9-9980HK macOS x86-64,C++20 -O3 -DNDEBUG -march=x86-64 -fno-fast-math -ffp-contract=off -fno-lto,Mops/s,45.303663962005785
gcc-O3,vector_normalize_checked,Vectoris,latency,30,36.055532647120295,35.40295988390314,38.520705521261874,40.82299532786343,43.7056905233519,36.69505844347453,2.0056082804711783,44.253087800139454,35.904967181212,36.27373016173942,27.735020022394167,25.96039929696912,28.246246439460496,1.7093870000003337,Intel i9-9980HK macOS x86-64,C++20 -O3 -DNDEBUG -march=x86-64 -fno-fast-math -ffp-contract=off -fno-lto,ns/op,36.055532647120295
gcc-O3,vector_normalize_checked,Vectoris,throughput,30,21.739556470927475,21.445332854877577,22.060280837783086,22.22123907522758,22.257541603196692,21.7445141265584,0.2566397225792631,22.265361264225223,21.68562777417899,21.819124951568668,45.999098762379504,45.330540280303325,46.6302222992108,1.6395660000001726,Intel i9-9980HK macOS x86-64,C++20 -O3 -DNDEBUG -march=x86-64 -fno-fast-math -ffp-contract=off -fno-lto,Mops/s,45.999098762379504
gcc-O3,vector_normalize_minimal,Eigen,latency,30,22.483265524264283,22.276525495581804,23.01619111812661,23.10876907304659,23.117992858941655,22.532507588556594,0.2609015615090516,23.12029880541542,22.434310865016485,22.535716944886925,44.47752785699552,43.44774603033648,44.89031502026052,1.6744659999999387,Intel i9-9980HK macOS x86-64,C++20 -O3 -DNDEBUG -march=x86-64 -fno-fast-math -ffp-contract=off -fno-lto,ns/op,22.483265524264283
gcc-O3,vector_normalize_minimal,Eigen,throughput,30,4.181330537401228,4.120177402576487,4.259364374777232,4.460167682612493,4.6935656254799225,4.203983979681196,0.1365218039042267,4.722398680245787,4.153405639634109,4.204224879528727,239.15832757822625,234.7768193165819,242.70801799240485,1.6852660000001267,Intel i9-9980HK macOS x86-64,C++20 -O3 -DNDEBUG -march=x86-64 -fno-fast-math -ffp-contract=off -fno-lto,Mops/s,239.15832757822625
gcc-O3,vector_normalize_minimal,GLM,latency,30,19.30284532211724,19.12410463947973,19.468559836602918,19.53872314219906,19.67323227325704,19.291232783044858,0.19364041195795334,19.709461918645065,19.26375861478508,19.345746367100908,51.80583562517501,51.364870707130784,52.29016126837164,1.6767679999999672,Intel i9-9980HK macOS x86-64,C++20 -O3 -DNDEBUG -march=x86-64 -fno-fast-math -ffp-contract=off -fno-lto,ns/op,19.30284532211724
gcc-O3,vector_normalize_minimal,GLM,throughput,30,3.02006522863198,2.9710477461064992,3.099245585419644,3.1968187455520916,3.280293094147969,3.0318873463310263,0.07950102333995826,3.2956463213371197,3.007104256778587,3.0331320583463497,331.11871322020943,322.66551726556446,336.5818601935503,1.632781000000051,Intel i9-9980HK macOS x86-64,C++20 -O3 -DNDEBUG -march=x86-64 -fno-fast-math -ffp-contract=off -fno-lto,Mops/s,331.11871322020943
gcc-O3,vector_normalize_minimal,Raw,latency,30,20.671507534477477,20.421399446760493,20.881671273064214,20.902884037050306,20.987748244119278,20.650734602547583,0.17008803199599684,21.02207267933546,20.5545940367488,20.728320392766328,48.37576654737653,47.88889216818131,48.96824352318886,1.6771560000000818,Intel i9-9980HK macOS x86-64,C++20 -O3 -DNDEBUG -march=x86-64 -fno-fast-math -ffp-contract=off -fno-lto,ns/op,20.671507534477477
gcc-O3,vector_normalize_minimal,Raw,throughput,30,4.489284406665023,4.441898902407955,4.598197886400619,4.823820318209086,4.95532733647233,4.522211019477195,0.13475004039297614,4.969568704771594,4.4772768264729805,4.5152945272227445,222.75267895776443,217.48944446740538,225.12941176959106,1.7043429999999091,Intel i9-9980HK macOS x86-64,C++20 -O3 -DNDEBUG -march=x86-64 -fno-fast-math -ffp-contract=off -fno-lto,Mops/s,222.75267895776443
gcc-O3,vector_scalar,Eigen,latency,30,8.05129269295863,7.974882101525874,8.095622867000623,8.100785606236586,8.125545563583927,8.04081568754896,0.05019953792774783,8.135526859440121,8.016669357334465,8.07239823071571,124.20369619708593,123.52354537130817,125.39370337998572,1.6752249999999551,Intel i9-9980HK macOS x86-64,C++20 -O3 -DNDEBUG -march=x86-64 -fno-fast-math -ffp-contract=off -fno-lto,ns/op,8.05129269295863
gcc-O3,vector_scalar,Eigen,throughput,30,0.7088464292871814,0.7027336271000535,0.712934521260398,0.7148487627574264,0.7158379149371452,0.7086033081762128,0.004223085821413506,0.7159691883458914,0.7070057836381713,0.7112791392939757,1410.7431683839122,1402.653726832958,1423.0143111051746,1.6853550000001862,Intel i9-9980HK macOS x86-64,C++20 -O3 -DNDEBUG -march=x86-64 -fno-fast-math -ffp-contract=off -fno-lto,Mops/s,1410.7431683839122
gcc-O3,vector_scalar,GLM,latency,30,6.454699141622932,6.276874837201494,6.488908906769089,6.517487423642799,6.551041163349187,6.410224903129981,0.15675641760924783,6.556113373331597,6.434184724839419,6.464534074503208,154.92588962443455,154.10911668829576,159.3149603552478,1.6778179999999168,Intel i9-9980HK macOS x86-64,C++20 -O3 -DNDEBUG -march=x86-64 -fno-fast-math -ffp-contract=off -fno-lto,ns/op,6.454699141622932
gcc-O3,vector_scalar,GLM,throughput,30,0.7323627666746375,0.7103108196531822,0.7447936130378057,0.745214997660286,0.7469322635700963,0.7292977393277401,0.012280331686474077,0.7475746279729726,0.7220150555822789,0.7368484739462017,1365.4437520507495,1342.6538499827245,1407.8346536033969,1.6829839999998057,Intel i9-9980HK macOS x86-64,C++20 -O3 -DNDEBUG -march=x86-64 -fno-fast-math -ffp-contract=off -fno-lto,Mops/s,1365.4437520507495
gcc-O3,vector_scalar,Raw,latency,30,6.326012593846478,6.240428072066371,6.406087533968744,6.495078546724583,6.662064489967448,6.334881146677682,0.0991358792565721,6.700808063695431,6.309081967115754,6.34200640161616,158.07748289396363,156.10152008797093,160.2454347079298,1.663798999999699,Intel i9-9980HK macOS x86-64,C++20 -O3 -DNDEBUG -march=x86-64 -fno-fast-math -ffp-contract=off -fno-lto,ns/op,6.326012593846478
gcc-O3,vector_scalar,Raw,throughput,30,0.678012923077908,0.6680252532745445,0.68385025602718,0.684998450025419,0.6864692093608864,0.6753021600432824,0.013088815589760858,0.686771499817188,0.675044714874454,0.6815538680307017,1474.8981441639276,1462.308461025668,1496.9583173278336,1.6821999999999946,Intel i9-9980HK macOS x86-64,C++20 -O3 -DNDEBUG -march=x86-64 -fno-fast-math -ffp-contract=off -fno-lto,Mops/s,1474.8981441639276
gcc-O3,vector_scalar,Vectoris,latency,30,6.962323721053373,6.860885420761709,7.070355970424295,7.258842403806103,7.6811314740396845,6.990586185354863,0.18535329719853466,7.790733047712608,6.910171039261938,6.989926988107282,143.63050408722117,141.43559453172486,145.75378419724248,1.679456000000059,Intel i9-9980HK macOS x86-64,C++20 -O3 -DNDEBUG -march=x86-64 -fno-fast-math -ffp-contract=off -fno-lto,ns/op,6.962323721053373
gcc-O3,vector_scalar,Vectoris,throughput,30,0.6865855217354647,0.6779241127427044,0.701216055468006,0.7021542409879586,0.702951748850267,0.686801779828834,0.010402803146840004,0.7030872661291919,0.6826521664004762,0.691489314957402,1456.4827963455964,1426.094030435773,1475.1000939025125,1.7007589999999908,Intel i9-9980HK macOS x86-64,C++20 -O3 -DNDEBUG -march=x86-64 -fno-fast-math -ffp-contract=off -fno-lto,Mops/s,1456.4827963455964
gcc-O3,vector_subtract,Eigen,latency,30,8.392952256750029,8.334513050279117,8.45982907457498,8.527436382480818,8.634258923079534,8.403674528439351,0.07480235270763343,8.666678613973035,8.374049698607585,8.415498246900842,119.14763346707709,118.20591001288993,119.98306927921627,1.660012000000279,Intel i9-9980HK macOS x86-64,C++20 -O3 -DNDEBUG -march=x86-64 -fno-fast-math -ffp-contract=off -fno-lto,ns/op,8.392952256750029
gcc-O3,vector_subtract,Eigen,throughput,30,0.9209351592635073,0.9074515232995294,0.9331671664711203,0.9383072733841715,0.9426536615912726,0.9213713208726979,0.01097945198138097,0.9435841529440429,0.9190326676500364,0.9262271474297133,1085.8528584759347,1071.6202888771156,1101.9879457692803,1.651322999999934,Intel i9-9980HK macOS x86-64,C++20 -O3 -DNDEBUG -march=x86-64 -fno-fast-math -ffp-contract=off -fno-lto,Mops/s,1085.8528584759347
gcc-O3,vector_subtract,GLM,latency,30,7.8069140369865,7.753781718156372,7.857913610098668,7.872373692610769,7.891776022376316,7.807553971609101,0.04038980598332385,7.8963496140516805,7.787915631292966,7.8256129932032525,128.0915873563647,127.26024806902386,128.96932875163648,1.6710310000000277,Intel i9-9980HK macOS x86-64,C++20 -O3 -DNDEBUG -march=x86-64 -fno-fast-math -ffp-contract=off -fno-lto,ns/op,7.8069140369865
gcc-O3,vector_subtract,GLM,throughput,30,0.9853778373812927,0.9732981752728606,1.023010568304448,1.041446063670929,1.0606260553492983,0.9912403493095484,0.02432307466411765,1.0644190578638792,0.9826428118719261,0.9891540027128123,1014.839150604236,977.5111611264331,1027.4347176764306,1.737110000000172,Intel i9-9980HK macOS x86-64,C++20 -O3 -DNDEBUG -march=x86-64 -fno-fast-math -ffp-contract=off -fno-lto,Mops/s,1014.839150604236
gcc-O3,vector_subtract,Raw,latency,30,6.626429899457621,6.572080306313677,6.662391352261623,6.667621743873374,6.98116578904639,6.6214768553623085,0.12265215645449475,7.108684630154972,6.609100461533881,6.638221950760035,150.91082486947113,150.09626114104066,152.1590677674523,1.6457190000000426,Intel i9-9980HK macOS x86-64,C++20 -O3 -DNDEBUG -march=x86-64 -fno-fast-math -ffp-contract=off -fno-lto,ns/op,6.626429899457621
gcc-O3,vector_subtract,Raw,throughput,30,1.0208163747156695,1.0065550997562591,1.0284569299110318,1.0308187564152027,1.0332745719898446,1.014019344419428,0.02335497131231496,1.0339575592352646,1.016985509843384,1.0228387602320033,979.6081476431148,972.3306613407156,993.488524126357,1.6719979999999737,Intel i9-9980HK macOS x86-64,C++20 -O3 -DNDEBUG -march=x86-64 -fno-fast-math -ffp-contract=off -fno-lto,Mops/s,979.6081476431148
gcc-O3,vector_subtract,Vectoris,latency,30,6.7093842854855,6.590554843387222,6.765394706656869,6.78923329180013,6.834015039274116,6.661799518297724,0.18130053078861702,6.852217789704897,6.695849117296773,6.72504095339033,149.04508061189682,147.81123471544893,151.77319854369313,1.6783509999999922,Intel i9-9980HK macOS x86-64,C++20 -O3 -DNDEBUG -march=x86-64 -fno-fast-math -ffp-contract=off -fno-lto,ns/op,6.7093842854855
gcc-O3,vector_subtract,Vectoris,throughput,30,0.9640276068925699,0.9437740982332183,0.9728432497322379,0.9744786800627459,0.9780481797106796,0.9591361359314895,0.018221733860574203,0.9790850037990633,0.9605445922687694,0.9684293404160805,1037.3147313941054,1027.9148432184256,1059.6245456384634,1.853571000000045,Intel i9-9980HK macOS x86-64,C++20 -O3 -DNDEBUG -march=x86-64 -fno-fast-math -ffp-contract=off -fno-lto,Mops/s,1037.3147313941054
gcc-O3,velocity_time,Raw,latency,30,9.668425916551723,9.518819835716508,9.783879614264317,10.259666207877073,10.623470598870645,9.694647599188894,0.2915052949554948,10.625304487809272,9.635103012975904,9.696944408891103,103.42949770761909,102.20910223963321,105.05593629745411,1.6829850000001727,Intel i9-9980HK macOS x86-64,C++20 -O3 -DNDEBUG -march=x86-64 -fno-fast-math -ffp-contract=off -fno-lto,ns/op,9.668425916551723
gcc-O3,velocity_time,Raw,throughput,30,1.1309116088193263,1.1205526358323723,1.1400668629207151,1.1420706670321275,1.144412268945356,1.128698087575107,0.012522418615633813,1.1449885122543366,1.1270332782811092,1.1345457481755077,884.2424522173915,877.1415928444901,892.4180338270855,1.6812139999998976,Intel i9-9980HK macOS x86-64,C++20 -O3 -DNDEBUG -march=x86-64 -fno-fast-math -ffp-contract=off -fno-lto,Mops/s,884.2424522173915
gcc-O3,velocity_time,Vectoris,latency,30,9.670113171968591,9.534777448781485,9.75923899815937,9.790554253700423,10.451851721852783,9.675337850661384,0.22775683591971377,10.715158299246328,9.638609220887208,9.69841750301827,103.41146976103572,102.4670202571949,104.88067320849898,1.681234000000046,Intel i9-9980HK macOS x86-64,C++20 -O3 -DNDEBUG -march=x86-64 -fno-fast-math -ffp-contract=off -fno-lto,ns/op,9.670113171968591
gcc-O3,velocity_time,Vectoris,throughput,30,1.132126922698005,1.1221030358543909,1.1418853580272752,1.1443398330958352,1.146144237385989,1.131125057305159,0.012225226876438594,1.1461511353196054,1.1286541699117878,1.1356424902446003,883.2931896474249,875.7446613783923,891.1844082335191,1.695741999999939,Intel i9-9980HK macOS x86-64,C++20 -O3 -DNDEBUG -march=x86-64 -fno-fast-math -ffp-contract=off -fno-lto,Mops/s,883.2931896474249
